concept_u_id,concept_v_id,concept_u,concept_v,u_type,v_type,semantic_similarity,degree_u,degree_v,degree_min,degree_max,document_frequency_u,document_frequency_v,frequency_min,frequency_max,frequency_balance,recent_frequency_u,recent_frequency_v,recent_frequency_sum,trend_u,trend_v,age_u,age_v,common_neighbors,jaccard,adamic_adar,preferential_attachment,shortest_path,same_component,same_type,material_material_pair,material_mechanism_pair,mechanism_mechanism_pair,tg_history_frequency_u,tg_history_frequency_v,tg_history_frequency_sum,tg_both_concepts_seen,cutoff_year,future_window,future_edge_label,logistic_score,random_forest_score,ml_score,graph_score,hybrid_score,predicted_class,hybrid_rank
C1DF01A6473,C2866DCD56B,PEDOT:PSS,PEDOT,material_entity,material_entity,0.9393004179000854,36,44,36,44,46,55,46,55,0.8363636363636363,30,34,64,6.333333333333333,6.0,10,10,35,0.7777777777777778,15.287736812848085,1584,1,1,1,1,0,0,0,2,2,0,2022,2023-2026,1,0.4737722198809401,0.457640514729903,0.960539979231568,0.928245067497404,0.9750778816199376,1,1
C539540C36B,C96681C9193,nanochannel-confined ion transport,ion channels,transport_mechanism,transport_mechanism,0.7451199293136597,16,12,12,16,4,2,2,4,0.5,3,1,4,0.6666666666666666,0.0,4,3,8,0.4,3.2255841751557215,192,1,1,1,0,0,1,0,1,1,0,2022,2023-2026,1,0.9291522660928924,0.3474170630083813,0.9714434060228452,0.6619314641744548,0.9364485981308412,1,2
C46747A02A1,C872881EC3C,ion-pairing and complexation,gel-confined redox transport,solvation_entropy,gel_microstructure,0.173448234796524,31,19,19,31,16,8,8,16,0.5,8,8,16,1.0,2.6666666666666665,11,2,9,0.2195121951219512,3.1403092938092154,589,1,1,0,0,0,1,4,7,11,1,2022,2023-2026,1,0.9338513287007144,0.3966329953626109,0.97736240913811,0.6415887850467291,0.933956386292835,1,3
C6181968680,CE6FC512ED2,graphene,dynamic crosslinked gel network,material_entity,gel_microstructure,0.2073949128389358,28,26,26,28,19,9,9,19,0.4736842105263157,12,7,19,3.0,1.6666666666666667,10,3,11,0.2558139534883721,3.312105189530183,728,1,1,0,0,1,0,6,2,8,1,2022,2023-2026,0,0.8643905316296338,0.2516560114859075,0.9398753894080996,0.7012980269989615,0.9264797507788164,1,4
C08389FD6C6,C539540C36B,moisture-gradient ion transport,nanochannel-confined ion transport,transport_mechanism,transport_mechanism,0.6501357555389404,33,16,16,33,27,4,4,27,0.1481481481481481,17,3,20,3.6666666666666665,0.6666666666666666,20,4,8,0.1951219512195122,3.1134003247576834,528,1,1,1,0,0,1,4,0,4,0,2022,2023-2026,0,0.8180222194440772,0.2494564107829099,0.9349948078920042,0.7083800623052959,0.9235721703011422,1,5
C84C6A613D4,CE6FC512ED2,cellulose nanofiber scaffold,dynamic crosslinked gel network,gel_microstructure,gel_microstructure,0.4702536463737488,25,26,25,26,17,9,9,17,0.5294117647058824,15,7,22,4.333333333333333,1.6666666666666667,5,3,7,0.1590909090909091,2.1933437043243105,650,1,1,1,0,0,1,3,2,5,1,2022,2023-2026,1,0.9740367914753016,0.296140516869164,0.9607476635514018,0.6334475597092419,0.9219106957424714,1,6
C5E63317596,CE6FC512ED2,hierarchical porous electrode interface,dynamic crosslinked gel network,electrode_interface,gel_microstructure,0.2397240549325943,13,26,13,26,2,9,2,9,0.2222222222222222,2,7,9,0.6666666666666666,1.6666666666666667,0,3,8,0.2580645161290322,3.0837407420685117,338,1,1,0,0,0,1,2,2,4,1,2022,2023-2026,0,0.950083220529992,0.3244197074599976,0.9666666666666668,0.6236967808930425,0.9214953271028038,1,7
C78B8F896F7,CE6FC512ED2,polyacrylamide (PAM),dynamic crosslinked gel network,material_entity,gel_microstructure,0.3901705741882324,9,26,9,26,3,9,3,9,0.3333333333333333,3,7,10,1.0,1.6666666666666667,0,3,7,0.25,2.295312475618906,234,1,1,0,0,1,0,2,2,4,1,2022,2023-2026,1,0.931334573591234,0.4543095943247725,0.984735202492212,0.5915264797507788,0.92128764278297,1,8
C25D09DDC57,C46747A02A1,Fe2+/Fe3+ solvation redox chemistry,ion-pairing and complexation,redox_chemistry,solvation_entropy,0.3792535662651062,17,31,17,31,10,16,10,16,0.625,5,8,13,1.0,1.0,29,11,7,0.1707317073170731,2.3990967471181217,527,1,1,0,0,0,1,19,4,23,1,2022,2023-2026,1,0.9813136898902732,0.3194147442446956,0.9668743509865004,0.6082658359293873,0.9158878504672896,1,9
C7932B1CE8C,CE6FC512ED2,chaotropic polymer-water disruption,dynamic crosslinked gel network,gel_microstructure,gel_microstructure,0.5335185527801514,17,26,17,26,4,9,4,9,0.4444444444444444,2,7,9,0.0,1.6666666666666667,4,3,6,0.1621621621621621,1.8415286885786948,442,1,1,1,0,0,1,5,2,7,1,2022,2023-2026,0,0.9439916165452352,0.4601528464020182,0.9869158878504672,0.5499273104880581,0.9125649013499482,1,10
C275FB7C4B0,CEA29EF1A99,iodide/triiodide redox chemistry,thermal-gradient heat-transfer control,redox_chemistry,device_mechanism,0.0168948471546173,21,16,16,21,18,13,13,18,0.7222222222222222,9,7,16,1.6666666666666667,1.0,12,9,7,0.2333333333333333,2.457605129395706,336,1,1,0,0,0,1,8,8,16,1,2022,2023-2026,0,0.9721801877706472,0.5190447962168796,0.9922118380062306,0.5382242990654206,0.911318795430945,1,11
C2866DCD56B,C621A7A9629,PEDOT,polyurethane (PU),material_entity,material_entity,0.6088621616363525,44,8,8,44,55,5,5,55,0.0909090909090909,34,5,39,6.0,1.6666666666666667,10,2,7,0.1555555555555555,2.330242949724476,352,1,1,1,1,0,0,2,0,2,0,2022,2023-2026,0,0.5296321522699793,0.303251561681152,0.9403946002076842,0.6442990654205607,0.9086188992731048,1,12
C5E63317596,CB25BC3FC14,hierarchical porous electrode interface,double/interpenetrating network,electrode_interface,gel_microstructure,0.3161391615867615,13,10,10,13,2,2,2,2,1.0,2,2,4,0.6666666666666666,0.6666666666666666,0,0,8,0.5333333333333333,2.9563739365953947,130,1,1,0,0,0,1,2,1,3,1,2022,2023-2026,0,0.9895944107719586,0.2858665098246126,0.954932502596054,0.6031152647975078,0.906957424714434,1,13
C2866DCD56B,C872881EC3C,PEDOT,gel-confined redox transport,material_entity,gel_microstructure,0.2859504222869873,44,19,19,44,55,8,8,55,0.1454545454545454,34,8,42,6.0,2.6666666666666665,10,2,9,0.1666666666666666,2.6903665054667996,836,1,1,0,0,1,0,2,7,9,1,2022,2023-2026,1,0.8874257422708061,0.20531215368821,0.9043613707165108,0.6883073727933542,0.8936656282450675,1,14
C275FB7C4B0,CBFAB31D6E6,iodide/triiodide redox chemistry,electrostatic interaction,redox_chemistry,solvation_entropy,0.2178097069263458,21,16,16,21,18,6,6,18,0.3333333333333333,9,3,12,1.6666666666666667,0.6666666666666666,12,7,5,0.15625,1.8482468388345727,336,1,1,0,0,0,1,8,1,9,1,2022,2023-2026,0,0.9274401609974112,0.5729677791034676,0.9947040498442368,0.468307372793354,0.8899273104880582,1,15
CC028ABF9C6,CE6FC512ED2,anti-freezing organohydrogel design,dynamic crosslinked gel network,gel_microstructure,gel_microstructure,0.5259795188903809,37,26,26,37,15,9,9,15,0.6,7,7,14,1.0,1.6666666666666667,15,3,13,0.26,4.92524487032867,962,1,1,1,0,0,1,6,2,8,1,2022,2023-2026,1,0.8610769345911365,0.1775070554208049,0.8701973001038421,0.7985877466251297,0.8886812045690551,1,16
C5E63317596,CC028ABF9C6,hierarchical porous electrode interface,anti-freezing organohydrogel design,electrode_interface,gel_microstructure,0.194715604186058,13,37,13,37,2,15,2,15,0.1333333333333333,2,7,9,0.6666666666666666,1.0,0,15,7,0.1627906976744186,2.785271786336738,481,1,1,0,0,0,1,2,6,8,1,2022,2023-2026,0,0.9004925623416885,0.2577685937015552,0.9456905503634476,0.5569989615784008,0.8882658359293873,1,17
C25D09DDC57,CE4B0E242E7,Fe2+/Fe3+ solvation redox chemistry,interfacial charge transfer,redox_chemistry,electrode_interface,0.1925754845142364,17,35,17,35,10,21,10,21,0.4761904761904761,5,8,13,1.0,1.3333333333333333,29,29,7,0.1555555555555555,2.411037152800122,595,1,1,0,0,0,1,19,6,25,1,2022,2023-2026,1,0.8972165392811887,0.2532647372773854,0.9424714434060228,0.5550571131879543,0.8853582554517134,1,18
CB25BC3FC14,CC028ABF9C6,double/interpenetrating network,anti-freezing organohydrogel design,gel_microstructure,gel_microstructure,0.4043886065483093,10,37,10,37,2,15,2,15,0.1333333333333333,2,7,9,0.6666666666666666,1.0,0,15,7,0.175,2.7408485496847663,370,1,1,1,0,0,1,1,6,7,1,2022,2023-2026,1,0.9071154926303722,0.2317233622088794,0.9271028037383178,0.6065939771547247,0.8847352024922119,1,19
C3DA2C4151E,C84C6A613D4,aqueous electrolyte,cellulose nanofiber scaffold,material_system,gel_microstructure,0.2309776693582534,7,25,7,25,2,17,2,17,0.1176470588235294,1,15,16,0.3333333333333333,4.333333333333333,9,5,6,0.2307692307692307,2.265531952032143,175,1,1,0,0,1,0,5,3,8,1,2022,2023-2026,0,0.8386865421516176,0.2889983555186473,0.9481827622014538,0.5403115264797508,0.8843198338525442,1,21
C46747A02A1,CE6FC512ED2,ion-pairing and complexation,dynamic crosslinked gel network,solvation_entropy,gel_microstructure,0.1649634540081024,31,26,26,31,16,9,9,16,0.5625,8,7,15,1.0,1.6666666666666667,11,3,9,0.1875,3.410543013694899,806,1,1,0,0,0,1,4,2,6,1,2022,2023-2026,1,0.8286165112603561,0.2178786229972479,0.9133956386292834,0.6448701973001038,0.8839044652128765,1,22
C00DD823894,C84C6A613D4,organic redox molecular design,cellulose nanofiber scaffold,redox_chemistry,gel_microstructure,0.1698009669780731,10,25,10,25,8,17,8,17,0.4705882352941176,3,15,18,0.3333333333333333,4.333333333333333,9,5,5,0.1666666666666666,2.096654183757269,250,1,1,0,0,0,1,2,3,5,1,2022,2023-2026,0,0.8986580895567845,0.4143333568718105,0.9791277258566976,0.4791277258566977,0.8836967808930426,1,23
C00DD823894,C275FB7C4B0,organic redox molecular design,iodide/triiodide redox chemistry,redox_chemistry,redox_chemistry,0.5952603220939636,10,21,10,21,8,18,8,18,0.4444444444444444,3,9,12,0.3333333333333333,1.6666666666666667,9,12,4,0.1481481481481481,1.5207522857327769,210,1,1,1,0,0,1,2,8,10,1,2022,2023-2026,0,0.9263125748199856,0.5405365877390012,0.9908618899273104,0.4580581516095534,0.8834890965732087,1,24
C78D65254F9,CB314592CFB,phase transition,precipitation and species redistribution,phase_or_species_transition,phase_or_species_transition,0.784670352935791,51,11,11,51,48,5,5,48,0.1041666666666666,17,3,20,1.3333333333333333,1.0,19,6,5,0.087719298245614,2.0716902611647687,561,1,1,1,0,0,1,5,0,5,0,2022,2023-2026,1,0.3896321052547914,0.3272480360349301,0.9373831775700936,0.5609657320872273,0.8822429906542055,1,25
C08389FD6C6,C37031A3390,moisture-gradient ion transport,cellulose,transport_mechanism,material_entity,0.1436583399772644,33,22,22,33,27,12,12,27,0.4444444444444444,17,10,27,3.6666666666666665,2.6666666666666665,20,5,10,0.2222222222222222,3.596955373152233,726,1,1,0,0,1,0,4,1,5,1,2022,2023-2026,1,0.6243449899247636,0.1983998028852723,0.8838006230529596,0.6821079958463135,0.8755970924195223,1,26
C3002C089A5,CC5968B917E,ionic thermodiffusion (Soret effect),convection and mass transport,transport_mechanism,transport_mechanism,0.3277872204780578,46,11,11,46,42,8,8,42,0.1904761904761904,26,2,28,5.666666666666667,0.3333333333333333,23,23,6,0.1176470588235294,2.2548455210090523,506,1,1,1,0,0,1,15,11,26,1,2022,2023-2026,0,0.9764900437374054,0.2181613752370994,0.92263759086189,0.5793561786085151,0.8755970924195222,1,27
C6181968680,C84C6A613D4,graphene,cellulose nanofiber scaffold,material_entity,gel_microstructure,0.1992574483156204,28,25,25,28,19,17,17,19,0.8947368421052632,12,15,27,3.0,4.333333333333333,10,5,9,0.2045454545454545,2.5610575194491707,700,1,1,0,0,1,0,6,3,9,1,2022,2023-2026,1,0.8915297676540136,0.1949755141705566,0.8961578400830736,0.646718587746625,0.8751817237798546,1,28
C6181968680,CDF78985483,graphene,nanocomposite,material_entity,material_system,0.3817625641822815,28,21,21,28,19,13,13,19,0.6842105263157895,12,7,19,3.0,0.3333333333333333,10,5,9,0.225,3.00017294243898,588,1,1,0,1,0,0,6,1,7,1,2022,2023-2026,0,0.7388901287707661,0.1855957124220648,0.8769470404984424,0.7045067497403945,0.8743509865005192,1,29
C08389FD6C6,C188B56F6F1,moisture-gradient ion transport,ion-selectivity membrane transport,transport_mechanism,transport_mechanism,0.6888046860694885,33,42,33,42,27,23,23,27,0.8518518518518519,17,11,28,3.6666666666666665,2.0,20,23,16,0.2711864406779661,6.272163452226464,1386,1,1,1,0,0,1,4,9,13,1,2022,2023-2026,1,0.8405065112411396,0.1577651924808452,0.8362409138110073,0.8646832814122534,0.8737279335410176,1,30
CBFAB31D6E6,CC028ABF9C6,electrostatic interaction,anti-freezing organohydrogel design,solvation_entropy,gel_microstructure,0.1755702495574951,16,37,16,37,6,15,6,15,0.4,3,7,10,0.6666666666666666,1.0,7,15,7,0.1521739130434782,2.590251951506251,592,1,1,0,0,0,1,1,6,7,1,2022,2023-2026,0,0.8221562512242183,0.2475881390839165,0.9343717549325026,0.5444859813084112,0.8735202492211839,1,31
C3002C089A5,CEA29EF1A99,ionic thermodiffusion (Soret effect),thermal-gradient heat-transfer control,transport_mechanism,device_mechanism,0.3174004256725311,46,16,16,46,42,13,13,42,0.3095238095238095,26,7,33,5.666666666666667,1.0,23,9,4,0.0689655172413793,1.2731551386780593,736,1,1,0,0,0,1,15,8,23,1,2022,2023-2026,0,0.9876459198544298,0.3574691059633151,0.9763239875389408,0.4581931464174454,0.8728971962616823,1,32
C188B56F6F1,CE6FC512ED2,ion-selectivity membrane transport,dynamic crosslinked gel network,transport_mechanism,gel_microstructure,0.0943566262722015,42,26,26,42,23,9,9,23,0.391304347826087,11,7,18,2.0,1.6666666666666667,23,3,13,0.2363636363636363,4.858072863957723,1092,1,1,0,0,0,1,9,2,11,1,2022,2023-2026,0,0.7934521636343752,0.1810382265203441,0.8731048805815161,0.708006230529595,0.8726895119418484,1,33
C3002C089A5,C9642D16DCA,ionic thermodiffusion (Soret effect),graphene oxide,transport_mechanism,material_entity,0.1109283044934272,46,18,18,46,42,9,9,42,0.2142857142857142,26,5,31,5.666666666666667,1.0,23,10,8,0.1428571428571428,2.3598916597953012,828,1,1,0,0,1,0,15,4,19,1,2022,2023-2026,1,0.9080371201795776,0.2208614712907158,0.9206645898234684,0.5785877466251297,0.8724818276220145,1,34
C3970EB273E,CA8C62A4868,gelatin,redox reaction entropy,material_entity,solvation_entropy,0.0810289531946182,21,19,19,21,7,7,7,7,1.0,7,4,11,2.3333333333333335,0.6666666666666666,2,8,6,0.1764705882352941,1.82617448645454,399,1,1,0,0,1,0,4,11,15,1,2022,2023-2026,0,0.9799649753485512,0.340796048821756,0.97331256490135,0.4597819314641744,0.8718587746625129,1,35
C8AD5B453CC,CC5968B917E,ion diffusion,convection and mass transport,transport_mechanism,transport_mechanism,0.5085238218307495,42,11,11,42,19,8,8,19,0.4210526315789473,12,2,14,3.0,0.3333333333333333,23,23,7,0.1521739130434782,2.6340514668758495,462,1,1,1,0,0,1,2,11,13,1,2022,2023-2026,0,0.7827356413103684,0.2062317679197527,0.9004153686396678,0.6210176531671858,0.8701973001038422,1,36
C872881EC3C,CA8C62A4868,gel-confined redox transport,redox reaction entropy,gel_microstructure,solvation_entropy,0.3110070824623108,19,19,19,19,8,7,7,8,0.875,8,4,12,2.6666666666666665,0.6666666666666666,2,8,4,0.1176470588235294,1.2008645728834972,361,1,1,0,0,0,1,7,11,18,1,2022,2023-2026,1,0.9970508188665496,0.6003961363251451,0.9998961578400832,0.4108307372793353,0.8699896157840084,1,37
CAEB010ACF4,CB25BC3FC14,polyethylene glycol (PEG),double/interpenetrating network,material_entity,gel_microstructure,0.2434688508510589,20,10,10,20,7,2,2,7,0.2857142857142857,3,2,5,0.3333333333333333,0.6666666666666666,8,0,7,0.3043478260869565,2.6839782423982896,200,1,1,0,0,1,0,0,1,1,0,2022,2023-2026,0,0.5993668458153094,0.2462538317747913,0.922429906542056,0.5627933541017653,0.8693665628245068,1,38
C78D65254F9,CA8C62A4868,phase transition,redox reaction entropy,phase_or_species_transition,solvation_entropy,0.2062896490097046,51,19,19,51,48,7,7,48,0.1458333333333333,17,4,21,1.3333333333333333,0.6666666666666666,19,8,5,0.0769230769230769,1.6803018443515785,969,1,1,0,0,0,1,5,11,16,1,2022,2023-2026,1,0.6284187040820076,0.3845638403028608,0.9598130841121496,0.4717549325025961,0.867705088265836,1,39
C3002C089A5,CE6FC512ED2,ionic thermodiffusion (Soret effect),dynamic crosslinked gel network,transport_mechanism,gel_microstructure,0.2182664424180984,46,26,26,46,42,9,9,42,0.2142857142857142,26,7,33,5.666666666666667,1.6666666666666667,23,3,10,0.1612903225806451,3.738071545780349,1196,1,1,0,0,0,1,15,2,17,1,2022,2023-2026,1,0.9704873715714336,0.1665809512526705,0.8564901349948079,0.7138940809968848,0.8604361370716511,1,41
C2866DCD56B,C3F66DD37CA,PEDOT,H2O,material_entity,material_entity,0.3368484377861023,44,11,11,44,55,4,4,55,0.0727272727272727,34,2,36,6.0,0.6666666666666666,10,8,5,0.1,1.8474634566628576,484,1,1,1,1,0,0,2,2,4,1,2022,2023-2026,0,0.4629745658481387,0.2794421116238506,0.92398753894081,0.5303219106957424,0.8583592938733126,1,42
C6181968680,C7932B1CE8C,graphene,chaotropic polymer-water disruption,material_entity,gel_microstructure,0.1059188544750213,28,17,17,28,19,4,4,19,0.2105263157894736,12,2,14,3.0,0.0,10,4,5,0.125,1.5248392833597442,476,1,1,0,0,1,0,6,5,11,1,2022,2023-2026,0,0.889381827768724,0.4005811272058291,0.9764278296988578,0.4065316718587746,0.8544132917964694,1,44
C2866DCD56B,CDDD624085F,PEDOT,deep-eutectic eutogel electrolyte,material_entity,material_system,0.3502462208271026,44,11,11,44,55,4,4,55,0.0727272727272727,34,1,35,6.0,0.0,10,7,8,0.1702127659574468,2.6545009052907886,484,1,1,0,1,0,0,2,0,2,0,2022,2023-2026,0,0.3863697292542543,0.1914081209895836,0.8623052959501557,0.6653997923156801,0.8525441329179646,1,45
C3970EB273E,C9910E60ABA,gelatin,carbon nanotube,material_entity,material_entity,0.3244827091693878,21,28,21,28,7,33,7,33,0.2121212121212121,7,20,27,2.3333333333333335,4.666666666666667,2,13,6,0.1395348837209302,2.3382350099676934,588,1,1,1,1,0,0,4,11,15,1,2022,2023-2026,0,0.6341029662243931,0.204424975573749,0.8898234683281413,0.5973416407061267,0.8523364485981308,1,46
C08389FD6C6,C9642D16DCA,moisture-gradient ion transport,graphene oxide,transport_mechanism,material_entity,0.0532318167388439,33,18,18,33,27,9,9,27,0.3333333333333333,17,5,22,3.6666666666666665,1.0,20,10,8,0.1860465116279069,2.335081248856851,594,1,1,0,0,1,0,4,4,8,1,2022,2023-2026,0,0.6053884691874172,0.2115090863594298,0.8944963655244029,0.5667497403946001,0.85067497403946,1,47
C2866DCD56B,C7802AE4324,PEDOT,deep eutectic solvent,material_entity,material_system,0.3269493877887726,44,11,11,44,55,4,4,55,0.0727272727272727,34,1,35,6.0,0.0,10,7,8,0.1702127659574468,2.6545009052907886,484,1,1,0,1,0,0,2,0,2,0,2022,2023-2026,0,0.3786733731544726,0.1900828368986745,0.8607476635514019,0.6627829698857736,0.8500519210799585,1,48
CBFAB31D6E6,CEA29EF1A99,electrostatic interaction,thermal-gradient heat-transfer control,solvation_entropy,device_mechanism,0.0281407237052917,16,16,16,16,6,13,6,13,0.4615384615384615,3,7,10,0.6666666666666666,1.0,7,9,4,0.1428571428571428,1.603729634755778,256,1,1,0,0,0,1,1,8,9,1,2022,2023-2026,0,0.893202432383015,0.5589016573385933,0.9907580477673936,0.3603115264797507,0.8498442367601247,1,49
C275FB7C4B0,CDF78985483,iodide/triiodide redox chemistry,nanocomposite,redox_chemistry,material_system,0.0422836877405643,21,21,21,21,18,13,13,18,0.7222222222222222,9,7,16,1.6666666666666667,0.3333333333333333,12,5,6,0.1666666666666666,2.1773512435933915,441,1,1,0,0,1,0,8,1,9,1,2022,2023-2026,0,0.8257901320070719,0.2306072519996929,0.9215991692627206,0.4946417445482866,0.8456905503634476,1,51
C46747A02A1,C78B8F896F7,ion-pairing and complexation,polyacrylamide (PAM),solvation_entropy,material_entity,0.1518292129039764,31,9,9,31,16,3,3,16,0.1875,8,3,11,1.0,1.0,11,0,5,0.1428571428571428,2.002081389198203,279,1,1,0,0,1,0,4,2,6,1,2022,2023-2026,1,0.7362433413730329,0.2920299181880861,0.945067497403946,0.4399688473520249,0.8452751817237799,1,52
C539540C36B,C84C6A613D4,nanochannel-confined ion transport,cellulose nanofiber scaffold,transport_mechanism,gel_microstructure,0.1793832927942276,16,25,16,25,4,17,4,17,0.2352941176470588,3,15,18,0.6666666666666666,4.333333333333333,4,5,6,0.1714285714285714,2.418756534179653,400,1,1,0,0,0,1,0,3,3,0,2022,2023-2026,0,0.7548816616632528,0.2019361908701334,0.8946002076843198,0.5431775700934579,0.8425752855659397,1,54
C8AD5B453CC,CE6FC512ED2,ion diffusion,dynamic crosslinked gel network,transport_mechanism,gel_microstructure,0.1230416148900985,42,26,26,42,19,9,9,19,0.4736842105263157,12,7,19,3.0,1.6666666666666667,23,3,9,0.1525423728813559,2.8481035416996514,1092,1,1,0,0,0,1,2,2,4,1,2022,2023-2026,0,0.6488465992342152,0.1838275554089788,0.8711318795430945,0.6152855659397716,0.8415368639667704,0,55
C08389FD6C6,C84C6A613D4,moisture-gradient ion transport,cellulose nanofiber scaffold,transport_mechanism,gel_microstructure,0.1214945763349533,33,25,25,33,27,17,17,27,0.6296296296296297,17,15,32,3.6666666666666665,4.333333333333333,20,5,10,0.2083333333333333,3.609803359021099,825,1,1,0,0,0,1,4,3,7,1,2022,2023-2026,1,0.8600617247359948,0.1606678895680483,0.8400830737279336,0.6853063343717549,0.8411214953271028,0,56
C2378F90E64,C6C09287FDB,anharmonic phonon transport,high-entropy redox/ion coupling,solid_state_mechanism,solvation_entropy,0.2587409019470215,29,7,7,29,29,4,4,29,0.1379310344827586,16,4,20,2.6666666666666665,1.3333333333333333,9,2,4,0.125,1.3239829346412966,203,1,1,0,0,0,1,0,2,2,0,2022,2023-2026,0,0.8208572849176621,0.302713107035574,0.9538940809968848,0.4052959501557631,0.8400830737279334,0,57
C188B56F6F1,C275FB7C4B0,ion-selectivity membrane transport,iodide/triiodide redox chemistry,transport_mechanism,redox_chemistry,0.2424048036336898,42,21,21,42,23,18,18,23,0.782608695652174,11,9,20,2.0,1.6666666666666667,23,12,6,0.1052631578947368,2.4145030065821755,882,1,1,0,0,0,1,9,8,17,1,2022,2023-2026,0,0.8827860732692789,0.183148002249247,0.8814122533748702,0.5657009345794392,0.8398753894080997,0,58
C275FB7C4B0,C37031A3390,iodide/triiodide redox chemistry,cellulose,redox_chemistry,material_entity,0.0595256239175796,21,22,21,22,18,12,12,18,0.6666666666666666,9,10,19,1.6666666666666667,2.6666666666666665,12,5,6,0.1621621621621621,2.8500771091490877,462,1,1,0,0,1,0,8,1,9,1,2022,2023-2026,0,0.826813203596629,0.1974668134351632,0.8936656282450675,0.540301142263759,0.8388369678089305,0,59
C1DF01A6473,C872881EC3C,PEDOT:PSS,gel-confined redox transport,material_entity,gel_microstructure,0.2790831923484802,36,19,19,36,46,8,8,46,0.1739130434782608,30,8,38,6.333333333333333,2.6666666666666665,10,2,8,0.1702127659574468,2.3609105816834965,684,1,1,0,0,1,0,0,7,7,0,2022,2023-2026,1,0.858544421979629,0.1678924934002053,0.854932502596054,0.6515160955347871,0.8388369678089304,0,60
CAEB010ACF4,CE6FC512ED2,polyethylene glycol (PEG),dynamic crosslinked gel network,material_entity,gel_microstructure,0.3593156933784485,20,26,20,26,7,9,7,9,0.7777777777777778,3,7,10,0.3333333333333333,1.6666666666666667,8,3,12,0.3529411764705882,4.636036069468076,520,1,1,0,0,1,0,0,2,2,0,2022,2023-2026,0,0.6719312594336463,0.1507001778433822,0.8191069574247145,0.7489096573208723,0.8380062305295951,0,61
C3970EB273E,C78B8F896F7,gelatin,polyacrylamide (PAM),material_entity,material_entity,0.5049944519996643,21,9,9,21,7,3,3,7,0.4285714285714285,7,3,10,2.3333333333333335,1.0,2,0,3,0.1111111111111111,1.080845430228495,189,1,1,1,1,0,0,4,2,6,1,2022,2023-2026,0,0.8829860669819289,0.3366464627058825,0.9665628245067498,0.3713084112149533,0.8377985462097612,0,62
C78D65254F9,CE6FC512ED2,phase transition,dynamic crosslinked gel network,phase_or_species_transition,gel_microstructure,0.1206558123230934,51,26,26,51,48,9,9,48,0.1875,17,7,24,1.3333333333333333,1.6666666666666667,19,3,7,0.1,2.1645319653943846,1326,1,1,0,0,0,1,5,2,7,1,2022,2023-2026,0,0.2895676581633196,0.2363529219935039,0.8936656282450675,0.5369262720664589,0.8373831775700935,0,63
C78D65254F9,CBFAB31D6E6,phase transition,electrostatic interaction,phase_or_species_transition,solvation_entropy,0.2095927000045776,51,16,16,51,48,6,6,48,0.125,17,3,20,1.3333333333333333,0.6666666666666666,19,7,5,0.0806451612903225,1.3401376559500775,816,1,1,0,0,0,1,5,1,6,1,2022,2023-2026,0,0.3246679447155097,0.3484122081161998,0.9369678089304256,0.4387227414330217,0.8373831775700935,0,64
C188B56F6F1,C84C6A613D4,ion-selectivity membrane transport,cellulose nanofiber scaffold,transport_mechanism,gel_microstructure,0.0133821154013276,42,25,25,42,23,17,17,23,0.7391304347826086,11,15,26,2.0,4.333333333333333,23,5,13,0.2407407407407407,4.769319701340599,1050,1,1,0,0,0,1,9,3,12,1,2022,2023-2026,1,0.814634942133487,0.150502770073709,0.8244029075804777,0.7159293873312566,0.8363447559709243,0,66
C3002C089A5,C7B823B5BB0,ionic thermodiffusion (Soret effect),poly(vinyl alcohol) (PVA),transport_mechanism,material_entity,0.1631841659545898,46,22,22,46,42,11,11,42,0.2619047619047619,26,6,32,5.666666666666667,1.3333333333333333,23,8,10,0.1724137931034483,3.965913099981611,1012,1,1,0,0,1,0,15,2,17,1,2022,2023-2026,1,0.8979310983224766,0.1530288730303094,0.832294911734164,0.6978296988577363,0.8361370716510903,0,67
C188B56F6F1,CEA29EF1A99,ion-selectivity membrane transport,thermal-gradient heat-transfer control,transport_mechanism,device_mechanism,0.167332261800766,42,16,16,42,23,13,13,23,0.5652173913043478,11,7,18,2.0,1.0,23,9,3,0.0545454545454545,1.0906234997787672,672,1,1,0,0,0,1,9,8,17,1,2022,2023-2026,0,0.8953632566099933,0.4178986766230045,0.9797507788161994,0.3411838006230528,0.8361370716510903,0,68
C2866DCD56B,CBFAB31D6E6,PEDOT,electrostatic interaction,material_entity,solvation_entropy,0.2764385342597961,44,16,16,44,55,6,6,55,0.109090909090909,34,3,37,6.0,0.6666666666666666,10,7,4,0.0714285714285714,1.3464423268098455,704,1,1,0,0,1,0,2,1,3,1,2022,2023-2026,1,0.6919449542927559,0.2453369814259171,0.9250259605399792,0.4546209761163031,0.8348909657320873,0,69
C08389FD6C6,C96681C9193,moisture-gradient ion transport,ion channels,transport_mechanism,transport_mechanism,0.6929123401641846,33,12,12,33,27,2,2,27,0.074074074074074,17,1,18,3.6666666666666665,0.0,20,3,6,0.1538461538461538,1.7120376366818153,396,1,1,1,0,0,1,4,1,5,1,2022,2023-2026,0,0.9104131534818768,0.1777618423249873,0.8740394600207684,0.5676635514018691,0.8334371754932502,0,70
C7802AE4324,CDDD624085F,deep eutectic solvent,deep-eutectic eutogel electrolyte,material_system,material_system,0.6896960735321045,11,11,11,11,4,4,4,4,1.0,1,1,2,0.0,0.0,7,7,10,0.8333333333333334,3.237573385315461,121,1,1,1,1,0,0,0,0,0,0,2022,2023-2026,1,0.5682946194536803,0.1667259587137628,0.8368639667705088,0.6621391484942887,0.8328141225337486,0,71
C10C4FF4B6C,C6181968680,hydrogen bonding,graphene,solvation_entropy,material_entity,0.157698780298233,18,28,18,28,8,19,8,19,0.4210526315789473,3,12,15,0.3333333333333333,3.0,18,10,5,0.1219512195121951,1.5318191509633117,504,1,1,0,0,1,0,5,6,11,1,2022,2023-2026,0,0.5663807239046155,0.2862358394313552,0.933852544132918,0.4262097611630321,0.8307372793354103,0,72
C00DD823894,C65E336E20C,organic redox molecular design,TEMPO,redox_chemistry,material_entity,0.535311222076416,10,6,6,10,8,2,2,8,0.25,3,2,5,0.3333333333333333,0.6666666666666666,9,0,5,0.4545454545454545,1.8492110244858275,60,1,1,0,0,1,0,2,0,2,0,2022,2023-2026,1,0.7926312905322549,0.1999953042130925,0.8944963655244029,0.504257528556594,0.8288681204569055,0,75
C3002C089A5,CE4B0E242E7,ionic thermodiffusion (Soret effect),interfacial charge transfer,transport_mechanism,electrode_interface,0.1989295780658722,46,35,35,46,42,21,21,42,0.5,26,8,34,5.666666666666667,1.3333333333333333,23,29,6,0.08,1.734190230692512,1610,1,1,0,0,0,1,15,6,21,1,2022,2023-2026,1,0.7821368848931192,0.1933105561029381,0.8872274143302181,0.5275908618899272,0.8280373831775701,0,76
C77E2C49599,C84C6A613D4,bacterial cellulose,cellulose nanofiber scaffold,material_entity,gel_microstructure,0.5479833483695984,6,25,6,25,3,17,3,17,0.1764705882352941,3,15,18,1.0,4.333333333333333,0,5,5,0.1923076923076923,2.5173664644499714,150,1,1,0,0,1,0,0,3,3,0,2022,2023-2026,1,0.849226028263828,0.1748852252026903,0.8666666666666666,0.5737071651090342,0.8278296988577363,0,77
C5E63317596,CAEB010ACF4,hierarchical porous electrode interface,polyethylene glycol (PEG),electrode_interface,material_entity,0.1460233330726623,13,20,13,20,2,7,2,7,0.2857142857142857,2,3,5,0.6666666666666666,0.3333333333333333,0,8,7,0.2692307692307692,2.7284014790502615,260,1,1,0,0,1,0,2,0,2,0,2022,2023-2026,0,0.6463204426653517,0.191899024192778,0.8785046728971962,0.5368120456905503,0.8234683281412253,0,80
C275FB7C4B0,CCFD9A81EEE,iodide/triiodide redox chemistry,solid electrolyte,redox_chemistry,material_system,0.2095546275377273,21,11,11,21,18,8,8,18,0.4444444444444444,9,3,12,1.6666666666666667,0.6666666666666666,12,25,3,0.1034482758620689,1.270160320926264,231,1,1,0,0,1,0,8,1,9,1,2022,2023-2026,0,0.542204245845816,0.453712215566026,0.963343717549325,0.3369055036344755,0.8230529595015577,0,81
C78D65254F9,CC5968B917E,phase transition,convection and mass transport,phase_or_species_transition,transport_mechanism,0.2148225903511047,51,11,11,51,48,8,8,48,0.1666666666666666,17,2,19,1.3333333333333333,0.3333333333333333,19,23,4,0.0689655172413793,1.5773058829045128,561,1,1,0,0,0,1,5,11,16,1,2022,2023-2026,0,0.4395143075193229,0.2893513044343302,0.9275181723779854,0.4183385254413291,0.8228452751817238,0,82
C188B56F6F1,C37031A3390,ion-selectivity membrane transport,cellulose,transport_mechanism,material_entity,0.0976446121931076,42,22,22,42,23,12,12,23,0.5217391304347826,11,10,21,2.0,2.6666666666666665,23,5,13,0.2549019607843137,4.756471715471733,924,1,1,0,0,1,0,9,1,10,1,2022,2023-2026,0,0.5582512447609304,0.1441261687076688,0.8079958463136033,0.7150259605399791,0.8228452751817238,0,83
C06F57A9BCA,CC028ABF9C6,polymer electrolyte,anti-freezing organohydrogel design,material_system,gel_microstructure,0.218975692987442,13,37,13,37,9,15,9,15,0.6,4,7,11,0.6666666666666666,1.0,19,15,5,0.1111111111111111,1.7214190374655551,481,1,1,0,0,1,0,2,6,8,1,2022,2023-2026,0,0.5780177627221214,0.2392350508312034,0.9137071651090344,0.4490031152647975,0.8213914849428868,0,84
C696BC0A1E1,C9642D16DCA,carbon electrode,graphene oxide,electrode_interface,material_entity,0.4446695744991302,10,18,10,18,3,9,3,9,0.3333333333333333,0,5,5,-0.3333333333333333,1.0,9,10,3,0.12,1.0184316125047443,180,1,1,0,0,1,0,1,4,5,1,2022,2023-2026,0,0.6733605379699467,0.330557457345082,0.9548286604361372,0.3456905503634475,0.821183800623053,0,85
C08389FD6C6,C621A7A9629,moisture-gradient ion transport,polyurethane (PU),transport_mechanism,material_entity,0.1246134117245674,33,8,8,33,27,5,5,27,0.1851851851851851,17,5,22,3.6666666666666665,1.6666666666666667,20,2,5,0.1388888888888889,1.698775499342468,264,1,1,0,0,1,0,4,0,4,0,2022,2023-2026,0,0.5967086396139302,0.2432206028789526,0.9175493250259604,0.4347248182762201,0.8209761163032192,0,86
C3DA2C4151E,C539540C36B,aqueous electrolyte,nanochannel-confined ion transport,material_system,transport_mechanism,0.2443941533565521,7,16,7,16,2,4,2,4,0.5,1,3,4,0.3333333333333333,0.6666666666666666,9,4,6,0.3529411764705882,2.215525659089708,112,1,1,0,0,1,0,5,0,5,0,2022,2023-2026,0,0.8412801890175695,0.1836218018432559,0.880269989615784,0.5094704049844236,0.8186915887850468,0,88
C188B56F6F1,C539540C36B,ion-selectivity membrane transport,nanochannel-confined ion transport,transport_mechanism,transport_mechanism,0.6920440196990967,42,16,16,42,23,4,4,23,0.1739130434782608,11,3,14,2.0,0.6666666666666666,23,4,15,0.3488372093023256,7.459938728508194,672,1,1,1,0,0,1,9,0,9,0,2022,2023-2026,1,0.839369015985174,0.1203600473098409,0.7838006230529595,0.822731048805815,0.8186915887850467,0,89
C872881EC3C,CB314592CFB,gel-confined redox transport,precipitation and species redistribution,gel_microstructure,phase_or_species_transition,0.1139322519302368,19,11,11,19,8,5,5,8,0.625,8,3,11,2.6666666666666665,1.0,2,6,2,0.0714285714285714,1.1645740047708797,209,1,1,0,0,0,1,7,0,7,0,2022,2023-2026,1,0.9725916913792872,0.5508997965954452,0.994184839044652,0.2567289719626168,0.8176531671858774,0,90
C188B56F6F1,C96681C9193,ion-selectivity membrane transport,ion channels,transport_mechanism,transport_mechanism,0.8086344003677368,42,12,12,42,23,2,2,23,0.0869565217391304,11,1,12,2.0,0.0,23,3,10,0.2272727272727272,3.8620242321709775,504,1,1,1,0,0,1,9,1,10,1,2022,2023-2026,0,0.9130931613796864,0.1220168068119432,0.7919003115264798,0.7436656282450675,0.8153686396677051,0,91
C78B8F896F7,CB25BC3FC14,polyacrylamide (PAM),double/interpenetrating network,material_entity,gel_microstructure,0.2587351202964782,9,10,9,10,3,2,2,3,0.6666666666666666,3,2,5,1.0,0.6666666666666666,0,0,3,0.1875,0.90293280160224,90,1,1,0,0,1,0,2,1,3,1,2022,2023-2026,1,0.9489544051372588,0.2930131231203903,0.9572170301142264,0.3179646936656282,0.8130841121495327,0,92
C5B8C057FAD,CEA29EF1A99,metal oxide,thermal-gradient heat-transfer control,material_system,device_mechanism,0.0298880506306886,13,16,13,16,9,13,9,13,0.6923076923076923,4,7,11,1.0,1.0,21,9,3,0.1153846153846153,1.4085515361209875,208,1,1,0,0,1,0,2,8,10,1,2022,2023-2026,0,0.7166775867406846,0.3811276340441318,0.963447559709242,0.3030218068535826,0.8122533748701973,0,93
C3970EB273E,C78D65254F9,gelatin,phase transition,material_entity,phase_or_species_transition,0.2483556419610977,21,51,21,51,7,48,7,48,0.1458333333333333,7,17,24,2.3333333333333335,1.3333333333333333,2,19,7,0.1076923076923077,2.294255822064863,1071,1,1,0,0,1,0,4,5,9,1,2022,2023-2026,1,0.5064115590564567,0.1698786610821437,0.840809968847352,0.5880789200415368,0.8120456905503635,0,94
C1DF01A6473,C7B823B5BB0,PEDOT:PSS,poly(vinyl alcohol) (PVA),material_entity,material_entity,0.6062945127487183,36,22,22,36,46,11,11,46,0.2391304347826087,30,6,36,6.333333333333333,1.3333333333333333,10,8,11,0.2340425531914893,3.750282919363426,792,1,1,1,1,0,0,0,2,2,0,2022,2023-2026,1,0.4028319785673706,0.1315684655036599,0.7811007268951194,0.8001038421599169,0.8112149532710281,0,95
CAEB010ACF4,CC028ABF9C6,polyethylene glycol (PEG),anti-freezing organohydrogel design,material_entity,gel_microstructure,0.3131650686264038,20,37,20,37,7,15,7,15,0.4666666666666667,3,7,10,0.3333333333333333,1.0,8,15,18,0.4615384615384615,7.0126058677907155,740,1,1,0,0,1,0,0,6,6,0,2022,2023-2026,1,0.4781539466695116,0.1290757231281178,0.7825545171339564,0.7878504672897196,0.8105919003115265,0,96
CB56BB4DDB0,CDF78985483,carbon-electrode redox interface,nanocomposite,electrode_interface,material_system,0.1187748834490776,13,21,13,21,5,13,5,13,0.3846153846153846,1,7,8,-0.3333333333333333,0.3333333333333333,9,5,4,0.1333333333333333,1.3804739951652716,273,1,1,0,0,1,0,7,1,8,1,2022,2023-2026,0,0.746761835453097,0.2812951231830402,0.941017653167186,0.3435202492211838,0.8103842159916927,0,97
C37031A3390,C78B8F896F7,cellulose,polyacrylamide (PAM),material_entity,material_entity,0.4582434296607971,22,9,9,22,12,3,3,12,0.25,10,3,13,2.6666666666666665,1.0,5,0,4,0.1481481481481481,1.1763482063489572,198,1,1,1,1,0,0,1,2,3,1,2022,2023-2026,1,0.7404328198794834,0.2176509544003443,0.9078920041536864,0.4266458982346832,0.8095534787123573,0,98
C08389FD6C6,C78D65254F9,moisture-gradient ion transport,phase transition,transport_mechanism,phase_or_species_transition,0.1561603099107742,33,51,33,51,27,48,27,48,0.5625,17,17,34,3.6666666666666665,1.3333333333333333,20,19,3,0.037037037037037,0.8177346342609516,1683,1,1,0,0,0,1,4,5,9,1,2022,2023-2026,1,0.3431625309944368,0.3179669667670197,0.9286604361370716,0.3660955347871235,0.8093457943925233,0,99
C438FE53FF1,CC5968B917E,lithium chloride (LiCl),convection and mass transport,material_entity,transport_mechanism,0.0610382929444313,6,11,6,11,4,8,4,8,0.5,2,2,4,0.3333333333333333,0.3333333333333333,23,23,4,0.3076923076923077,1.2639687680903082,66,1,1,0,0,1,0,2,11,13,1,2022,2023-2026,0,0.5891938567243437,0.319750267169071,0.9471443406022846,0.3278193146417445,0.8091381100726897,0,100
C1DF01A6473,C3F66DD37CA,PEDOT:PSS,H2O,material_entity,material_entity,0.3124342858791351,36,11,11,36,46,4,4,46,0.0869565217391304,30,2,32,6.333333333333333,0.6666666666666666,10,8,5,0.119047619047619,1.832665513323679,396,1,1,1,1,0,0,0,2,2,0,2022,2023-2026,0,0.3851690425633811,0.1933756883511454,0.8659397715472481,0.5236552440290758,0.8085150571131879,0,101
C188B56F6F1,CB25BC3FC14,ion-selectivity membrane transport,double/interpenetrating network,transport_mechanism,gel_microstructure,0.1780344545841217,42,10,10,42,23,2,2,23,0.0869565217391304,11,2,13,2.0,0.6666666666666666,23,0,8,0.1818181818181818,3.2053596699879887,420,1,1,0,0,0,1,9,1,10,1,2022,2023-2026,0,0.8863103485165811,0.1564126366433267,0.8360332294911734,0.5988265835929387,0.8083073727933541,0,102
C7B823B5BB0,C9910E60ABA,poly(vinyl alcohol) (PVA),carbon nanotube,material_entity,material_entity,0.4689512550830841,22,28,22,28,11,33,11,33,0.3333333333333333,6,20,26,1.3333333333333333,4.666666666666667,8,13,6,0.1363636363636363,2.444235683549519,616,1,1,1,1,0,0,2,11,13,1,2022,2023-2026,1,0.383627681907452,0.1645353041785647,0.8226375908618899,0.6241848390446522,0.8078920041536863,0,103
C38C7EC2077,CC028ABF9C6,ethylene glycol,anti-freezing organohydrogel design,material_entity,gel_microstructure,0.2193963825702667,22,37,22,37,12,15,12,15,0.8,4,7,11,0.6666666666666666,1.0,20,15,19,0.475,7.140793240287472,814,1,1,0,0,1,0,0,6,6,0,2022,2023-2026,1,0.3372613438162297,0.1383436162512828,0.7833852544132919,0.767601246105919,0.8076843198338526,0,104
C00DD823894,C77E2C49599,organic redox molecular design,bacterial cellulose,redox_chemistry,material_entity,0.1575884819030761,10,6,6,10,8,3,3,8,0.375,3,3,6,0.3333333333333333,1.0,9,0,3,0.2307692307692307,1.1922935469797256,60,1,1,0,0,1,0,2,0,2,0,2022,2023-2026,0,0.6893824508326661,0.3254034235498685,0.9537902388369678,0.3130633437175493,0.8076843198338526,0,105
C7932B1CE8C,CAEB010ACF4,chaotropic polymer-water disruption,polyethylene glycol (PEG),gel_microstructure,material_entity,0.3453268408775329,17,20,17,20,4,7,4,7,0.5714285714285714,2,3,5,0.0,0.3333333333333333,4,8,4,0.1212121212121212,1.229943454600599,340,1,1,0,0,1,0,5,0,5,0,2022,2023-2026,0,0.6712769100706322,0.2344932653930945,0.915264797507788,0.3937590861889927,0.8060228452751818,0,106
C3002C089A5,C438FE53FF1,ionic thermodiffusion (Soret effect),lithium chloride (LiCl),transport_mechanism,material_entity,0.2672818303108215,46,6,6,46,42,4,4,42,0.0952380952380952,26,2,28,5.666666666666667,0.3333333333333333,23,23,4,0.0833333333333333,1.468890200348567,276,1,1,0,0,1,0,15,2,17,1,2022,2023-2026,0,0.8440091852323031,0.2057799107327714,0.9029075804776738,0.4220041536863966,0.8047767393561787,0,107
C78D65254F9,C7B823B5BB0,phase transition,poly(vinyl alcohol) (PVA),phase_or_species_transition,material_entity,0.1736908257007599,51,22,22,51,48,11,11,48,0.2291666666666666,17,6,23,1.3333333333333333,1.3333333333333333,19,8,5,0.0735294117647058,1.5406830519912749,1122,1,1,0,0,1,0,5,2,7,1,2022,2023-2026,1,0.1051255294743084,0.2496640898111521,0.887435098650052,0.4524506749740394,0.8043613707165109,0,108
C10C4FF4B6C,C78D65254F9,hydrogen bonding,phase transition,solvation_entropy,phase_or_species_transition,0.1841293722391128,18,51,18,51,8,48,8,48,0.1666666666666666,3,17,20,0.3333333333333333,1.3333333333333333,18,19,5,0.078125,1.5166020352528855,918,1,1,0,0,0,1,5,5,10,1,2022,2023-2026,1,0.3673307056391767,0.2256525197797252,0.8914849428868121,0.4427725856697818,0.8033229491173416,0,109
C8AD5B453CC,C96681C9193,ion diffusion,ion channels,transport_mechanism,transport_mechanism,0.7847217321395874,42,12,12,42,19,2,2,19,0.1052631578947368,12,1,13,3.0,0.0,23,3,11,0.2558139534883721,4.134982652580375,504,1,1,1,0,0,1,2,1,3,1,2022,2023-2026,0,0.8441430533167902,0.1156283892863053,0.7777777777777778,0.7651194184839043,0.801453790238837,0,110
C3F66DD37CA,CAEB010ACF4,H2O,polyethylene glycol (PEG),material_entity,material_entity,0.364445686340332,11,20,11,20,4,7,4,7,0.5714285714285714,2,3,5,0.6666666666666666,0.3333333333333333,8,8,5,0.1923076923076923,1.9567087700500825,220,1,1,1,1,0,0,2,0,2,0,2022,2023-2026,1,0.3448270680818004,0.1992883594347952,0.8673935617860852,0.4915472481827622,0.8004153686396677,0,112
C188B56F6F1,CC028ABF9C6,ion-selectivity membrane transport,anti-freezing organohydrogel design,transport_mechanism,gel_microstructure,0.0663753226399421,42,37,37,42,23,15,15,23,0.6521739130434783,11,7,18,2.0,1.0,23,15,15,0.234375,5.528493038902948,1554,1,1,0,0,0,1,9,6,15,1,2022,2023-2026,0,0.6396960049273387,0.1238612330730984,0.7838006230529595,0.7271651090342678,0.7995846313603323,0,114
C2AB2ABA9A6,CC028ABF9C6,dimethyl sulfoxide (DMSO),anti-freezing organohydrogel design,material_entity,gel_microstructure,0.1395344138145446,12,37,12,37,7,15,7,15,0.4666666666666667,1,7,8,-1.3333333333333333,1.0,9,15,6,0.1395348837209302,1.8201588289231296,444,1,1,0,0,1,0,1,6,7,1,2022,2023-2026,1,0.4247210880760603,0.2111836970295392,0.8824506749740394,0.4443613707165109,0.7970924195223261,0,115
C8AD5B453CC,CF203EF8121,ion diffusion,Eastman entropy of transfer,transport_mechanism,solvation_entropy,0.4624205827713012,42,10,10,42,19,7,7,19,0.3684210526315789,12,2,14,3.0,-1.0,23,5,2,0.04,0.575847237008349,420,1,1,0,0,0,1,2,2,4,1,2022,2023-2026,0,0.8179261572977359,0.2455766740290092,0.93208722741433,0.3325752855659398,0.7960539979231568,0,116
C2866DCD56B,C7B823B5BB0,PEDOT,poly(vinyl alcohol) (PVA),material_entity,material_entity,0.6488906145095825,44,22,22,44,55,11,11,55,0.2,34,6,40,6.0,1.3333333333333333,10,8,11,0.2,3.765080862702604,968,1,1,1,1,0,0,2,2,4,1,2022,2023-2026,1,0.4630780110834867,0.1151683953455007,0.7549325025960539,0.8012772585669781,0.7958463136033229,0,117
C08389FD6C6,C7802AE4324,moisture-gradient ion transport,deep eutectic solvent,transport_mechanism,material_system,0.2901301980018616,33,11,11,33,27,4,4,27,0.1481481481481481,17,1,18,3.6666666666666665,0.0,20,7,8,0.2222222222222222,2.699114399827167,363,1,1,0,0,1,0,4,0,4,0,2022,2023-2026,1,0.5438954626798806,0.1436255801890404,0.8036344755970924,0.6393146417445482,0.7956386292834892,0,118
C06F57A9BCA,C9910E60ABA,polymer electrolyte,carbon nanotube,material_system,material_entity,0.2942856848239898,13,28,13,28,9,33,9,33,0.2727272727272727,4,20,24,0.6666666666666666,4.666666666666667,19,13,4,0.1081081081081081,1.1968545152218155,364,1,1,0,1,0,0,2,11,13,1,2022,2023-2026,0,0.3014268016110233,0.2195520133893164,0.8842159916926272,0.4298234683281411,0.7937694704049845,0,119
C37031A3390,CE6FC512ED2,cellulose,dynamic crosslinked gel network,material_entity,gel_microstructure,0.2848870754241943,22,26,22,26,12,9,9,12,0.75,10,7,17,2.6666666666666665,1.6666666666666667,5,3,6,0.1428571428571428,1.9481572248813264,572,1,1,0,0,1,0,1,2,3,1,2022,2023-2026,1,0.884307830540759,0.1548582461856845,0.8348909657320873,0.5440913811007269,0.7919003115264798,0,122
C46747A02A1,C7B823B5BB0,ion-pairing and complexation,poly(vinyl alcohol) (PVA),solvation_entropy,material_entity,0.1374062001705169,31,22,22,31,16,11,11,16,0.6875,8,6,14,1.0,1.3333333333333333,11,8,10,0.2325581395348837,3.3507767664849495,682,1,1,0,0,1,0,4,2,6,1,2022,2023-2026,1,0.5834720262086854,0.1353154145353644,0.7963655244029075,0.6473104880581516,0.7910695742471444,0,123
C08389FD6C6,CDDD624085F,moisture-gradient ion transport,deep-eutectic eutogel electrolyte,transport_mechanism,material_system,0.2417526245117187,33,11,11,33,27,4,4,27,0.1481481481481481,17,1,18,3.6666666666666665,0.0,20,7,8,0.2222222222222222,2.699114399827167,363,1,1,0,0,1,0,4,0,4,0,2022,2023-2026,1,0.5270659566997822,0.1428102469757289,0.8017653167185878,0.6243613707165109,0.7900311526479751,0,124
C2866DCD56B,C2AB2ABA9A6,PEDOT,dimethyl sulfoxide (DMSO),material_entity,material_entity,0.2866294682025909,44,12,12,44,55,7,7,55,0.1272727272727272,34,1,35,6.0,-1.3333333333333333,10,9,8,0.1666666666666666,2.5076870894774004,528,1,1,1,1,0,0,2,1,3,1,2022,2023-2026,0,0.3973284625133035,0.1398509532347706,0.7910695742471443,0.6489511941848389,0.7858774662512982,0,128
CDF78985483,CEA29EF1A99,nanocomposite,thermal-gradient heat-transfer control,material_system,device_mechanism,-0.0277387537062168,21,16,16,21,13,13,13,13,1.0,7,7,14,0.3333333333333333,1.0,5,9,3,0.088235294117647,0.9098267813161924,336,1,1,0,0,1,0,1,8,9,1,2022,2023-2026,0,0.7856931462331549,0.2534027393904812,0.936967808930426,0.2798026998961578,0.7858774662512981,0,129
C06F57A9BCA,C7B823B5BB0,polymer electrolyte,poly(vinyl alcohol) (PVA),material_system,material_entity,0.5189489722251892,13,22,13,22,9,11,9,11,0.8181818181818182,4,6,10,0.6666666666666666,1.3333333333333333,19,8,7,0.25,2.872365035098781,286,1,1,0,1,0,0,2,2,4,1,2022,2023-2026,0,0.5185145692573018,0.1321390352139807,0.7911734164070613,0.647227414330218,0.7858774662512981,0,130
C3F66DD37CA,C46747A02A1,H2O,ion-pairing and complexation,material_entity,solvation_entropy,0.3099153637886047,11,31,11,31,4,16,4,16,0.25,2,8,10,0.6666666666666666,1.0,8,11,3,0.0769230769230769,0.7756511767861864,341,1,1,0,0,1,0,2,4,6,1,2022,2023-2026,0,0.6931915318866938,0.2409935447409122,0.9204569055036343,0.3283800623052959,0.7852544132917965,0,131
C1DF01A6473,CDDD624085F,PEDOT:PSS,deep-eutectic eutogel electrolyte,material_entity,material_system,0.3447910249233246,36,11,11,36,46,4,4,46,0.0869565217391304,30,1,31,6.333333333333333,0.0,10,7,7,0.175,2.158804614988622,396,1,1,0,1,0,0,0,0,0,0,2022,2023-2026,0,0.4291497354316266,0.1438539505077399,0.7973520249221183,0.6158151609553479,0.7833852544132919,0,132
C9642D16DCA,CDF78985483,graphene oxide,nanocomposite,material_entity,material_system,0.3802064657211303,18,21,18,21,9,13,9,13,0.6923076923076923,5,7,12,1.0,0.3333333333333333,10,5,7,0.21875,2.188511234084975,378,1,1,0,1,0,0,4,1,5,1,2022,2023-2026,0,0.5962226867775782,0.1397419907755203,0.8024922118380062,0.601111111111111,0.7819314641744548,0,133
C1DF01A6473,C7802AE4324,PEDOT:PSS,deep eutectic solvent,material_entity,material_system,0.3370741605758667,36,11,11,36,46,4,4,46,0.0869565217391304,30,1,31,6.333333333333333,0.0,10,7,7,0.175,2.158804614988622,396,1,1,0,1,0,0,0,0,0,0,2022,2023-2026,0,0.4265075854164151,0.1438539505077399,0.7970404984423676,0.615441329179647,0.7819314641744548,0,134
C621A7A9629,CC028ABF9C6,polyurethane (PU),anti-freezing organohydrogel design,material_entity,gel_microstructure,0.2491991519927978,8,37,8,37,5,15,5,15,0.3333333333333333,5,7,12,1.6666666666666667,1.0,2,15,5,0.125,1.7078372734362848,296,1,1,0,0,1,0,0,6,6,0,2022,2023-2026,0,0.771055644284052,0.1738723682362577,0.8607476635514019,0.4517341640706125,0.7806853582554518,0,135
C6181968680,CE4B0E242E7,graphene,interfacial charge transfer,material_entity,electrode_interface,0.1916893571615219,28,35,28,35,19,21,19,21,0.9047619047619048,12,8,20,3.0,1.3333333333333333,10,29,6,0.1052631578947368,1.874663536226332,980,1,1,0,0,1,0,6,6,12,1,2022,2023-2026,0,0.5616589671702507,0.1644536954135359,0.8325025960539979,0.5134267912772585,0.7800623052959501,0,137
C1DF01A6473,C9910E60ABA,PEDOT:PSS,carbon nanotube,material_entity,material_entity,0.4067261517047882,36,28,28,36,46,33,33,46,0.717391304347826,30,20,50,6.333333333333333,4.666666666666667,10,13,14,0.28,4.648823831304995,1008,1,1,1,1,0,0,0,11,11,0,2022,2023-2026,0,0.515329312875991,0.1020437940187771,0.7311526479750778,0.8380269989615784,0.7800623052959501,0,136
C3002C089A5,C46747A02A1,ionic thermodiffusion (Soret effect),ion-pairing and complexation,transport_mechanism,solvation_entropy,0.2816610932350158,46,31,31,46,42,16,16,42,0.3809523809523809,26,8,34,5.666666666666667,1.0,23,11,9,0.1323529411764706,3.4555312918018695,1426,1,1,0,0,0,1,15,4,19,1,2022,2023-2026,1,0.9505945767530196,0.1042630492798505,0.7583592938733126,0.7132917964693666,0.7792315680166148,0,138
C65E336E20C,C84C6A613D4,TEMPO,cellulose nanofiber scaffold,material_entity,gel_microstructure,0.1880980879068374,6,25,6,25,2,17,2,17,0.1176470588235294,2,15,17,0.6666666666666666,4.333333333333333,0,5,5,0.1923076923076923,1.9728380391092737,150,1,1,0,0,1,0,0,3,3,0,2022,2023-2026,0,0.7213394987208211,0.168422558831587,0.8497403946002078,0.4682658359293872,0.7775700934579439,0,141
C188B56F6F1,C7B823B5BB0,ion-selectivity membrane transport,poly(vinyl alcohol) (PVA),transport_mechanism,material_entity,0.0639442130923271,42,22,22,42,23,11,11,23,0.4782608695652174,11,6,17,2.0,1.3333333333333333,23,8,9,0.1636363636363636,3.266469934721702,924,1,1,0,0,1,0,9,2,11,1,2022,2023-2026,0,0.4811457658363525,0.1354924110754466,0.7912772585669783,0.6157736240913809,0.7771547248182762,0,142
C37031A3390,C6181968680,cellulose,graphene,material_entity,material_entity,0.3899424374103546,22,28,22,28,12,19,12,19,0.631578947368421,10,12,22,2.6666666666666665,3.0,5,10,7,0.1627906976744186,1.9874123012531355,616,1,1,1,1,0,0,1,6,7,1,2022,2023-2026,1,0.5804601458156144,0.1318063590295975,0.7932502596053999,0.6088369678089304,0.7767393561786085,0,143
C275FB7C4B0,C65E336E20C,iodide/triiodide redox chemistry,TEMPO,redox_chemistry,material_entity,0.4270550608634949,21,6,6,21,18,2,2,18,0.1111111111111111,9,2,11,1.6666666666666667,0.6666666666666666,12,0,4,0.1739130434782608,1.3969361410847814,126,1,1,0,0,1,0,8,0,8,0,2022,2023-2026,0,0.862296446842234,0.1737052335875871,0.8647975077881619,0.4310903426791277,0.776116303219107,0,145
C2866DCD56B,C37031A3390,PEDOT,cellulose,material_entity,material_entity,0.4413255155086517,44,22,22,44,55,12,12,55,0.2181818181818181,34,10,44,6.0,2.6666666666666665,10,5,8,0.1379310344827586,2.3310510127556032,968,1,1,1,1,0,0,2,1,3,1,2022,2023-2026,0,0.3771703927434118,0.1227651077790706,0.7662512980269989,0.676552440290758,0.7738317757009345,0,146
C3002C089A5,C9910E60ABA,ionic thermodiffusion (Soret effect),carbon nanotube,transport_mechanism,material_entity,0.1621968746185302,46,28,28,46,42,33,33,42,0.7857142857142857,26,20,46,5.666666666666667,4.666666666666667,23,13,15,0.2542372881355932,5.4148056792204775,1288,1,1,0,0,1,0,15,11,26,1,2022,2023-2026,0,0.9516504915020424,0.0929525353891389,0.732398753894081,0.7826791277258567,0.7715472481827622,0,147
C6181968680,CC028ABF9C6,graphene,anti-freezing organohydrogel design,material_entity,gel_microstructure,0.0855512097477912,28,37,28,37,19,15,15,19,0.7894736842105263,12,7,19,3.0,1.0,10,15,11,0.2037037037037037,3.20937029478779,1036,1,1,0,0,1,0,6,6,12,1,2022,2023-2026,0,0.8003510660339066,0.1124229606492527,0.7670820353063343,0.6578089304257527,0.7707165109034269,0,148
C00DD823894,C37031A3390,organic redox molecular design,cellulose,redox_chemistry,material_entity,0.1585287004709243,10,22,10,22,8,12,8,12,0.6666666666666666,3,10,13,0.3333333333333333,2.6666666666666665,9,5,4,0.1428571428571428,1.7553474591353515,220,1,1,0,0,1,0,2,1,3,1,2022,2023-2026,0,0.7575250162863729,0.17848166601561,0.8676012461059189,0.3982346832814122,0.768847352024922,0,149
C08389FD6C6,CF4A6A0344F,moisture-gradient ion transport,ion migration,transport_mechanism,transport_mechanism,0.7488869428634644,33,27,27,33,27,17,17,27,0.6296296296296297,17,9,26,3.6666666666666665,2.3333333333333335,20,29,7,0.1320754716981132,3.2209853676979443,891,1,1,1,0,0,1,4,1,5,1,2022,2023-2026,0,0.4958060028427103,0.1104226947067802,0.7461059190031152,0.699730010384216,0.7682242990654206,0,150
C8AD5B453CC,CF4A6A0344F,ion diffusion,ion migration,transport_mechanism,transport_mechanism,0.8940117955207825,42,27,27,42,19,17,17,19,0.8947368421052632,12,9,21,3.0,2.3333333333333335,23,29,14,0.2545454545454545,4.6053291613333736,1134,1,1,1,0,0,1,2,1,3,1,2022,2023-2026,0,0.3865386905431079,0.0982588197214663,0.7147455867082035,0.8345898234683281,0.7669781931464175,0,151
C2378F90E64,CEA29EF1A99,anharmonic phonon transport,thermal-gradient heat-transfer control,solid_state_mechanism,device_mechanism,0.4215161502361297,29,16,16,29,29,13,13,29,0.4482758620689655,16,7,23,2.6666666666666665,1.0,9,9,4,0.0975609756097561,1.1402524837791197,464,1,1,0,0,0,1,0,8,8,0,2022,2023-2026,0,0.8605687591287325,0.163637216314589,0.8467289719626169,0.4471858774662512,0.7667705088265836,0,152
C7B823B5BB0,C84C6A613D4,poly(vinyl alcohol) (PVA),cellulose nanofiber scaffold,material_entity,gel_microstructure,0.2790495753288269,22,25,22,25,11,17,11,17,0.6470588235294118,6,15,21,1.3333333333333333,4.333333333333333,8,5,6,0.1463414634146341,1.7325088754298927,550,1,1,0,0,1,0,2,3,5,1,2022,2023-2026,1,0.7193014483917333,0.1363498829724156,0.8057113187954309,0.5398546209761163,0.7659397715472482,0,153
C2866DCD56B,C9910E60ABA,PEDOT,carbon nanotube,material_entity,material_entity,0.4305654764175415,44,28,28,44,55,33,33,55,0.6,34,20,54,6.0,4.666666666666667,10,13,16,0.2857142857142857,5.2733469274599525,1232,1,1,1,1,0,0,2,11,13,1,2022,2023-2026,0,0.5503963208517253,0.0926826232088401,0.708515057113188,0.8627206645898233,0.7651090342679128,0,154
C6181968680,CF840763400,graphene,TiO2,material_entity,material_entity,0.4228570759296417,28,9,9,28,19,21,19,21,0.9047619047619048,12,2,14,3.0,-1.0,10,18,4,0.1212121212121212,1.1150220667992945,252,1,1,1,1,0,0,6,1,7,1,2022,2023-2026,0,0.5404203266247645,0.1805990978613178,0.8593977154724818,0.4135410176531671,0.7644859813084112,0,155
C06F57A9BCA,C7802AE4324,polymer electrolyte,deep eutectic solvent,material_system,material_system,0.5795574188232422,13,11,11,13,9,4,4,9,0.4444444444444444,4,1,5,0.6666666666666666,0.0,19,7,5,0.2631578947368421,1.5710317919035046,143,1,1,1,1,0,0,2,0,2,0,2022,2023-2026,0,0.2216082591915113,0.1701948660826783,0.8223260643821391,0.4900519210799585,0.7632398753894082,0,157
C275FB7C4B0,CA120BDE1A0,iodide/triiodide redox chemistry,Bi2S3,redox_chemistry,material_entity,0.334728330373764,21,11,11,21,18,4,4,18,0.2222222222222222,9,1,10,1.6666666666666667,-0.3333333333333333,12,12,1,0.032258064516129,0.3529561238647611,231,1,1,0,0,1,0,8,0,8,0,2022,2023-2026,0,0.6178730909236293,0.244836059526211,0.9201453790238838,0.2509968847352025,0.7611630321910697,0,158
C37031A3390,C7B823B5BB0,cellulose,poly(vinyl alcohol) (PVA),material_entity,material_entity,0.5340183973312378,22,22,22,22,12,11,11,12,0.9166666666666666,10,6,16,2.6666666666666665,1.3333333333333333,5,8,6,0.1578947368421052,1.7196608895610264,484,1,1,1,1,0,0,1,2,3,1,2022,2023-2026,1,0.6681824376747779,0.1275194467214745,0.7879543094496365,0.5644859813084112,0.7599169262720664,0,159
C08389FD6C6,CC028ABF9C6,moisture-gradient ion transport,anti-freezing organohydrogel design,transport_mechanism,gel_microstructure,0.1445091962814331,33,37,33,37,27,15,15,27,0.5555555555555556,17,7,24,3.6666666666666665,1.0,20,15,12,0.2068965517241379,4.301150267731033,1221,1,1,0,0,0,1,4,6,10,1,2022,2023-2026,1,0.7511127465682779,0.0972291101215445,0.7345794392523364,0.7163032191069575,0.7592938733125649,0,161
C08389FD6C6,C2866DCD56B,moisture-gradient ion transport,PEDOT,transport_mechanism,material_entity,0.1228341311216354,33,44,33,44,27,55,27,55,0.4909090909090909,17,34,51,3.6666666666666665,6.0,20,10,18,0.3050847457627119,6.209214936282463,1452,1,1,0,0,1,0,4,2,6,1,2022,2023-2026,1,0.2186448242643184,0.1025946120074256,0.7118380062305297,0.7909968847352025,0.757840083073728,0,163
C06F57A9BCA,C9642D16DCA,polymer electrolyte,graphene oxide,material_system,material_entity,0.2922075390815735,13,18,13,18,9,9,9,9,1.0,4,5,9,0.6666666666666666,1.0,19,10,2,0.0689655172413793,0.5861012960030875,234,1,1,0,1,0,0,2,4,6,1,2022,2023-2026,0,0.4762444772917797,0.2270658917837525,0.9009345794392524,0.2752855659397715,0.7565939771547249,0,164
C275FB7C4B0,CFC9D296861,iodide/triiodide redox chemistry,Bi2Se3,redox_chemistry,material_entity,0.1290107518434524,21,17,17,21,18,8,8,18,0.4444444444444444,9,2,11,1.6666666666666667,-0.3333333333333333,12,12,2,0.0555555555555555,0.6493708849983637,357,1,1,0,0,1,0,8,0,8,0,2022,2023-2026,0,0.547002115470426,0.2426648880070653,0.9140186915887852,0.2441433021806853,0.7551401869158879,0,166
C1DF01A6473,C2AB2ABA9A6,PEDOT:PSS,dimethyl sulfoxide (DMSO),material_entity,material_entity,0.2928932011127472,36,12,12,36,46,7,7,46,0.1521739130434782,30,1,31,6.333333333333333,-1.3333333333333333,10,9,8,0.2,2.492889146138222,432,1,1,1,1,0,0,0,1,1,0,2022,2023-2026,0,0.3393072992696304,0.1199007565722204,0.7527518172377986,0.6514226375908618,0.7547248182762202,0,167
C188B56F6F1,CCFD9A81EEE,ion-selectivity membrane transport,solid electrolyte,transport_mechanism,material_system,0.2399597764015197,42,11,11,42,23,8,8,23,0.3478260869565217,11,3,14,2.0,0.6666666666666666,23,25,5,0.1041666666666666,2.3258693625929996,462,1,1,0,0,1,0,9,1,10,1,2022,2023-2026,0,0.2708983112952701,0.1608592110633651,0.8062305295950155,0.4993042575285566,0.7545171339563863,0,168
C06F57A9BCA,CDDD624085F,polymer electrolyte,deep-eutectic eutogel electrolyte,material_system,material_system,0.5077490210533142,13,11,11,13,9,4,4,9,0.4444444444444444,4,1,5,0.6666666666666666,0.0,19,7,5,0.2631578947368421,1.5710317919035046,143,1,1,1,1,0,0,2,0,2,0,2022,2023-2026,0,0.2047679701319708,0.1677336463801136,0.8144340602284528,0.4871858774662513,0.7541017653167187,0,169
C37031A3390,C46747A02A1,cellulose,ion-pairing and complexation,material_entity,solvation_entropy,0.1487497985363006,22,31,22,31,12,16,12,16,0.75,10,8,18,2.6666666666666665,1.0,5,11,7,0.1521739130434782,2.497653519935348,682,1,1,0,0,1,0,1,4,5,1,2022,2023-2026,1,0.793532934655099,0.1219112838127925,0.784423676012461,0.5571028037383177,0.7530633437175493,0,171
C2378F90E64,CBFAB31D6E6,anharmonic phonon transport,electrostatic interaction,solid_state_mechanism,solvation_entropy,0.2223376184701919,29,16,16,29,29,6,6,29,0.2068965517241379,16,3,19,2.6666666666666665,0.6666666666666666,9,7,6,0.1538461538461538,1.6581719899429903,464,1,1,0,0,0,1,0,1,1,0,2022,2023-2026,0,0.642823303375453,0.1340330521985961,0.7980269989615785,0.5060332294911734,0.7511941848390447,0,172
C7802AE4324,C7B823B5BB0,deep eutectic solvent,poly(vinyl alcohol) (PVA),material_system,material_entity,0.2816463708877563,11,22,11,22,4,11,4,11,0.3636363636363636,1,6,7,0.0,1.3333333333333333,7,8,6,0.2222222222222222,1.963738962567843,242,1,1,0,1,0,0,0,2,2,0,2022,2023-2026,1,0.2410586609002548,0.1546891767321135,0.7959501557632398,0.5162720664589824,0.7497403946002077,0,174
C621A7A9629,CDDD624085F,polyurethane (PU),deep-eutectic eutogel electrolyte,material_entity,material_system,0.2931881248950958,8,11,8,11,5,4,4,5,0.8,5,1,6,1.6666666666666667,0.0,2,7,5,0.3571428571428571,1.567742775420896,88,1,1,0,1,0,0,0,0,0,0,2022,2023-2026,0,0.6754507647571532,0.1472406556259232,0.816147455867082,0.4558670820353063,0.7476635514018691,0,175
C188B56F6F1,C8AD5B453CC,ion-selectivity membrane transport,ion diffusion,transport_mechanism,transport_mechanism,0.7644133567810059,42,42,42,42,23,19,19,23,0.8260869565217391,11,12,23,2.0,3.0,23,23,17,0.2537313432835821,6.333363058749659,1764,1,1,1,0,0,1,9,2,11,1,2022,2023-2026,1,0.4723900578837256,0.0816619027674626,0.6836967808930425,0.8648182762201453,0.7451713395638628,0,177
C621A7A9629,C7802AE4324,polyurethane (PU),deep eutectic solvent,material_entity,material_system,0.2783877551555633,8,11,8,11,5,4,4,5,0.8,5,1,6,1.6666666666666667,0.0,2,7,5,0.3571428571428571,1.567742775420896,88,1,1,0,1,0,0,0,0,0,0,2022,2023-2026,0,0.6708963426223101,0.1472406556259232,0.8156282450674974,0.4515057113187954,0.7435098650051921,0,178
C10C4FF4B6C,CAEB010ACF4,hydrogen bonding,polyethylene glycol (PEG),solvation_entropy,material_entity,0.192492127418518,18,20,18,20,8,7,7,8,0.875,3,3,6,0.3333333333333333,0.3333333333333333,18,8,4,0.1176470588235294,1.2369233222041665,360,1,1,0,0,1,0,5,0,5,0,2022,2023-2026,1,0.5000258232334521,0.1798372731607687,0.8558670820353064,0.3522222222222222,0.742263759086189,0,179
C06F57A9BCA,C08389FD6C6,polymer electrolyte,moisture-gradient ion transport,material_system,transport_mechanism,0.2308738231658935,13,33,13,33,9,27,9,27,0.3333333333333333,4,17,21,0.6666666666666666,3.6666666666666665,19,20,7,0.1794871794871795,2.2659900857472857,429,1,1,0,0,1,0,2,4,6,1,2022,2023-2026,0,0.2600117299423539,0.1234195408962829,0.7586708203530634,0.5830010384215991,0.7418483904465214,0,180
C00DD823894,CDF78985483,organic redox molecular design,nanocomposite,redox_chemistry,material_system,0.1256864815950393,10,21,10,21,8,13,8,13,0.6153846153846154,3,7,10,0.3333333333333333,0.3333333333333333,9,5,3,0.1071428571428571,1.1972368325841043,210,1,1,0,0,1,0,2,1,3,1,2022,2023-2026,0,0.7235878769820503,0.1887460287158294,0.8798546209761162,0.2959813084112149,0.7414330218068536,0,181
C7B3E023ED0,CA8C62A4868,Cu2Se,redox reaction entropy,material_entity,solvation_entropy,0.1714355498552322,18,19,18,19,17,7,7,17,0.4117647058823529,8,4,12,1.3333333333333333,0.6666666666666666,11,8,3,0.088235294117647,0.8547220580596915,342,1,1,0,0,1,0,0,11,11,0,2022,2023-2026,0,0.682737011456282,0.1884074024850602,0.8768431983385254,0.2997715472481827,0.7408099688473521,0,182
C7713A07951,CB56BB4DDB0,urea,carbon-electrode redox interface,material_entity,electrode_interface,0.1165920495986938,15,13,13,15,4,5,4,5,0.8,0,1,1,-0.3333333333333333,-0.3333333333333333,13,9,5,0.217391304347826,2.046808904738067,195,1,1,0,0,1,0,2,7,9,1,2022,2023-2026,0,0.7776284578462799,0.1505365198146246,0.8234683281412254,0.4189408099688473,0.7393561786085151,0,183
CCAABE058E7,CF4A6A0344F,ferri/ferrocyanide redox chemistry,ion migration,redox_chemistry,transport_mechanism,0.1572880148887634,27,27,27,27,21,17,17,21,0.8095238095238095,3,9,12,-0.6666666666666666,2.3333333333333335,29,29,7,0.1489361702127659,1.9567509925642763,729,1,1,0,0,0,1,36,1,37,1,2022,2023-2026,1,0.9515015917032564,0.1188612691259601,0.7865005192107997,0.5127622014537903,0.7391484942886812,0,184
C37031A3390,C77E2C49599,cellulose,bacterial cellulose,material_entity,material_entity,0.9244346618652344,22,6,6,22,12,3,3,12,0.25,10,3,13,2.6666666666666665,1.0,5,0,5,0.217391304347826,2.5045184785811045,132,1,1,1,1,0,0,1,0,1,0,2022,2023-2026,1,0.7617089839417371,0.1069720030743082,0.7556593977154725,0.5790134994807892,0.7383177570093458,0,186
C2866DCD56B,C84C6A613D4,PEDOT,cellulose nanofiber scaffold,material_entity,gel_microstructure,0.2286047339439392,44,25,25,44,55,17,17,55,0.3090909090909091,34,15,49,6.0,4.333333333333333,10,5,11,0.1896551724137931,3.307125835333483,1100,1,1,0,0,1,0,2,3,5,1,2022,2023-2026,0,0.6958702455649826,0.0855955584132144,0.7057113187954309,0.7339044652128763,0.7370716510903428,0,188
C3002C089A5,C45C8AAD12E,ionic thermodiffusion (Soret effect),charge-transfer resistance engineering,transport_mechanism,electrode_interface,0.2093837112188339,46,39,39,46,42,20,20,42,0.4761904761904761,26,8,34,5.666666666666667,1.0,23,28,10,0.1333333333333333,2.903881963544316,1794,1,1,0,0,0,1,15,8,23,1,2022,2023-2026,1,0.8249378932937318,0.0871756613309703,0.7167185877466252,0.681142263759086,0.736656282450675,0,189
C08389FD6C6,C6181968680,moisture-gradient ion transport,graphene,transport_mechanism,material_entity,0.0657926946878433,33,28,28,33,27,19,19,27,0.7037037037037037,17,12,29,3.6666666666666665,3.0,20,10,11,0.22,3.169751831622741,924,1,1,0,0,1,0,4,6,10,1,2022,2023-2026,0,0.6356353533659161,0.0941853006094788,0.7208722741433022,0.6721183800623053,0.7366562824506749,0,190
C8AD5B453CC,C9642D16DCA,ion diffusion,graphene oxide,transport_mechanism,material_entity,0.0694239884614944,42,18,18,42,19,9,9,19,0.4736842105263157,12,5,17,3.0,1.0,23,10,8,0.1538461538461538,2.2243588885159467,756,1,1,0,0,1,0,2,4,6,1,2022,2023-2026,1,0.3868293599334612,0.1259893857819515,0.7699896157840083,0.5428452751817237,0.7360332294911734,0,191
C188B56F6F1,C6181968680,ion-selectivity membrane transport,graphene,transport_mechanism,material_entity,0.0751004964113235,42,28,28,42,23,19,19,23,0.8260869565217391,11,12,23,2.0,3.0,23,10,9,0.1475409836065573,2.648715428096602,1176,1,1,0,0,1,0,9,6,15,1,2022,2023-2026,1,0.554740629282545,0.1058925971599866,0.7433021806853582,0.600207684319834,0.7335410176531673,0,192
C09EB3A5CE5,C10C4FF4B6C,potassium iodide (KI),hydrogen bonding,material_entity,solvation_entropy,0.2199454009532928,8,18,8,18,2,8,2,8,0.25,1,3,4,0.3333333333333333,0.3333333333333333,23,18,4,0.1818181818181818,1.3719553154809097,144,1,1,0,0,1,0,1,5,6,1,2022,2023-2026,0,0.3743473261009789,0.1731179714521428,0.8361370716510903,0.3627725856697819,0.7327102803738318,0,193
C09EB3A5CE5,C3002C089A5,potassium iodide (KI),ionic thermodiffusion (Soret effect),material_entity,transport_mechanism,0.272988498210907,8,46,8,46,2,42,2,42,0.0476190476190476,1,26,27,0.3333333333333333,5.666666666666667,23,23,7,0.1489361702127659,2.6994317195724267,368,1,1,0,0,1,0,1,15,16,1,2022,2023-2026,0,0.4312459838116306,0.1071759279275039,0.738110072689512,0.6051609553478712,0.7306334371754932,0,195
C2AB2ABA9A6,C3002C089A5,dimethyl sulfoxide (DMSO),ionic thermodiffusion (Soret effect),material_entity,transport_mechanism,0.2249980121850967,12,46,12,46,7,42,7,42,0.1666666666666666,1,26,27,-1.3333333333333333,5.666666666666667,9,23,4,0.074074074074074,1.4327267784287394,552,1,1,0,0,1,0,1,15,16,1,2022,2023-2026,0,0.3368584195044462,0.1620428643092705,0.8121495327102803,0.4240394600207684,0.7304257528556595,0,196
C06F57A9BCA,CAEB010ACF4,polymer electrolyte,polyethylene glycol (PEG),material_system,material_entity,0.4701945781707763,13,20,13,20,9,7,7,9,0.7777777777777778,4,3,7,0.6666666666666666,0.3333333333333333,19,8,2,0.064516129032258,0.5444842798279114,260,1,1,0,1,0,0,2,0,2,0,2022,2023-2026,0,0.2645772019183278,0.201561254847308,0.8636552440290758,0.2971443406022845,0.7298026998961579,0,197
C45C8AAD12E,CF840763400,charge-transfer resistance engineering,TiO2,electrode_interface,material_entity,0.1593195796012878,39,9,9,39,20,21,20,21,0.9523809523809524,8,2,10,1.0,-1.0,28,18,4,0.0909090909090909,1.0906444295461162,351,1,1,0,0,1,0,8,1,9,1,2022,2023-2026,1,0.3010354806494444,0.1860279894098065,0.8512980269989615,0.3271651090342679,0.7291796469366564,0,199
C188B56F6F1,C78B8F896F7,ion-selectivity membrane transport,polyacrylamide (PAM),transport_mechanism,material_entity,0.0437517240643501,42,9,9,42,23,3,3,23,0.1304347826086956,11,3,14,2.0,1.0,23,0,4,0.0851063829787234,1.375405078761865,378,1,1,0,0,1,0,9,2,11,1,2022,2023-2026,0,0.6934117941196675,0.1677750766485511,0.8457943925233645,0.3388369678089304,0.7289719626168225,0,200
C2866DCD56B,CDF78985483,PEDOT,nanocomposite,material_entity,material_system,0.4288081526756286,44,21,21,44,55,13,13,55,0.2363636363636363,34,7,41,6.0,0.3333333333333333,10,5,8,0.1403508771929824,2.518896621560714,924,1,1,0,1,0,0,2,1,3,1,2022,2023-2026,0,0.472500499417625,0.0934585993561172,0.7080996884735202,0.6834164070612668,0.7283489096573208,0,201
C1DF01A6473,C84C6A613D4,PEDOT:PSS,cellulose nanofiber scaffold,material_entity,gel_microstructure,0.2240039855241775,36,25,25,36,46,17,17,46,0.3695652173913043,30,15,45,6.333333333333333,4.333333333333333,10,5,10,0.196078431372549,2.9638691532412538,900,1,1,0,0,1,0,0,3,3,0,2022,2023-2026,0,0.6557252174879258,0.0843412538554915,0.6993769470404985,0.7067912772585668,0.7277258566978192,0,202
CB727037BDD,CBFAB31D6E6,lattice thermal-conductivity suppression,electrostatic interaction,solid_state_mechanism,solvation_entropy,0.1975789666175842,37,16,16,37,54,6,6,54,0.1111111111111111,25,3,28,3.6666666666666665,0.6666666666666666,18,7,6,0.1276595744680851,1.6459932794383136,592,1,1,0,0,0,1,0,1,1,0,2022,2023-2026,0,0.3717684887512013,0.1311225700737035,0.7779854620976118,0.5042782969885774,0.7273104880581516,0,203
C23B9BED21A,C275FB7C4B0,ionic conduction,iodide/triiodide redox chemistry,transport_mechanism,redox_chemistry,0.2012014389038086,35,21,21,35,36,18,18,36,0.5,9,9,18,0.6666666666666666,1.6666666666666667,30,12,9,0.1914893617021276,3.102647493740199,735,1,1,0,0,0,1,2,8,10,1,2022,2023-2026,0,0.3111619207729389,0.1017667919192685,0.7155763239875389,0.6529283489096573,0.7266874350986501,0,205
C6181968680,CFC9D296861,graphene,Bi2Se3,material_entity,material_entity,0.3840405941009521,28,17,17,28,19,8,8,19,0.4210526315789473,12,2,14,3.0,-0.3333333333333333,10,12,3,0.0714285714285714,0.7865633280462431,476,1,1,1,1,0,0,6,0,6,0,2022,2023-2026,0,0.3146922483392137,0.1726330035849633,0.8307372793354102,0.3629802699896158,0.7262720664589823,0,207
C5B8C057FAD,CFC9D296861,metal oxide,Bi2Se3,material_system,material_entity,0.3449776172637939,13,17,13,17,9,8,8,9,0.8888888888888888,4,2,6,1.0,-0.3333333333333333,21,12,1,0.0344827586206896,0.2769378934088574,221,1,1,0,1,0,0,2,0,2,0,2022,2023-2026,0,0.1934601326063053,0.2269030834106148,0.880166147455867,0.2294496365524402,0.7252336448598131,0,208
C2378F90E64,CA8C62A4868,anharmonic phonon transport,redox reaction entropy,solid_state_mechanism,solvation_entropy,0.2214504033327102,29,19,19,29,29,7,7,29,0.2413793103448276,16,4,20,2.6666666666666665,0.6666666666666666,9,8,2,0.0434782608695652,0.6003110344052358,551,1,1,0,0,0,1,0,11,11,0,2022,2023-2026,0,0.8535151716241618,0.1670356890333205,0.8519210799584631,0.3108722741433021,0.7248182762201454,0,209
C8AD5B453CC,CC028ABF9C6,ion diffusion,anti-freezing organohydrogel design,transport_mechanism,gel_microstructure,0.0207484699785709,42,37,37,42,19,15,15,19,0.7894736842105263,12,7,19,3.0,1.0,23,15,11,0.1617647058823529,3.378041676703299,1554,1,1,0,0,0,1,2,6,8,1,2022,2023-2026,0,0.4510470368682472,0.0954803940231253,0.7148494288681204,0.6506438213914849,0.7246105919003116,0,211
C08389FD6C6,C9910E60ABA,moisture-gradient ion transport,carbon nanotube,transport_mechanism,material_entity,0.1011193692684173,33,28,28,33,27,33,27,33,0.8181818181818182,17,20,37,3.6666666666666665,4.666666666666667,20,13,9,0.173076923076923,3.2650118551346896,924,1,1,0,0,1,0,4,11,15,1,2022,2023-2026,0,0.7061210998733929,0.0866839892190757,0.7098650051921079,0.6568639667705088,0.7244029075804777,0,212
C45C8AAD12E,C6181968680,charge-transfer resistance engineering,graphene,electrode_interface,material_entity,0.150883674621582,39,28,28,39,20,19,19,20,0.95,8,12,20,1.0,3.0,28,10,8,0.135593220338983,2.4262842130917317,1092,1,1,0,0,1,0,8,6,14,1,2022,2023-2026,0,0.4240354831594809,0.1062447777410336,0.7356178608515057,0.5835202492211837,0.7229491173416407,0,214
C6181968680,C696BC0A1E1,graphene,carbon electrode,material_entity,electrode_interface,0.4380359649658203,28,10,10,28,19,3,3,19,0.1578947368421052,12,0,12,3.0,-0.3333333333333333,10,9,3,0.0857142857142857,1.0643062402655248,280,1,1,0,0,1,0,6,1,7,1,2022,2023-2026,0,0.8527455942056151,0.1440345490074408,0.8219106957424716,0.3712357217030114,0.7221183800623053,0,215
C3002C089A5,CF4A6A0344F,ionic thermodiffusion (Soret effect),ion migration,transport_mechanism,transport_mechanism,0.5552163124084473,46,27,27,46,42,17,17,42,0.4047619047619047,26,9,35,5.666666666666667,2.3333333333333335,23,29,10,0.1587301587301587,3.52163113823871,1242,1,1,1,0,0,1,15,1,16,1,2022,2023-2026,1,0.7862281808509319,0.0705465229185678,0.6725856697819315,0.7700415368639668,0.7219106957424714,0,216
C7B823B5BB0,CDDD624085F,poly(vinyl alcohol) (PVA),deep-eutectic eutogel electrolyte,material_entity,material_system,0.2422215044498443,22,11,11,22,11,4,4,11,0.3636363636363636,6,1,7,1.3333333333333333,0.0,8,7,6,0.2222222222222222,1.963738962567843,242,1,1,0,1,0,0,2,0,2,0,2022,2023-2026,1,0.2988586955116933,0.1278079650761923,0.7669781931464175,0.5044340602284527,0.7217030114226376,0,218
C38C7EC2077,C3F66DD37CA,ethylene glycol,H2O,material_entity,material_entity,0.4008784294128418,22,11,11,22,12,4,4,12,0.3333333333333333,4,2,6,0.6666666666666666,0.6666666666666666,20,8,8,0.32,2.7426526943829304,242,1,1,1,1,0,0,0,2,2,0,2022,2023-2026,0,0.1040103422611534,0.1128176050786995,0.719626168224299,0.6268328141225338,0.7214953271028037,0,219
C10C4FF4B6C,C7802AE4324,hydrogen bonding,deep eutectic solvent,solvation_entropy,material_system,0.2719481289386749,18,11,11,18,8,4,4,8,0.5,3,1,4,0.3333333333333333,0.0,18,7,3,0.1153846153846153,1.017485737981776,198,1,1,0,0,1,0,5,0,5,0,2022,2023-2026,1,0.5033272015524837,0.1747762148685533,0.8479750778816199,0.3095327102803737,0.7212876427829699,0,220
C6181968680,CAEB010ACF4,graphene,polyethylene glycol (PEG),material_entity,material_entity,0.3242605030536651,28,20,20,28,19,7,7,19,0.3684210526315789,12,3,15,3.0,0.3333333333333333,10,8,6,0.1428571428571428,1.817890722803055,560,1,1,1,1,0,0,6,0,6,0,2022,2023-2026,0,0.3528416035376435,0.1181459595958787,0.7510903426791278,0.5377985462097612,0.7192107995846314,0,223
C6181968680,C8AD5B453CC,graphene,ion diffusion,material_entity,transport_mechanism,0.0737353339791297,28,42,28,42,19,19,19,19,1.0,12,12,24,3.0,3.0,10,23,12,0.2068965517241379,3.4554536732301075,1176,1,1,0,0,1,0,6,2,8,1,2022,2023-2026,1,0.5616774598693943,0.0832526396784488,0.6943925233644859,0.6848390446521287,0.7185877466251298,0,224
C8AD5B453CC,CDF78985483,ion diffusion,nanocomposite,transport_mechanism,material_system,0.0215655770152807,42,21,21,42,19,13,13,19,0.6842105263157895,12,7,19,3.0,0.3333333333333333,23,5,6,0.1052631578947368,1.7699164185960914,882,1,1,0,0,1,0,2,1,3,1,2022,2023-2026,0,0.360315907106123,0.1363468441564024,0.783177570093458,0.4655347871235721,0.7179646936656283,0,225
C06F57A9BCA,C46747A02A1,polymer electrolyte,ion-pairing and complexation,material_system,solvation_entropy,0.2461095750331878,13,31,13,31,9,16,9,16,0.5625,4,8,12,0.6666666666666666,1.0,19,11,2,0.0476190476190476,0.9448503877082844,403,1,1,0,0,1,0,2,4,6,1,2022,2023-2026,0,0.5514635216203346,0.1682773281877386,0.8403946002076843,0.308307372793354,0.7154724818276221,0,226
C1DF01A6473,C3002C089A5,PEDOT:PSS,ionic thermodiffusion (Soret effect),material_entity,transport_mechanism,0.2022157311439514,36,46,36,46,46,42,42,46,0.9130434782608696,30,26,56,6.333333333333333,5.666666666666667,10,23,13,0.1884057971014492,3.871827725541022,1656,1,1,0,0,1,0,0,15,15,0,2022,2023-2026,1,0.5933773262323246,0.0730490873385911,0.6706126687435099,0.761079958463136,0.715472481827622,0,227
C1DF01A6473,C37031A3390,PEDOT:PSS,cellulose,material_entity,material_entity,0.3900552690029144,36,22,22,36,46,12,12,46,0.2608695652173913,30,10,40,6.333333333333333,2.6666666666666665,10,5,8,0.16,2.316253069416425,792,1,1,1,1,0,0,0,1,1,0,2022,2023-2026,0,0.3185482774405643,0.0931646640956819,0.6964693665628245,0.6701869158878504,0.715472481827622,0,228
CE4B0E242E7,CF840763400,interfacial charge transfer,TiO2,electrode_interface,material_entity,0.1527667790651321,35,9,9,35,21,21,21,21,1.0,8,2,10,1.3333333333333333,-1.0,29,18,4,0.1,1.0823364358927852,315,1,1,0,0,1,0,6,1,7,1,2022,2023-2026,1,0.2747106587981828,0.1748911628332196,0.8347871235721702,0.3237383177570093,0.7142263759086189,0,229
C4CEC954E12,CC028ABF9C6,platinum electrode,anti-freezing organohydrogel design,material_entity,gel_microstructure,0.2048119008541107,22,37,22,37,9,15,9,15,0.6,1,7,8,-0.3333333333333333,1.0,26,15,7,0.1346153846153846,2.3958195342460566,814,1,1,0,0,1,0,6,6,12,1,2022,2023-2026,0,0.3372411433835126,0.1134776430831943,0.7412253374870198,0.5406542056074766,0.7142263759086189,0,230
C46747A02A1,CE4B0E242E7,ion-pairing and complexation,interfacial charge transfer,solvation_entropy,electrode_interface,0.2749038338661194,31,35,31,35,16,21,16,21,0.7619047619047619,8,8,16,1.0,1.3333333333333333,11,29,5,0.081967213114754,1.3737770725565424,1085,1,1,0,0,0,1,4,6,10,1,2022,2023-2026,1,0.4144656302644323,0.129947228192398,0.7790238836967809,0.4636137071651091,0.7138110072689512,0,231
C1DF01A6473,C6181968680,PEDOT:PSS,graphene,material_entity,material_entity,0.4052618145942688,36,28,28,36,46,19,19,46,0.4130434782608695,30,12,42,6.333333333333333,3.0,10,10,14,0.28,4.021616371728415,1008,1,1,1,1,0,0,0,6,6,0,2022,2023-2026,0,0.3730414233014548,0.0686463913122204,0.6388369678089304,0.827497403946002,0.7084112149532711,0,237
C2866DCD56B,C6181968680,PEDOT,graphene,material_entity,material_entity,0.4348002672195434,44,28,28,44,55,19,19,55,0.3454545454545454,34,12,46,6.0,3.0,10,10,15,0.2631578947368421,4.364873053820644,1232,1,1,1,1,0,0,2,6,8,1,2022,2023-2026,0,0.4178965718122832,0.0660518829467404,0.6361370716510903,0.8421806853582553,0.7082035306334372,0,238
C46747A02A1,C4CEC954E12,ion-pairing and complexation,platinum electrode,solvation_entropy,material_entity,0.1540876626968383,31,22,22,31,16,9,9,16,0.5625,8,1,9,1.0,-0.3333333333333333,11,26,6,0.1276595744680851,2.147271003771482,682,1,1,0,0,1,0,4,6,10,1,2022,2023-2026,0,0.3170401560995985,0.122166579522999,0.7579439252336448,0.4885565939771547,0.7079958463136033,0,239
C1DF01A6473,CBFAB31D6E6,PEDOT:PSS,electrostatic interaction,material_entity,solvation_entropy,0.2936079502105713,36,16,16,36,46,6,6,46,0.1304347826086956,30,3,33,6.333333333333333,0.6666666666666666,10,7,4,0.0833333333333333,1.3316443834706675,576,1,1,0,0,1,0,0,1,1,0,2022,2023-2026,1,0.6412176401436019,0.113511281142389,0.7614745586708204,0.4533956386292834,0.6998961578400831,0,243
C10C4FF4B6C,CDDD624085F,hydrogen bonding,deep-eutectic eutogel electrolyte,solvation_entropy,material_system,0.1536339968442917,18,11,11,18,8,4,4,8,0.5,3,1,4,0.3333333333333333,0.0,18,7,3,0.1153846153846153,1.017485737981776,198,1,1,0,0,1,0,5,0,5,0,2022,2023-2026,1,0.4620292728240744,0.1694779416949196,0.8360332294911734,0.266043613707165,0.6990654205607476,0,244
C2AB2ABA9A6,C84C6A613D4,dimethyl sulfoxide (DMSO),cellulose nanofiber scaffold,material_entity,gel_microstructure,0.1300344914197921,12,25,12,25,7,17,7,17,0.4117647058823529,1,15,16,-1.3333333333333333,4.333333333333333,9,5,3,0.088235294117647,0.7756511767861864,300,1,1,0,0,1,0,1,3,4,1,2022,2023-2026,0,0.4332900463207426,0.1644618183654846,0.8252336448598131,0.285233644859813,0.6978193146417446,0,246
C2866DCD56B,C3002C089A5,PEDOT,ionic thermodiffusion (Soret effect),material_entity,transport_mechanism,0.2002599984407425,44,46,44,46,55,42,42,55,0.7636363636363637,34,26,60,6.0,5.666666666666667,10,23,14,0.1842105263157894,4.201283649324325,2024,1,1,0,0,1,0,2,15,17,1,2022,2023-2026,1,0.5038766479242877,0.0651883417352343,0.6368639667705088,0.7723987538940811,0.6974039460020769,0,247
C7802AE4324,CC028ABF9C6,deep eutectic solvent,anti-freezing organohydrogel design,material_system,gel_microstructure,0.1557637304067611,11,37,11,37,4,15,4,15,0.2666666666666666,1,7,8,0.0,1.0,7,15,9,0.2307692307692307,3.0541524301821776,407,1,1,0,0,1,0,0,6,6,0,2022,2023-2026,1,0.4408801189393505,0.0929017285478358,0.7033229491173416,0.5969781931464173,0.6959501557632398,0,248
C23B9BED21A,CDF78985483,ionic conduction,nanocomposite,transport_mechanism,material_system,0.1336214244365692,35,21,21,35,36,13,13,36,0.3611111111111111,9,7,16,0.6666666666666666,0.3333333333333333,30,5,11,0.2444444444444444,4.348039424951604,735,1,1,0,0,1,0,2,1,3,1,2022,2023-2026,0,0.0870632810105794,0.0845776359627277,0.6579439252336449,0.6839252336448598,0.6922118380062305,0,249
C37031A3390,C539540C36B,cellulose,nanochannel-confined ion transport,material_entity,transport_mechanism,0.1053071692585945,22,16,16,22,12,4,4,12,0.3333333333333333,10,3,13,2.6666666666666665,0.6666666666666666,5,4,6,0.1875,2.4059085483107863,352,1,1,0,0,1,0,1,0,1,0,2022,2023-2026,0,0.6852077944767303,0.0964969257491801,0.7303219106957424,0.5067393561786084,0.6920041536863966,0,250
CC028ABF9C6,CDDD624085F,anti-freezing organohydrogel design,deep-eutectic eutogel electrolyte,gel_microstructure,material_system,0.3663671612739563,37,11,11,37,15,4,4,15,0.2666666666666666,7,1,8,1.0,0.0,15,7,9,0.2307692307692307,3.0541524301821776,407,1,1,0,0,1,0,6,0,6,0,2022,2023-2026,1,0.4881247536393117,0.0758043438354441,0.6692627206645898,0.6594080996884734,0.6882658359293874,0,252
C2866DCD56B,CC028ABF9C6,PEDOT,anti-freezing organohydrogel design,material_entity,gel_microstructure,0.2236578166484832,44,37,37,44,55,15,15,55,0.2727272727272727,34,7,41,6.0,1.0,10,15,16,0.2461538461538461,5.454626909039344,1628,1,1,0,0,1,0,2,6,8,1,2022,2023-2026,0,0.5074495843428325,0.0576720685555538,0.6138110072689512,0.8098650051921079,0.6874350986500519,0,254
C188B56F6F1,C23B9BED21A,ion-selectivity membrane transport,ionic conduction,transport_mechanism,transport_mechanism,0.7166036367416382,42,35,35,42,23,36,23,36,0.6388888888888888,11,9,20,2.0,0.6666666666666666,23,30,7,0.1,2.6828316203481917,1470,1,1,1,0,0,1,9,2,11,1,2022,2023-2026,0,0.2026287625836775,0.079766784067097,0.659086188992731,0.6593769470404984,0.6863966770508827,0,255
C37031A3390,C3DA2C4151E,cellulose,aqueous electrolyte,material_entity,material_system,0.3690803050994873,22,7,7,22,12,2,2,12,0.1666666666666666,10,1,11,2.6666666666666665,0.3333333333333333,5,9,6,0.2608695652173913,2.2526839661632767,154,1,1,0,1,0,0,1,5,6,1,2022,2023-2026,0,0.7435034398610655,0.082944124817682,0.7015576323987539,0.563956386292835,0.6861889927310487,0,256
C09EB3A5CE5,C7932B1CE8C,potassium iodide (KI),chaotropic polymer-water disruption,material_entity,gel_microstructure,0.1928358674049377,8,17,8,17,2,4,2,4,0.5,1,2,3,0.3333333333333333,0.0,23,4,4,0.1904761904761904,1.3649754478773422,136,1,1,0,0,1,0,1,5,6,1,2022,2023-2026,0,0.7420906551900258,0.1226221503091864,0.7865005192107997,0.3512253374870197,0.6841121495327103,0,258
C4C9A1FEBD0,CC27710F85E,As2Te3,Sb2Se3,material_entity,material_entity,0.7862333059310913,9,12,9,12,2,2,2,2,1.0,0,0,0,-0.3333333333333333,-0.6666666666666666,29,5,8,0.6153846153846154,2.6635617584922127,108,1,1,1,1,0,0,0,0,0,0,2022,2023-2026,0,0.3012469941140277,0.0844510301944097,0.6794392523364485,0.610539979231568,0.6841121495327103,0,259
C23B9BED21A,C9910E60ABA,ionic conduction,carbon nanotube,transport_mechanism,material_entity,0.2353271245956421,35,28,28,35,36,33,33,36,0.9166666666666666,9,20,29,0.6666666666666666,4.666666666666667,30,13,6,0.1052631578947368,1.6929640864699818,980,1,1,0,0,1,0,2,11,13,1,2022,2023-2026,0,0.1378321426297853,0.1047657655444177,0.7087227414330218,0.5340498442367602,0.6834890965732088,0,260
C3848258807,CEA29EF1A99,Al2O3,thermal-gradient heat-transfer control,material_entity,device_mechanism,-0.003877175040543,8,16,8,16,8,13,8,13,0.6153846153846154,3,7,10,0.6666666666666666,1.0,27,9,1,0.0434782608695652,0.267546386419054,128,1,1,0,0,1,0,0,8,8,0,2022,2023-2026,0,0.4088839849546183,0.1748876309662874,0.8433021806853583,0.1481931464174454,0.683073727933541,0,261
C2378F90E64,CADCC57C7F1,anharmonic phonon transport,SnSe,solid_state_mechanism,material_entity,0.4676122963428497,29,15,15,29,29,11,11,29,0.3793103448275862,16,5,21,2.6666666666666665,0.6666666666666666,9,7,9,0.2571428571428571,3.1427476883153473,435,1,1,0,0,1,0,0,0,0,0,2022,2023-2026,0,0.5007775393790371,0.0627948622059887,0.6280373831775701,0.7251194184839045,0.6799584631360333,0,262
C08389FD6C6,C3DA2C4151E,moisture-gradient ion transport,aqueous electrolyte,transport_mechanism,material_system,0.2654894590377807,33,7,7,33,27,2,2,27,0.074074074074074,17,1,18,3.6666666666666665,0.3333333333333333,20,9,6,0.1764705882352941,2.2901997518092747,231,1,1,0,0,1,0,4,5,9,1,2022,2023-2026,0,0.7898119645977935,0.0812726929143272,0.6989615784008307,0.5471028037383177,0.6799584631360331,0,263
C3F66DD37CA,C962BA9CB74,H2O,TeO2,material_entity,material_entity,0.8013855218887329,11,21,11,21,4,6,4,6,0.6666666666666666,2,0,2,0.6666666666666666,0.0,8,15,6,0.2307692307692307,2.1943967255664827,231,1,1,1,1,0,0,2,0,2,0,2022,2023-2026,0,0.397661915764245,0.0844038502060729,0.6855659397715472,0.5668431983385255,0.6785046728971963,0,264
C438FE53FF1,C78D65254F9,lithium chloride (LiCl),phase transition,material_entity,phase_or_species_transition,0.1856328547000885,6,51,6,51,4,48,4,48,0.0833333333333333,2,17,19,0.3333333333333333,1.3333333333333333,23,19,2,0.0363636363636363,0.7204454669665254,306,1,1,0,0,1,0,2,5,7,1,2022,2023-2026,0,0.197959525020697,0.1635103008962218,0.8061266874350986,0.2746313603322949,0.6774662512980271,0,265
C7713A07951,CE4B0E242E7,urea,interfacial charge transfer,material_entity,electrode_interface,0.0723181813955307,15,35,15,35,4,21,4,21,0.1904761904761904,0,8,8,-0.3333333333333333,1.3333333333333333,13,29,1,0.0204081632653061,0.2729584204093974,525,1,1,0,0,1,0,2,6,8,1,2022,2023-2026,0,0.1081442537004151,0.1817407885336047,0.82803738317757,0.1902180685358255,0.6758047767393561,0,267
CBF24CD6AF1,CE6FC512ED2,electronic-structure modulation,dynamic crosslinked gel network,solid_state_mechanism,gel_microstructure,0.2454649806022644,74,26,26,74,147,9,9,147,0.0612244897959183,51,7,58,5.0,1.6666666666666667,29,3,8,0.0869565217391304,2.343831177409523,1924,1,1,0,0,0,1,0,2,2,0,2022,2023-2026,0,0.0119540912991952,0.0953176858217576,0.6545171339563863,0.6336344755970924,0.674558670820353,0,269
C45C8AAD12E,C46747A02A1,charge-transfer resistance engineering,ion-pairing and complexation,electrode_interface,solvation_entropy,0.227888137102127,39,31,31,39,20,16,16,20,0.8,8,8,16,1.0,1.0,28,11,9,0.1475409836065573,2.552326278112894,1209,1,1,0,0,0,1,8,4,12,1,2022,2023-2026,1,0.567565656221368,0.0701252960727117,0.6573208722741434,0.6284423676012462,0.6737279335410176,0,270
CBF24CD6AF1,CBFAB31D6E6,electronic-structure modulation,electrostatic interaction,solid_state_mechanism,solvation_entropy,0.2530893087387085,74,16,16,74,147,6,6,147,0.0408163265306122,51,3,54,5.0,0.6666666666666666,29,7,9,0.1111111111111111,2.51084325589398,1184,1,1,0,0,0,1,0,1,1,0,2022,2023-2026,0,0.0168450641064589,0.0876925752236985,0.6395638629283489,0.65730010384216,0.6706126687435098,0,274
C188B56F6F1,C3848258807,ion-selectivity membrane transport,Al2O3,transport_mechanism,material_entity,0.1245385333895683,42,8,8,42,23,8,8,23,0.3478260869565217,11,3,14,2.0,0.6666666666666666,23,27,3,0.0638297872340425,1.138379911868728,336,1,1,0,0,1,0,9,0,9,0,2022,2023-2026,0,0.1254487941564073,0.1564281753015477,0.7878504672897196,0.2978089304257529,0.6672897196261682,0,276
CC27710F85E,CFC9D296861,Sb2Se3,Bi2Se3,material_entity,material_entity,0.5146215558052063,12,17,12,17,2,8,2,8,0.25,0,2,2,-0.6666666666666666,-0.3333333333333333,5,12,11,0.6111111111111112,4.284376105425209,204,1,1,1,1,0,0,0,0,0,0,2022,2023-2026,0,0.1581689562761713,0.0664215314608439,0.6176531671858774,0.6988681204569055,0.6670820353063345,0,277
