cutoff_year,ite_donor_material,tg_anchor_material,u_degree_all,v_degree_all,u_degree_tg,v_degree_tg,u_degree_ite,v_degree_ite,common_neighbors,adamic_adar,preferential_attachment,shortest_path,ite_lead_years,ite_count,tg_donor_count,tg_anchor_count,future_TG_material_pair_label,future_example_title,future_window,ml_score,graph_score,hybrid_score,material_prediction_score
2022,ethylene-glycol organohydrogel,Fe2+/Fe3+ redox electrolyte,1,6,0,6,1,0,0,0.0,6,3,16,8,0,13,1,Anhydrous Thermogalvanic Gel for Simultaneous Waste Heat Recovery and Thermal Management of Electronics,2023-2026,0.8557925877051669,0.3593621399176955,0.42890946502057614,0.8557925877051669
2022,ionic-liquid electrolyte,Prussian-blue/hexacyanoferrate electrode,16,3,3,3,15,1,1,0.3898712452512801,48,2,21,107,8,3,1,Thermoresponsive ionic liquid for electrochemical low-grade heat harvesting,2023-2026,0.7774558293268508,1.2475308641975307,0.7390946502057614,0.7774558293268508
2022,acetonitrile/nitrile solvent,Fe2+/Fe3+ redox electrolyte,4,6,3,6,2,0,1,0.48089834696298783,24,2,0,2,4,13,1,Solvation entropy engineering of thermogalvanic electrolytes for efficient electrochemical refrigeration,2023-2026,0.7191556420872962,0.9832304526748972,0.6453703703703704,0.7191556420872962
2022,ethylene-glycol organohydrogel,ferri/ferrocyanide electrolyte,1,11,0,11,1,3,0,0.0,11,3,16,8,0,23,1,Highly Antifreezing Thermogalvanic Hydrogels for Human Heat Harvesting in Ultralow Temperature Environments,2023-2026,0.7130549139873839,0.4848765432098766,0.4740740740740741,0.7130549139873839
2022,gelatin matrix,Fe2+/Fe3+ redox electrolyte,8,6,5,6,5,0,3,1.2745816091195097,48,2,0,5,4,13,0,,2023-2026,0.7071490722817364,1.4314814814814814,0.7936213991769547,0.7071490722817364
2022,silica/inorganic nanoparticle filler,ferri/ferrocyanide electrolyte,3,11,0,11,3,3,1,0.48089834696298783,33,2,27,7,1,23,1,Self-Powered Machine-Learning-Assisted Material Identification Enabled by a Thermogalvanic Dual-Network Hydrogel with a High Thermopower,2023-2026,0.7045486028919665,1.2306584362139916,0.7306584362139917,0.7045486028919665
2022,polyaniline conductor,ferri/ferrocyanide electrolyte,5,11,2,11,3,3,2,0.9924051084544989,55,2,16,7,1,23,0,,2023-2026,0.6949633097929914,1.4985596707818931,0.820164609053498,0.6949633097929914
2022,metal-oxide electrode,Fe2+/Fe3+ redox electrolyte,1,6,0,6,1,0,1,0.43429448190325176,6,2,9,30,2,13,0,,2023-2026,0.6811448944257681,0.6521604938271606,0.5097736625514403,0.6811448944257681
2022,silica/inorganic nanoparticle filler,Fe2+/Fe3+ redox electrolyte,3,6,0,6,3,0,1,0.6213349345596119,18,2,27,7,1,13,1,Thermogalvanic gel patch for self-powered human motion recognition enabled by photo-thermal-electric conversion,2023-2026,0.6725370204997911,1.0199588477366255,0.651440329218107,0.6725370204997911
2022,acetonitrile/nitrile solvent,ferri/ferrocyanide electrolyte,4,11,3,11,2,3,2,0.9360179602764065,44,2,0,2,4,23,0,,2023-2026,0.6705912813060363,1.3263374485596706,0.7489711934156378,0.6705912813060363
2022,ionic-liquid electrolyte,glycerol organohydrogel,16,6,3,6,15,0,5,2.156527147940945,96,2,21,107,8,2,0,,2023-2026,0.640376699769537,1.8151234567901235,0.9160493827160494,0.640376699769537
2022,Cu-based redox electrolyte,Fe2+/Fe3+ redox electrolyte,2,6,1,6,1,0,0,0.0,12,3,0,2,3,13,0,,2023-2026,0.6376901329809163,0.41923868312757195,0.42777777777777776,0.6376901329809163
2022,metal-oxide electrode,ferri/ferrocyanide electrolyte,1,11,0,11,1,3,1,0.43429448190325176,11,2,9,30,2,23,1,Boosting Gel-Based Thermogalvanic Energy Harvesting via Metal Oxide Nanostructured Electrodes,2023-2026,0.6298962221764604,0.7776748971193417,0.5520576131687243,0.6298962221764604
2022,ionic-liquid electrolyte,metal-oxide electrode,16,1,3,0,15,1,1,0.43429448190325176,16,2,21,107,8,2,0,,2023-2026,0.6197272604157014,0.925,0.601440329218107,0.6197272604157014
2022,Li-salt electrolyte,ferri/ferrocyanide electrolyte,9,11,2,11,7,3,5,2.1368345581632138,99,2,1,11,3,23,1,Thermoelectric Hydrogel Electronic Skin for Passive Multimodal Physiological Perception,2023-2026,0.608458432136962,1.7272633744855967,0.8835390946502057,0.608458432136962
2022,ionic-liquid electrolyte,Fe2+/Fe3+ redox electrolyte,16,6,3,6,15,0,4,1.9389573678076961,96,2,21,107,8,13,1,Solvent Replacement-Driven Ionic Liquid Thermoelectric Gel for Self-Powered Morse Code Communication Assisted by Machine Learning,2023-2026,0.6066170308091716,1.7727366255144035,0.8901234567901233,0.6066170308091716
2022,chitosan matrix,ferri/ferrocyanide electrolyte,3,11,0,11,3,3,1,0.40242960438184466,33,2,9,3,0,23,0,,2023-2026,0.6054294807609428,1.1133744855967078,0.6720164609053498,0.6054294807609428
2022,PEDOT:PSS conductor,ferri/ferrocyanide electrolyte,10,11,0,11,10,3,3,1.2265953315363765,110,2,11,46,0,23,0,,2023-2026,0.5992322902127848,1.7088477366255141,0.8685185185185185,0.5992322902127848
2022,cellulose nanofiber matrix,ferri/ferrocyanide electrolyte,11,11,3,11,8,3,6,2.5392641625450585,121,2,1,17,2,23,1,Robust and flexible bacterial cellulose-based thermogalvanic cells for low-grade heat harvesting in extreme environments,2023-2026,0.5957775445046845,1.8272633744855966,0.9098765432098765,0.5957775445046845
2022,Cu-based redox electrolyte,ferri/ferrocyanide electrolyte,2,11,1,11,1,3,1,0.9102392266268373,22,2,0,2,3,23,0,,2023-2026,0.594590160013933,1.0098765432098766,0.6302469135802469,0.594590160013933
2022,ionic-liquid electrolyte,cyclodextrin host,16,1,3,1,15,0,1,0.45511961331341866,16,2,21,107,8,2,0,,2023-2026,0.5898067760487085,0.9490740740740741,0.6047325102880658,0.5898067760487085
2022,Li-salt electrolyte,Fe2+/Fe3+ redox electrolyte,9,6,2,6,7,0,3,1.2918436995985152,54,2,1,11,3,13,0,,2023-2026,0.5847169574232431,1.4834362139917694,0.7878600823045268,0.5847169574232431
2022,ionic-liquid electrolyte,ferri/ferrocyanide electrolyte,16,11,3,11,15,3,7,3.0459412431576154,176,2,21,107,8,23,0,,2023-2026,0.5695400622008896,2.0012345679012347,0.9549382716049382,0.5695400622008896
2022,ionic-liquid electrolyte,carbon nanotube scaffold,16,13,3,7,15,7,8,3.5073968712338335,208,1,21,107,8,9,0,,2023-2026,0.5516935825528024,2.1123456790123454,0.9668724279835391,0.5516935825528024
2022,metal-oxide electrode,iodide/triiodide electrolyte,1,9,0,7,1,4,0,0.0,9,3,9,30,2,9,0,,2023-2026,0.5465588327726044,0.39814814814814814,0.4023662551440329,0.5465588327726044
2022,deep-eutectic electrolyte,ferri/ferrocyanide electrolyte,2,11,0,11,2,3,1,0.40242960438184466,22,2,8,2,0,23,1,Robust thermocells based on deep eutectic solvent-tailored gel electrolytes for low-grade heat harvesting,2023-2026,0.5410211805664786,0.9373456790123458,0.5895061728395061,0.5410211805664786
2022,metal-oxide electrode,porous carbon electrode,1,8,0,8,1,0,1,0.43429448190325176,8,2,9,30,2,4,0,,2023-2026,0.5388900901548108,0.685082304526749,0.49444444444444446,0.5388900901548108
2022,PEDOT:PSS conductor,Fe2+/Fe3+ redox electrolyte,10,6,0,6,10,0,2,1.0556294164628637,60,2,11,46,0,13,0,,2023-2026,0.5318137147953719,1.4978395061728393,0.7872427983539094,0.5318137147953719
2022,metal-oxide electrode,carbon nanotube scaffold,1,13,0,7,1,7,1,0.43429448190325176,13,2,9,30,2,9,0,,2023-2026,0.5281626988904412,0.8538065843621401,0.5584362139917695,0.5281626988904412
2022,Na-salt electrolyte,iodide/triiodide electrolyte,12,9,8,7,5,4,6,2.5074073740794156,108,2,7,16,5,9,0,,2023-2026,0.523210798488436,1.800308641975309,0.8779835390946502,0.523210798488436
2022,metal-oxide electrode,cyclodextrin host,1,1,0,1,1,0,0,0.0,1,4,9,30,2,2,0,,2023-2026,0.5189545933491555,0.2002057613168724,0.3148148148148148,0.5189545933491555
2022,K-salt electrolyte,carbon nanotube scaffold,9,13,7,7,6,7,6,2.5749419518885883,117,1,0,8,8,9,0,,2023-2026,0.5165613088458793,1.8615226337448558,0.9045267489711935,0.5165613088458793
2022,metal-oxide electrode,glycerol organohydrogel,1,6,0,6,1,0,0,0.0,6,3,9,30,2,2,0,,2023-2026,0.5156239624295649,0.3281893004115226,0.37078189300411524,0.5156239624295649
2022,metal-oxide electrode,Prussian-blue/hexacyanoferrate electrode,1,3,0,3,1,1,0,0.0,3,3,9,30,2,3,0,,2023-2026,0.5096754490833859,0.27057613168724276,0.3372427983539094,0.5096754490833859
2022,cellulose nanofiber matrix,Fe2+/Fe3+ redox electrolyte,11,6,3,6,8,0,3,1.2918436995985152,66,2,1,17,2,13,0,,2023-2026,0.5094941347747381,1.530761316872428,0.7958847736625514,0.5094941347747381
2022,chitosan matrix,Fe2+/Fe3+ redox electrolyte,3,6,0,6,3,0,0,0.0,18,3,9,3,0,13,0,,2023-2026,0.5075284513706235,0.6018518518518519,0.4547325102880658,0.5075284513706235
2022,graphene/graphene-oxide scaffold,iodide/triiodide electrolyte,10,9,5,7,6,4,4,1.6498581563841521,90,2,0,19,5,9,0,,2023-2026,0.49974753416504636,1.6239711934156378,0.8277777777777777,0.49974753416504636
2022,TEMPO/viologen organic redox,ferri/ferrocyanide electrolyte,2,11,0,11,2,3,0,0.0,22,3,2,2,0,23,0,,2023-2026,0.48747076430631286,0.6232510288065843,0.45452674897119344,0.48747076430631286
2022,ethylene-glycol organohydrogel,cyclodextrin host,1,1,0,1,1,0,0,0.0,1,3,16,8,0,2,0,,2023-2026,0.4863011046813408,0.2544238683127572,0.320679012345679,0.4863011046813408
2022,K-salt electrolyte,porous carbon electrode,9,8,7,8,6,0,4,1.7674438676086184,72,2,0,8,8,4,0,,2023-2026,0.48602080542578624,1.5771604938271602,0.8047325102880658,0.48602080542578624
2022,K-salt electrolyte,glycerol organohydrogel,9,6,7,6,6,0,5,2.0926611924022036,54,2,0,8,8,2,0,,2023-2026,0.4783440961036757,1.5541152263374485,0.789917695473251,0.4783440961036757
2022,graphene/graphene-oxide scaffold,glycerol organohydrogel,10,6,5,6,6,0,3,1.2878019836385142,60,2,0,19,5,2,0,,2023-2026,0.4657859250586157,1.4815843621399176,0.7563786008230452,0.4657859250586157
2022,ethylene-glycol organohydrogel,iodide/triiodide electrolyte,1,9,0,7,1,4,1,0.36067376022224085,9,2,16,8,0,9,0,,2023-2026,0.45135066379138633,0.6856995884773662,0.4754115226337448,0.45135066379138633
2022,polyaniline conductor,iodide/triiodide electrolyte,5,9,2,7,3,4,1,0.36067376022224085,45,2,16,7,1,9,0,,2023-2026,0.44032699882604187,1.1898148148148149,0.6625514403292181,0.44032699882604187
2022,deep-eutectic electrolyte,Fe2+/Fe3+ redox electrolyte,2,6,0,6,2,0,0,0.0,12,3,8,2,0,13,0,,2023-2026,0.43058294006163256,0.4772633744855967,0.4056584362139918,0.43058294006163256
2022,ethylene-glycol organohydrogel,metal-oxide electrode,1,1,0,0,1,1,0,0.0,1,3,16,8,0,2,0,,2023-2026,0.4186111750060798,0.2544238683127572,0.31059670781893,0.4186111750060798
2022,TEMPO/viologen organic redox,Fe2+/Fe3+ redox electrolyte,2,6,0,6,2,0,0,0.0,12,3,2,2,0,13,0,,2023-2026,0.41174586424419013,0.45658436213991765,0.3920781893004115,0.41174586424419013
2022,PEDOT:PSS conductor,carbon nanotube scaffold,10,13,0,7,10,7,5,2.0695498512450023,130,1,11,46,0,9,0,,2023-2026,0.40588753007601536,1.9371399176954733,0.9002057613168724,0.40588753007601536
2022,silica/inorganic nanoparticle filler,iodide/triiodide electrolyte,3,9,0,7,3,4,1,0.36067376022224085,27,2,27,7,1,9,0,,2023-2026,0.40061068671088595,1.0650205761316873,0.6138888888888889,0.40061068671088595
2022,Na-salt electrolyte,ionic-liquid electrolyte,12,16,8,3,5,15,6,2.6262495482967654,192,1,7,16,5,8,0,,2023-2026,0.3933447829630881,1.98940329218107,0.9133744855967079,0.3933447829630881
2022,acetonitrile/nitrile solvent,carbon nanotube scaffold,4,13,3,7,2,7,3,1.2966917204986474,52,2,0,2,4,9,0,,2023-2026,0.3889776414667979,1.4560699588477366,0.7380658436213992,0.3889776414667979
2022,gelatin matrix,carbon nanotube scaffold,8,13,5,7,5,7,6,2.595795600274842,104,1,0,5,4,9,0,,2023-2026,0.3843353192451885,1.828395061728395,0.8650205761316871,0.3843353192451885
2022,polyaniline conductor,carbon nanotube scaffold,5,13,2,7,3,7,3,1.2292627240287444,65,2,16,7,1,9,1,Constructing Flexible Film Electrode with Porous Layered Structure by MXene/SWCNTs/PANI Ternary Composite for Efficient Low-Grade Thermal Energy Harvest,2023-2026,0.37571818212442143,1.593724279835391,0.7913580246913581,0.37571818212442143
2022,polyaniline conductor,porous carbon electrode,5,8,2,8,3,0,3,1.3530788686767399,40,2,16,7,1,4,0,,2023-2026,0.3702349117730124,1.5128600823045268,0.7631687242798354,0.3702349117730124
2022,ethylene-glycol organohydrogel,Cu-based redox electrolyte,1,2,0,1,1,1,0,0.0,2,3,16,8,0,3,0,,2023-2026,0.36985097034235204,0.275,0.31234567901234567,0.36985097034235204
2022,PVA polymer matrix,Fe2+/Fe3+ redox electrolyte,12,6,3,6,9,0,3,1.2745816091195097,72,2,8,10,2,13,1,Deep-learning-assisted thermogalvanic hydrogel fiber sensor for self-powered in-nostril respiratory monitoring,2023-2026,0.3646892399993661,1.5738683127572015,0.7790123456790123,0.3646892399993661
2022,gelatin matrix,iodide/triiodide electrolyte,8,9,5,7,5,4,4,1.6352553693417504,72,2,0,5,4,9,1,Edible temperature-responsive-adhesive thermogalvanic hydrogel for self-powered multi-sited fatigue monitoring,2023-2026,0.3614554675539502,1.5669753086419753,0.7722222222222221,0.3614554675539502
2022,acetonitrile/nitrile solvent,glycerol organohydrogel,4,6,3,6,2,0,1,0.48089834696298783,24,2,0,2,4,2,0,,2023-2026,0.3529944206087948,0.9832304526748972,0.5661522633744855,0.3529944206087948
2022,ethylene-glycol organohydrogel,porous carbon electrode,1,8,0,8,1,0,1,0.36067376022224085,8,2,16,8,0,4,0,,2023-2026,0.3496565544051835,0.6486625514403292,0.4309670781893004,0.3496565544051835
2022,gelatin matrix,porous carbon electrode,8,8,5,8,5,0,5,2.128117627830859,64,2,0,5,4,4,0,,2023-2026,0.3450631033894158,1.5957818930041152,0.7839506172839505,0.3450631033894158
2022,Na-salt electrolyte,graphene/graphene-oxide scaffold,12,10,8,5,5,6,7,3.0787383751496673,120,2,7,16,5,5,0,,2023-2026,0.34273215031199844,1.8723251028806587,0.8681069958847736,0.34273215031199844
2022,polyaniline conductor,Cu-based redox electrolyte,5,2,2,1,3,1,1,0.43429448190325176,10,2,16,7,1,3,0,,2023-2026,0.342038991263576,0.7862139917695473,0.48950617283950615,0.342038991263576
2022,Cu-based redox electrolyte,iodide/triiodide electrolyte,2,9,1,7,1,4,0,0.0,18,3,0,2,3,9,0,,2023-2026,0.34197538278949113,0.5262345679012346,0.3957818930041152,0.34197538278949113
2022,ethylene-glycol organohydrogel,acetonitrile/nitrile solvent,1,4,0,3,1,2,1,0.36067376022224085,4,2,16,8,0,4,0,,2023-2026,0.3391671166348661,0.5807613168724279,0.4090534979423868,0.3391671166348661
2022,acetonitrile/nitrile solvent,cyclodextrin host,4,1,3,1,2,0,1,0.45511961331341866,4,2,0,2,4,2,0,,2023-2026,0.331311080135257,0.5656378600823045,0.39958847736625513,0.331311080135257
2022,graphene/graphene-oxide scaffold,Prussian-blue/hexacyanoferrate electrode,10,3,5,3,6,1,2,0.8069036366755264,30,2,0,19,5,3,0,,2023-2026,0.32608277426664384,1.1876543209876542,0.6281893004115227,0.32608277426664384
2022,Na-salt electrolyte,PVA polymer matrix,12,12,8,3,5,9,7,3.0787383751496673,144,1,7,16,5,2,0,,2023-2026,0.3249748288414256,1.9842592592592594,0.8862139917695473,0.3249748288414256
2022,ethylene-glycol organohydrogel,carbon nanotube scaffold,1,13,0,7,1,7,1,0.36067376022224085,13,2,16,8,0,9,0,,2023-2026,0.3205857336093657,0.8173868312757202,0.4915637860082305,0.3205857336093657
2022,Li-salt electrolyte,carbon nanotube scaffold,9,13,2,7,7,7,6,2.503844333148254,117,1,1,11,3,9,0,,2023-2026,0.3189203275662069,1.8778806584362142,0.8592592592592592,0.3189203275662069
2022,acetonitrile/nitrile solvent,graphene/graphene-oxide scaffold,4,10,3,5,2,6,3,1.2966917204986474,40,2,0,2,4,5,0,,2023-2026,0.3160936752068884,1.400514403292181,0.6946502057613169,0.3160936752068884
2022,PEDOT:PSS conductor,iodide/triiodide electrolyte,10,9,0,7,10,4,4,1.6352553693417504,90,2,11,46,0,9,0,,2023-2026,0.31280437879089534,1.708230452674897,0.7895061728395061,0.31280437879089534
2022,Na-salt electrolyte,Prussian-blue/hexacyanoferrate electrode,12,3,8,3,5,1,2,0.8069036366755264,36,2,7,16,5,3,0,,2023-2026,0.3115172435763299,1.2974279835390947,0.654320987654321,0.3115172435763299
2022,K-salt electrolyte,Prussian-blue/hexacyanoferrate electrode,9,3,7,3,6,1,2,0.8069036366755264,27,2,0,8,8,3,0,,2023-2026,0.30675777611479815,1.1609053497942385,0.6127572016460905,0.30675777611479815
2022,silica/inorganic nanoparticle filler,carbon nanotube scaffold,3,13,0,7,3,7,2,0.8415721071852287,39,2,27,7,1,9,0,,2023-2026,0.30619039893078803,1.4204732510288065,0.6915637860082304,0.30619039893078803
2022,Cu-based redox electrolyte,metal-oxide electrode,2,1,1,0,1,1,0,0.0,2,3,0,2,3,2,0,,2023-2026,0.3043564331021278,0.16820987654320987,0.24876543209876542,0.3043564331021278
2022,polyaniline conductor,K-salt electrolyte,5,9,2,7,3,6,1,0.5581106265512472,45,2,16,7,1,8,0,,2023-2026,0.29820608025080486,1.2972222222222223,0.6432098765432098,0.29820608025080486
2022,silica/inorganic nanoparticle filler,cyclodextrin host,3,1,0,1,3,0,0,0.0,3,3,27,7,1,2,1,"Hierarchical heterostructure built on the basis of SiO2 dielectric matrix and supramolecular complex ?-cyclodextrin-ferrocene: Fabrication, physical properties and applications",2023-2026,0.2980441252717371,0.3230452674897119,0.30339506172839503,0.2980441252717371
2022,Cu-based redox electrolyte,porous carbon electrode,2,8,1,8,1,0,0,0.0,16,3,0,2,3,4,1,High-Performance Cu-Based Liquid Thermocells Enabled by Thermosensitive Crystallization and Etched Carbon Cloth Electrode,2023-2026,0.28665417375874874,0.4809670781893004,0.363477366255144,0.28665417375874874
2022,silica/inorganic nanoparticle filler,porous carbon electrode,3,8,0,8,3,0,1,0.36067376022224085,24,2,27,7,1,4,0,,2023-2026,0.2846866278614831,1.0094650205761317,0.5425925925925925,0.2846866278614831
2022,graphene/graphene-oxide scaffold,metal-oxide electrode,10,1,5,0,6,1,0,0.0,10,1,0,19,5,2,0,,2023-2026,0.2778079295238142,0.5159465020576132,0.3672839506172839,0.2778079295238142
2022,K-salt electrolyte,graphene/graphene-oxide scaffold,9,10,7,5,6,6,5,2.2371662679644384,90,2,0,8,8,5,1,Enhanced thermoelectric response of liquid electrolytes confined in graphene oxide nanochannel membranes,2023-2026,0.2772351683040506,1.6783950617283951,0.7724279835390946,0.2772351683040506
2022,graphene/graphene-oxide scaffold,ionic-liquid electrolyte,10,16,5,3,6,15,6,2.7985510134147966,160,1,0,19,5,8,0,,2023-2026,0.26904306940329015,1.92880658436214,0.848559670781893,0.26904306940329015
2022,Cu-based redox electrolyte,glycerol organohydrogel,2,6,1,6,1,0,0,0.0,12,3,0,2,3,2,0,,2023-2026,0.2675337420544094,0.41923868312757195,0.32551440329218106,0.2675337420544094
2022,ethylene-glycol organohydrogel,glycerol organohydrogel,1,6,0,6,1,0,0,0.0,6,3,16,8,0,2,0,,2023-2026,0.26664269240411265,0.3593621399176955,0.30936213991769546,0.26664269240411265
2022,Li-salt electrolyte,iodide/triiodide electrolyte,9,9,2,7,7,4,4,1.9541732854043876,81,1,1,11,3,9,0,,2023-2026,0.2582890815856774,1.714094650205761,0.7773662551440329,0.2582890815856774
2022,ethylene-glycol organohydrogel,Prussian-blue/hexacyanoferrate electrode,1,3,0,3,1,1,0,0.0,3,3,16,8,0,3,0,,2023-2026,0.2553604660266796,0.3017489711934156,0.2810699588477366,0.2553604660266796
2022,Na-salt electrolyte,acetonitrile/nitrile solvent,12,4,8,3,5,2,3,1.2966917204986474,48,2,7,16,5,4,0,,2023-2026,0.25476936154323204,1.4876543209876543,0.6969135802469135,0.25476936154323204
2022,cellulose nanofiber matrix,porous carbon electrode,11,8,3,8,8,0,4,1.5872690917586174,88,2,1,17,2,4,0,,2023-2026,0.25435401657196854,1.6173868312757202,0.7516460905349793,0.25435401657196854
2022,chitosan matrix,iodide/triiodide electrolyte,3,9,0,7,3,4,2,0.7631033646040855,27,2,9,3,0,9,0,,2023-2026,0.25434201952133106,1.2068930041152262,0.6004115226337449,0.25434201952133106
2022,ethylene-glycol organohydrogel,K-salt electrolyte,1,9,0,7,1,6,0,0.0,9,3,16,8,0,8,0,,2023-2026,0.2538922389854575,0.42932098765432103,0.3207818930041152,0.2538922389854575
2022,Cu-based redox electrolyte,acetonitrile/nitrile solvent,2,4,1,3,1,2,0,0.0,8,3,0,2,3,4,0,,2023-2026,0.2533374153724557,0.2854938271604939,0.26584362139917694,0.2533374153724557
2022,polyaniline conductor,metal-oxide electrode,5,1,2,0,3,1,1,0.43429448190325176,5,2,16,7,1,2,0,,2023-2026,0.2511411049098866,0.6627572016460905,0.39279835390946505,0.2511411049098866
2022,PEDOT:PSS conductor,porous carbon electrode,10,8,0,8,10,0,3,1.1848394873767727,80,2,11,46,0,4,0,,2023-2026,0.2504873444733876,1.6047325102880656,0.7417695473251028,0.2504873444733876
2022,acetonitrile/nitrile solvent,gelatin matrix,4,8,3,5,2,5,1,0.36067376022224085,32,2,0,2,4,4,0,,2023-2026,0.25039857705250756,0.9822016460905351,0.5102880658436214,0.25039857705250756
2022,silica/inorganic nanoparticle filler,K-salt electrolyte,3,9,0,7,3,6,1,0.48089834696298783,27,2,27,7,1,8,0,,2023-2026,0.24763880811159167,1.166872427983539,0.5837448559670781,0.24763880811159167
2022,silica/inorganic nanoparticle filler,metal-oxide electrode,3,1,0,0,3,1,0,0.0,3,3,27,7,1,2,0,,2023-2026,0.24434057956433072,0.3230452674897119,0.27602880658436213,0.24434057956433072
2022,K-salt electrolyte,PVA polymer matrix,9,12,7,3,6,9,6,2.5623835927580236,108,1,0,8,8,2,0,,2023-2026,0.24423768505530769,1.8349794238683128,0.8028806584362139,0.24423768505530769
2022,silica/inorganic nanoparticle filler,acetonitrile/nitrile solvent,3,4,0,3,3,2,1,0.36067376022224085,12,2,27,7,1,4,0,,2023-2026,0.2412364759910623,0.8037037037037038,0.4403292181069959,0.2412364759910623
2022,K-salt electrolyte,cyclodextrin host,9,1,7,1,6,0,1,0.45511961331341866,9,2,0,8,8,2,0,,2023-2026,0.23954817038445478,0.6705761316872428,0.3880658436213992,0.23954817038445478
2022,deep-eutectic electrolyte,Cu-based redox electrolyte,2,2,0,1,2,1,1,0.43429448190325176,4,2,8,2,0,3,0,,2023-2026,0.23870593053354633,0.5995884773662552,0.3598765432098765,0.23870593053354633
2022,silica/inorganic nanoparticle filler,Cu-based redox electrolyte,3,2,0,1,3,1,0,0.0,6,3,27,7,1,3,0,,2023-2026,0.23642505594417051,0.38065843621399176,0.28888888888888886,0.23642505594417051
2022,Cu-based redox electrolyte,carbon nanotube scaffold,2,13,1,7,1,7,2,1.344533708530089,26,2,0,2,3,9,0,,2023-2026,0.23526402402886787,1.2141975308641975,0.587037037037037,0.23526402402886787
2022,Li-salt electrolyte,porous carbon electrode,9,8,2,8,7,0,5,2.308616612203099,72,2,1,11,3,4,0,,2023-2026,0.23452049589447815,1.6544238683127572,0.7353909465020576,0.23452049589447815
2022,acetonitrile/nitrile solvent,Prussian-blue/hexacyanoferrate electrode,4,3,3,3,2,1,0,0.0,12,3,0,2,4,3,0,,2023-2026,0.23438907170701878,0.41923868312757195,0.2952674897119342,0.23438907170701878
2022,K-salt electrolyte,acetonitrile/nitrile solvent,9,4,7,3,6,2,2,0.9102392266268373,36,2,0,8,8,4,0,,2023-2026,0.2321016099349002,1.2764403292181068,0.5960905349794239,0.2321016099349002
2022,polyaniline conductor,acetonitrile/nitrile solvent,5,4,2,3,3,2,1,0.36067376022224085,20,2,16,7,1,4,0,,2023-2026,0.23056076579914336,0.926440329218107,0.4716049382716049,0.23056076579914336
2022,silica/inorganic nanoparticle filler,glycerol organohydrogel,3,6,0,6,3,0,1,0.48089834696298783,18,2,27,7,1,2,0,,2023-2026,0.22898964947770925,1.0125514403292182,0.5076131687242798,0.22898964947770925
2022,Cu-based redox electrolyte,graphene/graphene-oxide scaffold,2,10,1,5,1,6,1,0.43429448190325176,20,2,0,2,3,5,0,,2023-2026,0.22782887447388417,0.8872427983539095,0.45534979423868316,0.22782887447388417
2022,TEMPO/viologen organic redox,iodide/triiodide electrolyte,2,9,0,7,2,4,2,0.7777061516464872,18,2,2,2,0,9,0,,2023-2026,0.21387874060118048,1.022633744855967,0.5114197530864197,0.21387874060118048
2022,Cu-based redox electrolyte,K-salt electrolyte,2,9,1,7,1,6,0,0.0,18,3,0,2,3,8,0,,2023-2026,0.21202537528464088,0.5262345679012346,0.3280864197530864,0.21202537528464088
2022,acetonitrile/nitrile solvent,metal-oxide electrode,4,1,3,0,2,1,0,0.0,4,3,0,2,4,2,0,,2023-2026,0.21086584425256316,0.2175925925925926,0.20761316872427982,0.21086584425256316
2022,Cu-based redox electrolyte,cyclodextrin host,2,1,1,1,1,0,0,0.0,2,4,0,2,3,2,0,,2023-2026,0.20717194923338728,0.14516460905349796,0.192798353909465,0.20717194923338728
2022,deep-eutectic electrolyte,iodide/triiodide electrolyte,2,9,0,7,2,4,1,0.40242960438184466,18,2,8,2,0,9,0,,2023-2026,0.20153527222975906,0.8776748971193417,0.4441358024691358,0.20153527222975906
2022,K-salt electrolyte,ionic-liquid electrolyte,9,16,7,3,6,15,7,3.0029004190290407,144,2,0,8,8,8,0,,2023-2026,0.1978360880975954,1.8566872427983538,0.7837448559670782,0.1978360880975954
2022,silica/inorganic nanoparticle filler,gelatin matrix,3,8,0,5,3,5,1,0.36067376022224085,24,1,27,7,1,4,0,,2023-2026,0.19705784516440664,1.0864197530864197,0.525514403292181,0.19705784516440664
2022,polyaniline conductor,Li-salt electrolyte,5,9,2,2,3,7,3,1.2292627240287444,45,2,16,7,1,3,0,,2023-2026,0.1967781517555694,1.5114197530864197,0.6711934156378602,0.1967781517555694
2022,PEDOT:PSS conductor,graphene/graphene-oxide scaffold,10,10,0,5,10,6,5,2.2440319447707977,100,1,11,46,0,5,0,,2023-2026,0.19262157231625782,1.8819958847736624,0.792798353909465,0.19262157231625782
2022,PEDOT:PSS conductor,Na-salt electrolyte,10,12,0,8,10,5,5,2.0251266145930304,120,2,11,46,0,5,0,,2023-2026,0.19251946002657372,1.837962962962963,0.7753086419753086,0.19251946002657372
2022,chitosan matrix,Cu-based redox electrolyte,3,2,0,1,3,1,1,0.43429448190325176,6,2,9,3,0,3,0,,2023-2026,0.19173460389404828,0.6521604938271606,0.34989711934156376,0.19173460389404828
2022,cellulose nanofiber matrix,glycerol organohydrogel,11,6,3,6,8,0,3,1.1947304540149695,66,2,1,17,2,2,0,,2023-2026,0.1912370437026938,1.5076131687242798,0.6627572016460905,0.1912370437026938
2022,PVA polymer matrix,carbon nanotube scaffold,12,13,3,7,9,7,8,3.5255912161834835,156,1,8,10,2,9,0,,2023-2026,0.19115083209007,2.0252057613168724,0.8191358024691358,0.19115083209007
2022,Li-salt electrolyte,graphene/graphene-oxide scaffold,9,10,2,5,7,6,4,1.6018718788010191,90,1,1,11,3,5,0,,2023-2026,0.18947666200683305,1.7135802469135801,0.7213991769547324,0.18947666200683305
2022,Cu-based redox electrolyte,Li-salt electrolyte,2,9,1,2,1,7,1,0.43429448190325176,18,2,0,2,3,3,0,,2023-2026,0.18819151411000756,0.8502057613168725,0.4203703703703704,0.18819151411000756
2022,chitosan matrix,carbon nanotube scaffold,3,13,0,7,3,7,3,1.1973978465073372,39,2,9,3,0,9,0,,2023-2026,0.1867695819677458,1.4387860082304527,0.6248971193415638,0.1867695819677458
2022,PVA polymer matrix,iodide/triiodide electrolyte,12,9,3,7,9,4,4,1.6498581563841521,108,1,8,10,2,9,1,Thermogalvanic hydrogel-based e-skin for self-powered on-body dual-modal temperature and strain sensing,2023-2026,0.18449666537921283,1.8083333333333333,0.7491769547325102,0.18449666537921283
2022,polyaniline conductor,glycerol organohydrogel,5,6,2,6,3,0,0,0.0,30,3,16,7,1,2,0,,2023-2026,0.17708829697224576,0.8140946502057612,0.4053497942386831,0.17708829697224576
2022,TEMPO/viologen organic redox,porous carbon electrode,2,8,0,8,2,0,1,0.36067376022224085,16,2,2,2,0,4,0,,2023-2026,0.17286943094030124,0.7746913580246914,0.3838477366255144,0.17286943094030124
2022,Li-salt electrolyte,glycerol organohydrogel,9,6,2,6,7,0,2,0.7923008496331247,54,2,1,11,3,2,1,Thermoelectric Hydrogel Electronic Skin for Passive Multimodal Physiological Perception,2023-2026,0.17254893108385327,1.3580246913580245,0.5843621399176955,0.17254893108385327
2022,polyaniline conductor,Na-salt electrolyte,5,12,2,8,3,5,2,0.9187843867734881,60,2,16,7,1,5,0,,2023-2026,0.1722162630878015,1.5074074074074075,0.6471193415637859,0.1722162630878015
2022,PEDOT:PSS conductor,Li-salt electrolyte,10,9,0,2,10,7,4,1.6018718788010191,90,1,11,46,0,3,0,,2023-2026,0.1714601393680822,1.7796296296296295,0.7286008230452675,0.1714601393680822
2022,gelatin matrix,graphene/graphene-oxide scaffold,8,10,5,5,5,6,3,1.1675773968977672,80,2,0,5,4,5,0,,2023-2026,0.1709117359857104,1.513065843621399,0.6549382716049383,0.1709117359857104
2022,PEDOT:PSS conductor,Cu-based redox electrolyte,10,2,0,1,10,1,0,0.0,20,1,11,46,0,3,0,,2023-2026,0.16983579979532276,0.8135802469135802,0.3940329218106996,0.16983579979532276
2022,polyaniline conductor,gelatin matrix,5,8,2,5,3,5,2,1.270912986849078,40,2,16,7,1,4,0,,2023-2026,0.16959737993461144,1.449485596707819,0.6172839506172839,0.16959737993461144
2022,silica/inorganic nanoparticle filler,Prussian-blue/hexacyanoferrate electrode,3,3,0,3,3,1,0,0.0,9,3,27,7,1,3,0,,2023-2026,0.1691609870162965,0.4506172839506173,0.2627572016460905,0.1691609870162965
2022,cellulose nanofiber matrix,graphene/graphene-oxide scaffold,11,10,3,5,8,6,4,1.6399591006901915,110,1,1,17,2,5,1,Regenerable aerogel-based thermogalvanic cells for efficient low-grade heat harvesting from solar radiation and interfacial solar evaporation systems,2023-2026,0.1686963760995458,1.785699588477366,0.7240740740740741,0.1686963760995458
2022,TEMPO/viologen organic redox,acetonitrile/nitrile solvent,2,4,0,3,2,2,1,0.36067376022224085,8,2,2,2,0,4,0,,2023-2026,0.1668648731854296,0.5792181069958848,0.30267489711934153,0.1668648731854296
2022,ethylene-glycol organohydrogel,Li-salt electrolyte,1,9,0,2,1,7,1,0.36067376022224085,9,2,16,8,0,3,0,,2023-2026,0.16203925811030295,0.6856995884773662,0.34002057613168724,0.16203925811030295
2022,acetonitrile/nitrile solvent,cellulose nanofiber matrix,4,11,3,3,2,8,3,1.270912986849078,44,2,0,2,4,2,0,,2023-2026,0.16200364131070638,1.3989711934156377,0.5886831275720166,0.16200364131070638
2022,PEDOT:PSS conductor,glycerol organohydrogel,10,6,0,6,10,0,2,0.7923008496331247,60,2,11,46,0,2,0,,2023-2026,0.15940924824573627,1.4487654320987653,0.6059670781893004,0.15940924824573627
2022,cellulose nanofiber matrix,Prussian-blue/hexacyanoferrate electrode,11,3,3,3,8,1,1,0.3898712452512801,33,2,1,17,2,3,0,,2023-2026,0.1568075628246982,1.0504115226337447,0.4761316872427984,0.1568075628246982
2022,PEDOT:PSS conductor,K-salt electrolyte,10,9,0,7,10,6,4,1.6644528543707897,90,2,11,46,0,8,0,,2023-2026,0.15481142578086535,1.7165637860082303,0.6993827160493827,0.15481142578086535
2022,Na-salt electrolyte,cellulose nanofiber matrix,12,11,8,3,5,8,6,3.505908877371166,132,1,7,16,5,2,0,,2023-2026,0.15440750407266102,1.966769547325103,0.7728395061728395,0.15440750407266102
2022,Cu-based redox electrolyte,gelatin matrix,2,8,1,5,1,5,0,0.0,16,3,0,2,3,4,0,,2023-2026,0.15266541664558492,0.4809670781893004,0.26985596707818926,0.15266541664558492
2022,ethylene-glycol organohydrogel,gelatin matrix,1,8,0,5,1,5,1,0.36067376022224085,8,2,16,8,0,4,0,,2023-2026,0.15223780228310566,0.6486625514403292,0.3085390946502058,0.15223780228310566
2022,gelatin matrix,Prussian-blue/hexacyanoferrate electrode,8,3,5,3,5,1,2,0.8069036366755264,24,2,0,5,4,3,0,,2023-2026,0.15176899565395335,1.105349794238683,0.48497942386831283,0.15176899565395335
2022,ethylene-glycol organohydrogel,graphene/graphene-oxide scaffold,1,10,0,5,1,6,1,0.36067376022224085,10,2,16,8,0,5,0,,2023-2026,0.1517678232258786,0.7186213991769547,0.33374485596707815,0.1517678232258786
2022,PEDOT:PSS conductor,cellulose nanofiber matrix,10,11,0,3,10,8,5,2.042388705072036,110,1,11,46,0,2,0,,2023-2026,0.1468234185504184,1.8941358024691357,0.7522633744855968,0.1468234185504184
2022,silica/inorganic nanoparticle filler,Li-salt electrolyte,3,9,0,2,3,7,1,0.36067376022224085,27,2,27,7,1,3,0,,2023-2026,0.14520595348446763,1.0650205761316873,0.4712962962962963,0.14520595348446763
2022,chitosan matrix,porous carbon electrode,3,8,0,8,3,0,1,0.36067376022224085,24,2,9,3,0,4,0,,2023-2026,0.14387710897979247,0.9569958847736626,0.4257201646090535,0.14387710897979247
2022,polyaniline conductor,cellulose nanofiber matrix,5,11,2,3,3,8,3,1.2292627240287444,55,2,16,7,1,2,0,,2023-2026,0.14355249510699628,1.5628600823045269,0.6355967078189301,0.14355249510699628
2022,Li-salt electrolyte,Prussian-blue/hexacyanoferrate electrode,9,3,2,3,7,1,1,0.3898712452512801,27,2,1,11,3,3,0,,2023-2026,0.14138931771514268,0.9866255144032922,0.43621399176954734,0.14138931771514268
2022,ethylene-glycol organohydrogel,Na-salt electrolyte,1,12,0,8,1,5,1,0.36067376022224085,12,2,16,8,0,5,0,,2023-2026,0.14125047626950607,0.7824074074074074,0.3558641975308642,0.14125047626950607
2022,silica/inorganic nanoparticle filler,Na-salt electrolyte,3,12,0,8,3,5,2,0.8415721071852287,36,2,27,7,1,5,0,,2023-2026,0.13982979376485058,1.3998971193415637,0.5710905349794239,0.13982979376485058
2022,polyaniline conductor,Prussian-blue/hexacyanoferrate electrode,5,3,2,3,3,1,0,0.0,15,3,16,7,1,3,0,,2023-2026,0.1364531561665137,0.5671810699588478,0.274074074074074,0.1364531561665137
2022,deep-eutectic electrolyte,glycerol organohydrogel,2,6,0,6,2,0,1,0.40242960438184466,12,2,8,2,0,2,0,,2023-2026,0.136248706999525,0.770679012345679,0.3395061728395062,0.136248706999525
2022,deep-eutectic electrolyte,cyclodextrin host,2,1,0,1,2,0,0,0.0,2,3,8,2,0,2,0,,2023-2026,0.13405834949119094,0.22623456790123458,0.14681069958847737,0.13405834949119094
2022,Li-salt electrolyte,gelatin matrix,9,8,2,5,7,5,4,1.6080942231687843,72,2,1,11,3,4,0,,2023-2026,0.13373153855159597,1.587962962962963,0.638888888888889,0.13373153855159597
2022,deep-eutectic electrolyte,carbon nanotube scaffold,2,13,0,7,2,7,2,0.8367240862850964,26,2,8,2,0,9,0,,2023-2026,0.13314662997920917,1.210185185185185,0.5037037037037038,0.13314662997920917
2022,ethylene-glycol organohydrogel,ionic-liquid electrolyte,1,16,0,3,1,15,0,0.0,16,1,16,8,0,8,0,,2023-2026,0.13151085580115926,0.7482510288065843,0.32304526748971196,0.13151085580115926
2022,TEMPO/viologen organic redox,carbon nanotube scaffold,2,13,0,7,2,7,2,0.7777061516464872,26,2,2,2,0,9,0,,2023-2026,0.13059967980038623,1.1543209876543208,0.48477366255144033,0.13059967980038623
2022,Cu-based redox electrolyte,Na-salt electrolyte,2,12,1,8,1,5,0,0.0,24,3,0,2,3,5,0,,2023-2026,0.1297328904785573,0.625,0.28004115226337445,0.1297328904785573
2022,PVA polymer matrix,porous carbon electrode,12,8,3,8,9,0,5,2.128117627830859,96,2,8,10,2,4,0,,2023-2026,0.12940581175790905,1.7484567901234567,0.6744855967078189,0.12940581175790905
2022,TEMPO/viologen organic redox,cyclodextrin host,2,1,0,1,2,0,0,0.0,2,3,2,2,0,2,0,,2023-2026,0.12876596068174975,0.20555555555555555,0.12870370370370368,0.12876596068174975
2022,Li-salt electrolyte,acetonitrile/nitrile solvent,9,4,2,3,7,2,2,0.8157933735356595,36,1,1,11,3,4,0,,2023-2026,0.12786662292135384,1.3595679012345676,0.5351851851851852,0.12786662292135384
2022,silica/inorganic nanoparticle filler,graphene/graphene-oxide scaffold,3,10,0,5,3,6,2,0.9820086947818527,30,2,27,7,1,5,0,,2023-2026,0.1275653013938446,1.347222222222222,0.5283950617283951,0.1275653013938446
2022,chitosan matrix,K-salt electrolyte,3,9,0,7,3,6,1,0.40242960438184466,27,2,9,3,0,8,0,,2023-2026,0.12649230232021674,1.0495884773662552,0.4333333333333333,0.12649230232021674
2022,silica/inorganic nanoparticle filler,cellulose nanofiber matrix,3,11,0,3,3,8,1,0.36067376022224085,33,2,27,7,1,2,0,,2023-2026,0.12493659126093035,1.12880658436214,0.4639917695473251,0.12493659126093035
2022,cellulose nanofiber matrix,gelatin matrix,11,8,3,5,8,5,5,2.010523827550629,88,2,1,17,2,4,0,,2023-2026,0.12243321707004656,1.6653292181069959,0.6444444444444445,0.12243321707004656
2022,Cu-based redox electrolyte,cellulose nanofiber matrix,2,11,1,3,1,8,1,0.43429448190325176,22,2,0,2,3,2,0,,2023-2026,0.12107255154319743,0.9098765432098767,0.37551440329218105,0.12107255154319743
2022,chitosan matrix,acetonitrile/nitrile solvent,3,4,0,3,3,2,1,0.36067376022224085,12,2,9,3,0,4,0,,2023-2026,0.12034426061822966,0.7512345679012347,0.3125514403292181,0.12034426061822966
2022,polyaniline conductor,cyclodextrin host,5,1,2,1,3,0,0,0.0,5,3,16,7,1,2,0,,2023-2026,0.12031683545081258,0.3387860082304527,0.17469135802469135,0.12031683545081258
2022,deep-eutectic electrolyte,metal-oxide electrode,2,1,0,0,2,1,0,0.0,2,3,8,2,0,2,0,,2023-2026,0.11917585215864906,0.22623456790123458,0.12376543209876542,0.11917585215864906
2022,TEMPO/viologen organic redox,Cu-based redox electrolyte,2,2,0,1,2,1,0,0.0,4,3,2,2,0,3,0,,2023-2026,0.11795074403320695,0.25493827160493826,0.13168724279835392,0.11795074403320695
2022,K-salt electrolyte,metal-oxide electrode,9,1,7,0,6,1,0,0.0,9,3,0,8,8,2,0,,2023-2026,0.1170234497580909,0.32253086419753085,0.15967078189300413,0.1170234497580909
2022,PEDOT:PSS conductor,acetonitrile/nitrile solvent,10,4,0,3,10,2,2,0.8157933735356595,40,2,11,46,0,4,0,,2023-2026,0.11487258271438816,1.3815843621399175,0.5246913580246914,0.11487258271438816
2022,TEMPO/viologen organic redox,metal-oxide electrode,2,1,0,0,2,1,0,0.0,2,3,2,2,0,2,0,,2023-2026,0.11465521023499554,0.20555555555555555,0.10997942386831276,0.11465521023499554
2022,Li-salt electrolyte,metal-oxide electrode,9,1,2,0,7,1,1,0.43429448190325176,9,2,1,11,3,2,1,Programmable Electrochemical Thermopower via Cation Storage Mode and Structural Order,2023-2026,0.1142295648530391,0.6702674897119342,0.2730452674897119,0.1142295648530391
2022,Li-salt electrolyte,cellulose nanofiber matrix,9,11,2,3,7,8,7,2.9318028002887067,99,1,1,11,3,2,0,,2023-2026,0.11365417516395898,1.8629629629629632,0.6969135802469135,0.11365417516395898
2022,PEDOT:PSS conductor,metal-oxide electrode,10,1,0,0,10,1,1,0.43429448190325176,10,2,11,46,0,2,0,,2023-2026,0.10586901437896723,0.769238683127572,0.3022633744855967,0.10586901437896723
2022,silica/inorganic nanoparticle filler,ionic-liquid electrolyte,3,16,0,3,3,15,2,1.1022332815225997,48,1,27,7,1,8,0,,2023-2026,0.10488757105084771,1.5675925925925926,0.5977366255144033,0.10488757105084771
2022,chitosan matrix,glycerol organohydrogel,3,6,0,6,3,0,1,0.40242960438184466,18,2,9,3,0,2,0,,2023-2026,0.1046400145102478,0.8952674897119343,0.35288065843621397,0.1046400145102478
2022,polyaniline conductor,PVA polymer matrix,5,12,2,3,3,9,2,0.7949682421254927,60,2,16,7,1,2,0,,2023-2026,0.10341675854765411,1.4712962962962963,0.5520576131687243,0.10341675854765411
2022,PVA polymer matrix,Prussian-blue/hexacyanoferrate electrode,12,3,3,3,9,1,2,0.8069036366755264,36,2,8,10,2,3,0,,2023-2026,0.10064220705576016,1.3094650205761316,0.497119341563786,0.10064220705576016
2022,graphene/graphene-oxide scaffold,cyclodextrin host,10,1,5,1,6,0,0,0.0,10,3,0,19,5,2,0,,2023-2026,0.10033257821642999,0.3554526748971193,0.16131687242798354,0.10033257821642999
2022,deep-eutectic electrolyte,porous carbon electrode,2,8,0,8,2,0,0,0.0,16,3,8,2,0,4,0,,2023-2026,0.09994693692547774,0.5389917695473251,0.22407407407407406,0.09994693692547774
2022,Li-salt electrolyte,cyclodextrin host,9,1,2,1,7,0,1,0.45511961331341866,9,2,1,11,3,2,0,,2023-2026,0.09933947531484585,0.6943415637860082,0.2734567901234568,0.09933947531484585
2022,cellulose nanofiber matrix,metal-oxide electrode,11,1,3,0,8,1,1,0.43429448190325176,11,2,1,17,2,2,0,,2023-2026,0.09794873634974133,0.7258230452674898,0.2773662551440329,0.09794873634974133
2022,PEDOT:PSS conductor,gelatin matrix,10,8,0,5,10,5,3,1.1529746098553657,80,2,11,46,0,4,0,,2023-2026,0.09650726899732251,1.601028806584362,0.6022633744855967,0.09650726899732251
2022,Na-salt electrolyte,cyclodextrin host,12,1,8,1,5,0,0,0.0,12,3,7,16,5,2,0,,2023-2026,0.09476001648084201,0.4652263374485596,0.19290123456790126,0.09476001648084201
2022,Na-salt electrolyte,metal-oxide electrode,12,1,8,0,5,1,0,0.0,12,3,7,16,5,2,1,Programmable Electrochemical Thermopower via Cation Storage Mode and Structural Order,2023-2026,0.09438257665361252,0.4652263374485596,0.19146090534979424,0.09438257665361252
2022,Cu-based redox electrolyte,PVA polymer matrix,2,12,1,3,1,9,1,0.43429448190325176,24,2,0,2,3,2,1,Modulating thermo-diffusion/galvanic coupling via ion speciation engineering enables high-performance ionic thermoelectric cells,2023-2026,0.09402621078681364,0.948971193415638,0.35720164609053495,0.09402621078681364
2022,polyaniline conductor,ionic-liquid electrolyte,5,16,2,3,3,15,3,1.778828190433341,80,1,16,7,1,8,0,,2023-2026,0.09335898313866597,1.7560699588477366,0.6339506172839505,0.09335898313866597
2022,PEDOT:PSS conductor,ionic-liquid electrolyte,10,16,0,3,10,15,7,3.6303214974604905,160,1,11,46,0,8,0,,2023-2026,0.09127984000512351,2.0563786008230456,0.7207818930041152,0.09127984000512351
2022,deep-eutectic electrolyte,K-salt electrolyte,2,9,0,7,2,6,1,0.40242960438184466,18,2,8,2,0,8,0,,2023-2026,0.09049338578838914,0.8776748971193417,0.32746913580246917,0.09049338578838914
2022,chitosan matrix,cyclodextrin host,3,1,0,1,3,0,0,0.0,3,3,9,3,0,2,0,,2023-2026,0.08921848350321201,0.27057613168724276,0.10534979423868313,0.08921848350321201
2022,TEMPO/viologen organic redox,K-salt electrolyte,2,9,0,7,2,6,1,0.4170323914242463,18,2,2,2,0,8,0,,2023-2026,0.08898026333502461,0.8671810699588478,0.3205761316872428,0.08898026333502461
2022,deep-eutectic electrolyte,Prussian-blue/hexacyanoferrate electrode,2,3,0,3,2,1,0,0.0,6,3,8,2,0,3,0,,2023-2026,0.08754390855206802,0.31059670781893006,0.12386831275720164,0.08754390855206802
2022,TEMPO/viologen organic redox,Prussian-blue/hexacyanoferrate electrode,2,3,0,3,2,1,0,0.0,6,3,2,2,0,3,0,,2023-2026,0.08283471126939729,0.289917695473251,0.11707818930041153,0.08283471126939729
2022,deep-eutectic electrolyte,acetonitrile/nitrile solvent,2,4,0,3,2,2,0,0.0,8,3,8,2,0,4,0,,2023-2026,0.08265372322464101,0.34351851851851856,0.137037037037037,0.08265372322464101
2022,silica/inorganic nanoparticle filler,PVA polymer matrix,3,12,0,3,3,9,2,0.8415721071852287,36,2,27,7,1,2,1,Thermogalvanic gel patch for self-powered human motion recognition enabled by photo-thermal-electric conversion,2023-2026,0.08253818344020025,1.3998971193415637,0.503395061728395,0.08253818344020025
2022,ethylene-glycol organohydrogel,cellulose nanofiber matrix,1,11,0,3,1,8,1,0.36067376022224085,11,2,16,8,0,2,0,,2023-2026,0.08245911669170822,0.7412551440329218,0.2598765432098766,0.08245911669170822
2022,cellulose nanofiber matrix,cyclodextrin host,11,1,3,1,8,0,1,0.45511961331341866,11,2,1,17,2,2,0,,2023-2026,0.08214185591118199,0.7498971193415638,0.2637860082304527,0.08214185591118199
2022,gelatin matrix,ionic-liquid electrolyte,8,16,5,3,5,15,4,2.1049696806418066,128,1,0,5,4,8,0,,2023-2026,0.08190107438628047,1.8267489711934155,0.6421810699588477,0.08190107438628047
2022,Cu-based redox electrolyte,ionic-liquid electrolyte,2,16,1,3,1,15,1,0.43429448190325176,32,2,0,2,3,8,0,,2023-2026,0.08120266069135226,1.0497942386831276,0.3812757201646091,0.08120266069135226
2022,PVA polymer matrix,graphene/graphene-oxide scaffold,12,10,3,5,9,6,5,2.0189042702252653,120,2,8,10,2,5,0,,2023-2026,0.07887091573717679,1.804320987654321,0.6286008230452674,0.07887091573717679
2022,chitosan matrix,metal-oxide electrode,3,1,0,0,3,1,0,0.0,3,3,9,3,0,2,0,,2023-2026,0.07518892461830977,0.27057613168724276,0.08950617283950617,0.07518892461830977
2022,PVA polymer matrix,cyclodextrin host,12,1,3,1,9,0,1,0.45511961331341866,12,2,8,10,2,2,0,,2023-2026,0.07457069346188015,0.8253086419753087,0.29403292181069957,0.07457069346188015
2022,Li-salt electrolyte,ionic-liquid electrolyte,9,16,2,3,7,15,7,3.254389338621775,144,1,1,11,3,8,0,,2023-2026,0.07194602124805027,1.9648148148148148,0.6751028806584362,0.07194602124805027
2022,Li-salt electrolyte,PVA polymer matrix,9,12,2,3,7,9,7,2.914540709809701,108,2,1,11,3,2,1,Thermoelectric Hydrogel Electronic Skin for Passive Multimodal Physiological Perception,2023-2026,0.07116119402072815,1.8047325102880658,0.625514403292181,0.07116119402072815
2022,TEMPO/viologen organic redox,glycerol organohydrogel,2,6,0,6,2,0,0,0.0,12,3,2,2,0,2,0,,2023-2026,0.06700835392669248,0.45658436213991765,0.1573045267489712,0.06700835392669248
2022,chitosan matrix,ionic-liquid electrolyte,3,16,0,3,3,15,2,0.8367240862850964,48,1,9,3,0,8,0,,2023-2026,0.06605611685070154,1.4919753086419751,0.5209876543209877,0.06605611685070154
2022,TEMPO/viologen organic redox,graphene/graphene-oxide scaffold,2,10,0,5,2,6,2,0.7777061516464872,20,2,2,2,0,5,0,,2023-2026,0.06597552959706368,1.0596707818930042,0.3751028806584363,0.06597552959706368
2022,ethylene-glycol organohydrogel,PVA polymer matrix,1,12,0,3,1,9,1,0.36067376022224085,12,2,16,8,0,2,0,,2023-2026,0.06574594306644663,0.7824074074074074,0.26800411522633744,0.06574594306644663
2022,chitosan matrix,Na-salt electrolyte,3,12,0,8,3,5,2,0.7631033646040855,36,2,9,3,0,5,0,,2023-2026,0.06382720860202783,1.2974279835390945,0.44711934156378597,0.06382720860202783
2022,TEMPO/viologen organic redox,Na-salt electrolyte,2,12,0,8,2,5,2,0.7777061516464872,24,2,2,2,0,5,0,,2023-2026,0.06258600658149086,1.1213991769547325,0.39084362139917705,0.06258600658149086
2022,PVA polymer matrix,cellulose nanofiber matrix,12,11,3,3,9,8,6,2.4975083183854547,132,1,8,10,2,2,1,Highly conductive triple network hydrogel thermoelectrochemical cells with low-grade heat harvesting,2023-2026,0.06218735592059714,1.9473251028806586,0.6609053497942387,0.06218735592059714
2022,chitosan matrix,graphene/graphene-oxide scaffold,3,10,0,5,3,6,2,0.7949682421254927,30,2,9,3,0,5,0,,2023-2026,0.06116983701146174,1.2549382716049382,0.43209876543209874,0.06116983701146174
2022,TEMPO/viologen organic redox,gelatin matrix,2,8,0,5,2,5,1,0.36067376022224085,16,2,2,2,0,4,0,,2023-2026,0.059331916198783335,0.7746913580246914,0.25277777777777777,0.059331916198783335
2022,deep-eutectic electrolyte,graphene/graphene-oxide scaffold,2,10,0,5,2,6,1,0.43429448190325176,20,2,8,2,0,5,0,,2023-2026,0.05880411726660113,0.9452674897119342,0.3141975308641975,0.05880411726660113
2022,chitosan matrix,Prussian-blue/hexacyanoferrate electrode,3,3,0,3,3,1,0,0.0,9,3,9,3,0,3,0,,2023-2026,0.05840685917331231,0.39814814814814814,0.12150205761316873,0.05840685917331231
2022,gelatin matrix,metal-oxide electrode,8,1,5,0,5,1,0,0.0,8,3,0,5,4,2,1,Boosting Gel-Based Thermogalvanic Energy Harvesting via Metal Oxide Nanostructured Electrodes,2023-2026,0.057020875453804395,0.2854938271604939,0.0786008230452675,0.057020875453804395
2022,gelatin matrix,cyclodextrin host,8,1,5,1,5,0,0,0.0,8,3,0,5,4,2,0,,2023-2026,0.056718027319449034,0.2854938271604939,0.0771604938271605,0.056718027319449034
2022,deep-eutectic electrolyte,Na-salt electrolyte,2,12,0,8,2,5,1,0.40242960438184466,24,2,8,2,0,5,0,,2023-2026,0.05528273109487415,0.9764403292181071,0.32181069958847736,0.05528273109487415
2022,deep-eutectic electrolyte,gelatin matrix,2,8,0,5,2,5,1,0.40242960438184466,16,2,8,2,0,4,0,,2023-2026,0.05504520329640466,0.8324074074074075,0.27222222222222225,0.05504520329640466
2022,TEMPO/viologen organic redox,cellulose nanofiber matrix,2,11,0,3,2,8,1,0.36067376022224085,22,1,2,2,0,2,0,,2023-2026,0.05434519453409618,0.9565843621399177,0.3135802469135802,0.05434519453409618
2022,TEMPO/viologen organic redox,Li-salt electrolyte,2,9,0,2,2,7,2,0.7777061516464872,18,2,2,2,0,3,0,,2023-2026,0.053774825280022705,1.022633744855967,0.3429012345679012,0.053774825280022705
2022,deep-eutectic electrolyte,Li-salt electrolyte,2,9,0,2,2,7,1,0.43429448190325176,18,2,8,2,0,3,0,,2023-2026,0.050890977208253745,0.9082304526748972,0.28930041152263375,0.050890977208253745
2022,chitosan matrix,gelatin matrix,3,8,0,5,3,5,2,0.7631033646040855,24,2,9,3,0,4,0,,2023-2026,0.05080995651917308,1.1513374485596706,0.3841563786008231,0.05080995651917308
2022,chitosan matrix,Li-salt electrolyte,3,9,0,2,3,7,2,0.7949682421254927,27,2,9,3,0,3,0,,2023-2026,0.04947539948129516,1.2281893004115225,0.4067901234567901,0.04947539948129516
2022,chitosan matrix,PVA polymer matrix,3,12,0,3,3,9,2,0.7949682421254927,36,1,9,3,0,2,0,,2023-2026,0.048393544663844365,1.395679012345679,0.4534979423868313,0.048393544663844365
2022,chitosan matrix,cellulose nanofiber matrix,3,11,0,3,3,8,3,1.1973978465073372,33,2,9,3,0,2,0,,2023-2026,0.04560505865769849,1.3914609053497942,0.4493827160493827,0.04560505865769849
2022,cellulose nanofiber matrix,ionic-liquid electrolyte,11,16,3,3,8,15,8,4.416253685337273,176,1,1,17,2,8,0,,2023-2026,0.04479149708965384,2.0090534979423866,0.6565843621399177,0.04479149708965384
2022,PEDOT:PSS conductor,cyclodextrin host,10,1,0,1,10,0,0,0.0,10,3,11,46,0,2,0,,2023-2026,0.044587979449580276,0.44526748971193414,0.11748971193415639,0.044587979449580276
2022,TEMPO/viologen organic redox,ionic-liquid electrolyte,2,16,0,3,2,15,1,0.4170323914242463,32,1,2,2,0,8,0,,2023-2026,0.044536432378971855,1.143724279835391,0.37283950617283956,0.044536432378971855
2022,PVA polymer matrix,acetonitrile/nitrile solvent,12,4,3,3,9,2,2,0.8157933735356595,48,2,8,10,2,4,0,,2023-2026,0.04350006280525939,1.390946502057613,0.44094650205761315,0.04350006280525939
2022,deep-eutectic electrolyte,PVA polymer matrix,2,12,0,3,2,9,1,0.43429448190325176,24,1,8,2,0,2,1,Robust thermocells based on deep eutectic solvent-tailored gel electrolytes for low-grade heat harvesting,2023-2026,0.042172567627133846,1.0839506172839506,0.348559670781893,0.042172567627133846
2022,PVA polymer matrix,ionic-liquid electrolyte,12,16,3,3,9,15,7,3.4898849098638665,192,1,8,10,2,8,0,,2023-2026,0.04053501404109905,2.03179012345679,0.6547325102880659,0.04053501404109905
2022,deep-eutectic electrolyte,ionic-liquid electrolyte,2,16,0,3,2,15,2,0.8367240862850964,32,2,8,2,0,8,0,,2023-2026,0.03681158791414927,1.2780864197530863,0.407201646090535,0.03681158791414927
2022,PEDOT:PSS conductor,Prussian-blue/hexacyanoferrate electrode,10,3,0,3,10,1,2,1.8325662861402434,30,2,11,46,0,3,0,,2023-2026,0.03440679601969142,1.3793209876543209,0.4298353909465021,0.03440679601969142
2022,deep-eutectic electrolyte,cellulose nanofiber matrix,2,11,0,3,2,8,2,0.8367240862850964,22,2,8,2,0,2,0,,2023-2026,0.026962443360107505,1.1381687242798353,0.36152263374485594,0.026962443360107505
2022,PEDOT:PSS conductor,PVA polymer matrix,10,12,0,3,10,9,5,3.520511664413568,120,1,11,46,0,2,1,Thermogalvanic hydrogel electrolyte for harvesting biothermal energy enabled by a novel redox couple of SO4/3 2-ions,2023-2026,0.022200698286302542,1.9723251028806585,0.6329218106995885,0.022200698286302542
2022,TEMPO/viologen organic redox,PVA polymer matrix,2,12,0,3,2,9,2,0.7777061516464872,24,2,2,2,0,2,0,,2023-2026,0.022116028381182824,1.1213991769547325,0.35195473251028814,0.022116028381182824
2022,PVA polymer matrix,metal-oxide electrode,12,1,3,0,9,1,0,0.0,12,3,8,10,2,2,1,Boosting Gel-Based Thermogalvanic Energy Harvesting via Metal Oxide Nanostructured Electrodes,2023-2026,0.01561819582366332,0.4772633744855967,0.12047325102880659,0.01561819582366332
