layer_recommendation_rank,concept_u_id,concept_v_id,concept_u,concept_v,u_type,v_type,semantic_similarity,degree_u,degree_v,degree_min,degree_max,document_frequency_u,document_frequency_v,frequency_min,frequency_max,frequency_balance,recent_frequency_u,recent_frequency_v,recent_frequency_sum,trend_u,trend_v,age_u,age_v,common_neighbors,jaccard,adamic_adar,preferential_attachment,shortest_path,same_component,same_type,material_material_pair,material_mechanism_pair,mechanism_mechanism_pair,tg_history_frequency_u,tg_history_frequency_v,tg_history_frequency_sum,tg_both_concepts_seen,cutoff_year,future_window,future_edge_label,logistic_score,random_forest_score,ml_score,graph_score,hybrid_score,predicted_class,hybrid_rank,pair_layer,pair_layer_name
1,C95D66F92B2,CDAC0413DCA,carbon nanotube family,gelatin-based polymer family,material_entity,material_entity,0.3682229518890381,27,20,20,27,33,7,7,33,0.2121212121212121,20,7,27,4.666666666666667,2.3333333333333335,13,2,6,0.1463414634146341,2.3432522806730107,540,1,1,1,1,0,0,11,4,15,1,2022,2023-2026,0,0.8114097883584087,0.4550773231944819,0.9439914163090128,0.6198605150214592,0.9314377682403434,1,17,M-M,material-material
2,C78B8F896F7,CDAC0413DCA,polyacrylamide (PAM),gelatin-based polymer family,material_entity,material_entity,0.5110007524490356,9,20,9,20,3,7,3,7,0.4285714285714285,3,7,10,1.0,2.3333333333333335,0,2,3,0.1153846153846153,1.080845430228495,180,1,1,1,1,0,0,2,4,6,1,2022,2023-2026,0,0.7950769349191601,0.5394750381284011,0.9581545064377684,0.3793991416309012,0.9055793991416308,1,32,M-M,material-material
3,C0783369D77,C3F66DD37CA,PEDOT family,H2O,material_entity,material_entity,0.3287550508975982,44,10,10,44,55,4,4,55,0.0727272727272727,34,2,36,6.0,0.6666666666666666,10,8,4,0.08,1.7657873408836038,440,1,1,1,1,0,0,2,2,4,1,2022,2023-2026,0,0.5043904384057961,0.3779968691906355,0.8856223175965665,0.5023497854077253,0.867489270386266,0,71,M-M,material-material
4,C1AAB990F48,CDAC0413DCA,SiO2,gelatin-based polymer family,material_entity,material_entity,0.2240517884492874,3,20,3,20,4,7,4,7,0.5714285714285714,3,7,10,0.6666666666666666,2.3333333333333335,4,2,1,0.0454545454545454,0.3034130755422791,60,1,1,1,1,0,0,1,4,5,1,2022,2023-2026,0,0.8460944211981422,0.4049938943007635,0.9298283261802576,0.1930901287553648,0.8575107296137339,0,82,M-M,material-material
5,C4B2BA55977,C7B823B5BB0,KNO3,poly(vinyl alcohol) (PVA),material_entity,material_entity,0.3960338830947876,9,21,9,21,2,11,2,11,0.1818181818181818,2,6,8,0.6666666666666666,1.3333333333333333,2,8,4,0.1538461538461538,1.444088097025388,189,1,1,1,1,0,0,2,2,4,1,2022,2023-2026,0,0.340532187739771,0.3993513121154049,0.876824034334764,0.4294635193133047,0.8466738197424892,0,95,M-M,material-material
6,C06F57A9BCA,C9642D16DCA,polymer electrolyte,graphene oxide,material_system,material_entity,0.2922075390815735,13,17,13,17,9,9,9,9,1.0,4,5,9,0.6666666666666666,1.0,19,10,2,0.0714285714285714,0.5919520837200718,221,1,1,0,1,0,0,2,4,6,1,2022,2023-2026,0,0.4484576764431337,0.4474297308540954,0.9066523605150216,0.2845064377682403,0.846244635193133,0,97,M-M,material-material
7,C6D6399FFC8,CDBBD5033EA,HfS2,HfSe2,material_entity,material_entity,0.9735229015350342,9,9,9,9,2,2,2,2,1.0,2,2,4,0.6666666666666666,0.6666666666666666,2,2,8,0.8,3.777005342585034,81,1,1,1,1,0,0,0,0,0,0,2022,2023-2026,0,0.918182780952774,0.2489893839491192,0.8319742489270385,0.6721137339055795,0.8427038626609442,0,102,M-M,material-material
8,C0783369D77,C621A7A9629,PEDOT family,polyurethane (PU),material_entity,material_entity,0.5700174570083618,44,8,8,44,55,5,5,55,0.0909090909090909,34,5,39,6.0,1.6666666666666667,10,2,7,0.1555555555555555,2.37436717682875,352,1,1,1,1,0,0,2,0,2,0,2022,2023-2026,0,0.3898434842565084,0.3188861021669937,0.8289699570815451,0.6591309012875536,0.8349785407725322,0,109,M-M,material-material
9,CB19ED8936D,CDBBD5033EA,MoS2,HfSe2,material_entity,material_entity,0.4558271765708923,6,9,6,9,2,2,2,2,1.0,2,2,4,0.6666666666666666,0.6666666666666666,2,2,5,0.5,1.6732086619069948,54,1,1,1,1,0,0,0,0,0,0,2022,2023-2026,0,0.804722304081428,0.2875410377008847,0.8523605150214593,0.4885407725321888,0.8342274678111589,0,110,M-M,material-material
10,C6E1ADCF1C9,CBD5EA3A3DA,Et3Si,[Bi3I12],material_entity,material_entity,0.7615538835525513,6,6,6,6,2,2,2,2,1.0,0,0,0,-0.3333333333333333,-0.3333333333333333,6,6,5,0.7142857142857143,2.154070430815426,36,1,1,1,1,0,0,0,0,0,0,2022,2023-2026,0,0.7902063653242078,0.2763263973406076,0.8412017167381974,0.5269098712446353,0.832725321888412,0,112,M-M,material-material
11,C2106B674B9,CCFD9A81EEE,iodide/triiodide,solid electrolyte,material_entity,material_system,0.2413690984249115,4,11,4,11,4,8,4,8,0.5,1,3,4,0.0,0.6666666666666666,9,25,3,0.25,0.8790076608801705,44,1,1,0,1,0,0,7,1,8,1,2022,2023-2026,0,0.1836307000305942,0.4458836008967328,0.8757510729613734,0.3226716738197424,0.8277896995708155,0,118,M-M,material-material
12,C6D6399FFC8,CB19ED8936D,HfS2,MoS2,material_entity,material_entity,0.4765977263450622,9,6,6,9,2,2,2,2,1.0,2,2,4,0.6666666666666666,0.6666666666666666,2,2,5,0.5,1.6732086619069948,54,1,1,1,1,0,0,0,0,0,0,2022,2023-2026,0,0.7547661053281026,0.2849101385330929,0.8439914163090129,0.4904721030042918,0.8276824034334764,0,119,M-M,material-material
13,C06F57A9BCA,C95D66F92B2,polymer electrolyte,carbon nanotube family,material_system,material_entity,0.2100131213665008,13,27,13,27,9,33,9,33,0.2727272727272727,4,20,24,0.6666666666666666,4.666666666666667,19,13,4,0.1111111111111111,1.212252741320286,351,1,1,0,1,0,0,2,11,13,1,2022,2023-2026,0,0.1039938599159356,0.4390538932920833,0.8545064377682403,0.4134227467811158,0.8239270386266095,0,121,M-M,material-material
14,C7507F5D319,C78B8F896F7,ClO4,polyacrylamide (PAM),material_entity,material_entity,0.4266554713249206,4,9,4,9,2,3,2,3,0.6666666666666666,2,3,5,0.6666666666666666,1.0,0,0,2,0.1818181818181818,0.6336373756903146,36,1,1,1,1,0,0,0,2,2,0,2022,2023-2026,0,0.6979960266349465,0.3346808239271171,0.8740343347639485,0.3127682403433476,0.8236587982832618,0,122,M-M,material-material
15,C9642D16DCA,CDF78985483,graphene oxide,nanocomposite,material_entity,material_system,0.3802064657211303,17,21,17,21,9,13,9,13,0.6923076923076923,5,7,12,1.0,0.3333333333333333,10,5,7,0.2258064516129032,2.1976070279484357,357,1,1,0,1,0,0,4,1,5,1,2022,2023-2026,0,0.3105038284056593,0.3251389346716577,0.8246781115879829,0.6137875536480687,0.8226931330472103,0,123,M-M,material-material
16,C06F57A9BCA,C7B823B5BB0,polymer electrolyte,poly(vinyl alcohol) (PVA),material_system,material_entity,0.5189489722251892,13,21,13,21,9,11,9,11,0.8181818181818182,4,6,10,0.6666666666666666,1.3333333333333333,19,8,7,0.2592592592592592,2.9779685203276034,273,1,1,0,1,0,0,2,2,4,1,2022,2023-2026,0,0.3222282897919427,0.2984814439167059,0.8139484978540773,0.6622103004291846,0.8192596566523606,0,130,M-M,material-material
17,C6181968680,CDF78985483,graphene,nanocomposite,material_entity,material_system,0.3817626535892486,27,21,21,27,19,13,13,19,0.6842105263157895,12,7,19,3.0,0.3333333333333333,10,5,9,0.2307692307692307,3.0169276700284615,567,1,1,0,1,0,0,6,1,7,1,2022,2023-2026,0,0.344836481800562,0.2826864829333656,0.8034334763948499,0.71887339055794,0.819206008583691,0,131,M-M,material-material
18,C06F57A9BCA,CAEB010ACF4,polymer electrolyte,polyethylene glycol (PEG),material_system,material_entity,0.4701945781707763,13,20,13,20,9,7,7,9,0.7777777777777778,4,3,7,0.6666666666666666,0.3333333333333333,19,8,2,0.064516129032258,0.5483378213400146,260,1,1,0,1,0,0,2,0,2,0,2022,2023-2026,0,0.2951433410462561,0.3773950609440251,0.8590128755364808,0.3046459227467811,0.8092274678111588,0,138,M-M,material-material
19,C6181968680,CF840763400,graphene,TiO2,material_entity,material_entity,0.4228570461273193,27,9,9,27,19,21,19,21,0.9047619047619048,12,2,14,3.0,-1.0,10,18,4,0.125,1.1157588449336862,243,1,1,1,1,0,0,6,1,7,1,2022,2023-2026,0,0.2967899409070599,0.3337131132430964,0.8317596566523605,0.4235729613733905,0.799892703862661,0,151,M-M,material-material
20,C1AAB990F48,C95D66F92B2,SiO2,carbon nanotube family,material_entity,material_entity,0.3291155695915222,3,27,3,27,4,33,4,33,0.1212121212121212,3,20,23,0.6666666666666666,4.666666666666667,4,13,2,0.0714285714285714,0.6223472088731268,81,1,1,1,1,0,0,1,11,12,1,2022,2023-2026,0,0.3883003151591035,0.3405058789047836,0.8465665236051502,0.3033154506437768,0.7971030042918454,0,153,M-M,material-material
21,C5FBBE86551,C6C76863E52,polyvinylidene fluoride (PVDF),copper electrode,material_entity,material_entity,0.3163904547691345,3,5,3,5,5,3,3,5,0.6,4,1,5,1.0,0.3333333333333333,3,10,1,0.1428571428571428,0.2885390081777926,15,1,1,1,1,0,0,3,3,6,1,2022,2023-2026,0,0.5996800518994873,0.3156353820495647,0.8478540772532188,0.2395064377682403,0.7904506437768241,0,161,M-M,material-material
22,C06F57A9BCA,C7802AE4324,polymer electrolyte,deep eutectic solvent,material_system,material_system,0.5795574188232422,13,10,10,13,9,4,4,9,0.4444444444444444,4,1,5,0.6666666666666666,0.0,19,7,5,0.2777777777777778,1.59963005017411,130,1,1,1,1,0,0,2,0,2,0,2022,2023-2026,0,0.1286043770229915,0.3279935749275953,0.8006437768240343,0.500783261802575,0.7810085836909871,0,168,M-M,material-material
23,C5B8C057FAD,CFC9D296861,metal oxide,Bi2Se3,material_system,material_entity,0.3449776172637939,13,17,13,17,9,8,8,9,0.8888888888888888,4,2,6,1.0,-0.3333333333333333,21,12,1,0.0344827586206896,0.2749075777424936,221,1,1,0,1,0,0,2,0,2,0,2022,2023-2026,0,0.2051309329803184,0.3563798898575632,0.8377682403433476,0.2356008583690987,0.7774678111587984,0,171,M-M,material-material
24,C06F57A9BCA,CDDD624085F,polymer electrolyte,deep-eutectic eutogel electrolyte,material_system,material_system,0.5077490210533142,13,10,10,13,9,4,4,9,0.4444444444444444,4,1,5,0.6666666666666666,0.0,19,7,5,0.2777777777777778,1.59963005017411,130,1,1,1,1,0,0,2,0,2,0,2022,2023-2026,0,0.1253503646306416,0.3237615257320014,0.796137339055794,0.4978218884120171,0.7736051502145922,0,176,M-M,material-material
25,C3848258807,CDAC0413DCA,Al2O3,gelatin-based polymer family,material_entity,material_entity,0.2687660455703735,8,20,8,20,8,7,7,8,0.875,3,7,10,0.6666666666666666,2.3333333333333335,27,2,1,0.037037037037037,0.2543347781440422,160,1,1,1,1,0,0,0,4,4,0,2022,2023-2026,0,0.5033353668963518,0.2988357579250691,0.8351931330472103,0.2209656652360515,0.7729613733905579,0,177,M-M,material-material
1,CA8C62A4868,CDAC0413DCA,redox reaction entropy,gelatin-based polymer family,solvation_entropy,material_entity,0.0361557379364967,19,20,19,20,7,7,7,7,1.0,4,7,11,0.6666666666666666,2.3333333333333335,8,2,6,0.1818181818181818,1.811327329307876,380,1,1,0,0,1,0,11,4,15,1,2022,2023-2026,0,0.9827890364465924,0.6420787190745777,0.9892703862660944,0.4685944206008584,0.9411480686695278,1,8,M-X,material-mechanism
2,C4B2BA55977,C7932B1CE8C,KNO3,chaotropic polymer-water disruption,material_entity,gel_microstructure,0.1484482437372207,9,17,9,17,2,4,2,4,0.5,2,2,4,0.6666666666666666,0.0,2,4,6,0.3,2.0537736323421565,153,1,1,0,0,1,0,2,5,7,1,2022,2023-2026,0,0.942813129168014,0.58065722462524,0.9793991416309012,0.4785622317596567,0.9355150214592274,1,12,M-X,material-mechanism
3,C275FB7C4B0,C37031A3390,iodide/triiodide redox chemistry,cellulose,redox_chemistry,material_entity,0.0595256239175796,21,21,21,21,18,12,12,18,0.6666666666666666,9,10,19,1.6666666666666667,2.6666666666666665,12,5,6,0.1666666666666666,2.855803743958744,441,1,1,0,0,1,0,8,1,9,1,2022,2023-2026,0,0.8602069547538834,0.4768373754150682,0.9534334763948498,0.5543562231759657,0.9329935622317596,1,15,M-X,material-mechanism
4,C6210B1A223,C872881EC3C,reduced graphene oxide,gel-confined redox transport,material_entity,gel_microstructure,0.1178820580244064,7,19,7,19,3,8,3,8,0.375,3,8,11,1.0,2.6666666666666665,2,2,4,0.1818181818181818,1.1928575466578286,133,1,1,0,0,1,0,3,7,10,1,2022,2023-2026,0,0.9704897829991184,0.7658550994187249,0.9959227467811158,0.3474678111587983,0.9239270386266096,1,20,M-X,material-mechanism
5,C275FB7C4B0,CDF78985483,iodide/triiodide redox chemistry,nanocomposite,redox_chemistry,material_system,0.0422836877405643,21,21,21,21,18,13,13,18,0.7222222222222222,9,7,16,1.6666666666666667,0.3333333333333333,12,5,6,0.1666666666666666,2.1820785348921024,441,1,1,0,0,1,0,8,1,9,1,2022,2023-2026,0,0.8334553647340155,0.4896263076396941,0.9525751072961371,0.508851931330472,0.9212446351931332,1,21,M-X,material-mechanism
6,C3DA2C4151E,C84C6A613D4,aqueous electrolyte,cellulose nanofiber scaffold,material_system,gel_microstructure,0.2309776693582534,7,24,7,24,2,17,2,17,0.1176470588235294,1,15,16,0.3333333333333333,4.333333333333333,9,5,6,0.24,2.274750699956977,168,1,1,0,0,1,0,5,3,8,1,2022,2023-2026,0,0.7803748504707322,0.4653813097189925,0.9427038626609444,0.555332618025751,0.9207081545064376,1,22,M-X,material-mechanism
7,C6181968680,C7932B1CE8C,graphene,chaotropic polymer-water disruption,material_entity,gel_microstructure,0.1059189066290855,27,17,17,27,19,4,4,19,0.2105263157894736,12,2,14,3.0,0.0,10,4,5,0.1282051282051282,1.5300248165987316,459,1,1,0,0,1,0,6,5,11,1,2022,2023-2026,0,0.8868517362176658,0.5659748561518385,0.9703862660944208,0.4183905579399141,0.9182403433476396,1,25,M-X,material-mechanism
8,C5DEA4DF37C,CFBB5A400A1,Zn4Sb3,cation-anion thermodiffusion asymmetry,material_entity,transport_mechanism,0.1335853636264801,8,8,8,8,5,5,5,5,1.0,4,3,7,1.0,0.6666666666666666,5,6,4,0.3333333333333333,1.1118605312856091,64,1,1,0,0,1,0,0,3,3,0,2022,2023-2026,0,0.9184375922726116,0.5969841870581045,0.9789699570815452,0.343980686695279,0.91137339055794,1,29,M-X,material-mechanism
9,C10C4FF4B6C,C6181968680,hydrogen bonding,graphene,solvation_entropy,material_entity,0.1576987206935882,18,27,18,27,8,19,8,19,0.4210526315789473,3,12,15,0.3333333333333333,3.0,18,10,5,0.125,1.537004684202299,486,1,1,0,0,1,0,5,6,11,1,2022,2023-2026,0,0.5644865430141681,0.5484515685080988,0.9401287553648068,0.4375643776824034,0.8982832618025751,0,38,M-X,material-mechanism
10,C10C4FF4B6C,C4B2BA55977,hydrogen bonding,KNO3,solvation_entropy,material_entity,0.226997971534729,18,9,9,18,8,2,2,8,0.25,3,2,5,0.3333333333333333,0.6666666666666666,18,2,4,0.1739130434782608,1.4265705795172456,162,1,1,0,0,1,0,5,2,7,1,2022,2023-2026,0,0.7102314747488088,0.5438023557355731,0.9512875536480688,0.3833261802575107,0.8977467811158799,0,40,M-X,material-mechanism
11,C3002C089A5,C5DEA4DF37C,ionic thermodiffusion (Soret effect),Zn4Sb3,transport_mechanism,material_entity,0.208962082862854,44,8,8,44,42,5,5,42,0.119047619047619,26,4,30,5.666666666666667,1.0,23,5,5,0.1063829787234042,1.5708003788368328,352,1,1,0,0,1,0,15,0,15,0,2022,2023-2026,0,0.94486792374615,0.3826177485652898,0.9285407725321888,0.4677038626609441,0.8960300429184549,0,43,M-X,material-mechanism
12,C5B8C057FAD,CEA29EF1A99,metal oxide,thermal-gradient heat-transfer control,material_system,device_mechanism,0.0298880506306886,13,16,13,16,9,13,9,13,0.6923076923076923,4,7,11,1.0,1.0,21,9,3,0.1153846153846153,1.4094872683363937,208,1,1,0,0,1,0,2,8,10,1,2022,2023-2026,0,0.7767970152317768,0.6269797073586474,0.9643776824034336,0.3098068669527897,0.8960300429184549,0,42,M-X,material-mechanism
13,C6181968680,CE6FC512ED2,graphene,dynamic crosslinked gel network,material_entity,gel_microstructure,0.1831603050231933,27,26,26,27,19,9,9,19,0.4736842105263157,12,7,19,3.0,1.6666666666666667,10,3,11,0.2619047619047619,3.330433542962934,702,1,1,0,0,1,0,6,2,8,1,2022,2023-2026,0,0.6684852004328814,0.3540055371343281,0.8832618025751073,0.7025858369098713,0.8950643776824034,0,44,M-X,material-mechanism
14,C3DA2C4151E,C539540C36B,aqueous electrolyte,nanochannel-confined ion transport,material_system,transport_mechanism,0.2443941533565521,7,16,7,16,2,4,2,4,0.5,1,3,4,0.3333333333333333,0.6666666666666666,9,4,6,0.3529411764705882,2.2287349201788613,112,1,1,0,0,1,0,5,0,5,0,2022,2023-2026,0,0.8976011222709355,0.3717275630484263,0.9167381974248928,0.5205364806866953,0.894098712446352,0,45,M-X,material-mechanism
15,C08389FD6C6,C9642D16DCA,moisture-gradient ion transport,graphene oxide,transport_mechanism,material_entity,0.0532318167388439,32,17,17,32,27,9,9,27,0.3333333333333333,17,5,22,3.6666666666666665,1.0,20,10,7,0.1666666666666666,2.069402222015614,544,1,1,0,0,1,0,4,4,8,1,2022,2023-2026,0,0.5473716224677913,0.4314255220574858,0.9109442060085836,0.5409656652360515,0.892489270386266,0,46,M-X,material-mechanism
16,CB56BB4DDB0,CDF78985483,carbon-electrode redox interface,nanocomposite,electrode_interface,material_system,0.1187748834490776,13,21,13,21,5,13,5,13,0.3846153846153846,1,7,8,-0.3333333333333333,0.3333333333333333,9,5,4,0.1333333333333333,1.3940767568525712,273,1,1,0,0,1,0,7,1,8,1,2022,2023-2026,0,0.7546116084653742,0.5085989795202921,0.9484978540772532,0.3514377682403434,0.890665236051502,0,49,M-X,material-mechanism
17,C06F57A9BCA,CC028ABF9C6,polymer electrolyte,anti-freezing organohydrogel design,material_system,gel_microstructure,0.218975692987442,13,36,13,36,9,15,9,15,0.6,4,7,11,0.6666666666666666,1.0,19,15,5,0.1136363636363636,1.7602186807440212,468,1,1,0,0,1,0,2,6,8,1,2022,2023-2026,0,0.7819779728377081,0.4067942647256625,0.9240343347639486,0.4651180257510729,0.890450643776824,0,50,M-X,material-mechanism
18,CDF78985483,CEA29EF1A99,nanocomposite,thermal-gradient heat-transfer control,material_system,device_mechanism,-0.0277387537062168,21,16,16,21,13,13,13,13,1.0,7,7,14,0.3333333333333333,1.0,5,9,3,0.088235294117647,0.9131382283580586,336,1,1,0,0,1,0,1,8,9,1,2022,2023-2026,0,0.9062731152715618,0.4630742622767678,0.9553648068669528,0.2869635193133047,0.8889484978540773,0,52,M-X,material-mechanism
19,C275FB7C4B0,CCFD9A81EEE,iodide/triiodide redox chemistry,solid electrolyte,redox_chemistry,material_system,0.2095546275377273,21,11,11,21,18,8,8,18,0.4444444444444444,9,3,12,1.6666666666666667,0.6666666666666666,12,25,3,0.1034482758620689,1.271896442571601,231,1,1,0,0,1,0,8,1,9,1,2022,2023-2026,0,0.4776454788007218,0.7172985010332974,0.9450643776824036,0.3470064377682403,0.8879828326180257,0,54,M-X,material-mechanism
20,C438FE53FF1,CC5968B917E,lithium chloride (LiCl),convection and mass transport,material_entity,transport_mechanism,0.0610382929444313,6,11,6,11,4,8,4,8,0.5,2,2,4,0.3333333333333333,0.3333333333333333,23,23,4,0.3076923076923077,1.2687730031078666,66,1,1,0,0,1,0,2,11,13,1,2022,2023-2026,0,0.6557542873367466,0.5367810671334463,0.9444206008583692,0.3336802575107295,0.8843347639484979,0,55,M-X,material-mechanism
21,C00DD823894,C77E2C49599,organic redox molecular design,bacterial cellulose,redox_chemistry,material_entity,0.1575884819030761,10,6,6,10,8,3,3,8,0.375,3,3,6,0.3333333333333333,1.0,9,0,3,0.2307692307692307,1.201227345748423,60,1,1,0,0,1,0,2,0,2,0,2022,2023-2026,0,0.7253375276943216,0.5032757494954492,0.946137339055794,0.3210944206008584,0.8840128755364807,0,56,M-X,material-mechanism
22,C00DD823894,C37031A3390,organic redox molecular design,cellulose,redox_chemistry,material_entity,0.1585287004709243,10,21,10,21,8,12,8,12,0.6666666666666666,3,10,13,0.3333333333333333,2.6666666666666665,9,5,4,0.1481481481481481,1.7593379722996705,210,1,1,0,0,1,0,2,1,3,1,2022,2023-2026,0,0.8076802518152189,0.4030948089751704,0.9238197424892703,0.4115557939914163,0.880579399141631,0,59,M-X,material-mechanism
23,C08389FD6C6,C5FBBE86551,moisture-gradient ion transport,polyvinylidene fluoride (PVDF),transport_mechanism,material_entity,0.1444381922483444,32,3,3,32,27,5,5,27,0.1851851851851851,17,4,21,3.6666666666666665,1.0,20,3,1,0.0294117647058823,0.6213349345596119,96,1,1,0,0,1,0,4,3,7,1,2022,2023-2026,0,0.8937432168445003,0.4654882715076521,0.9549356223175964,0.2133690987124463,0.8785407725321888,0,64,M-X,material-mechanism
24,C7507F5D319,C872881EC3C,ClO4,gel-confined redox transport,material_entity,gel_microstructure,0.1503150165081024,4,19,4,19,2,8,2,8,0.25,2,8,10,0.6666666666666666,2.6666666666666665,0,2,2,0.0952380952380952,0.7491337171086248,76,1,1,0,0,1,0,0,7,7,0,2022,2023-2026,0,0.9481127699405076,0.4412784645311932,0.9532188841201716,0.2248927038626609,0.8776824034334765,0,65,M-X,material-mechanism
25,C590DF9EFD4,CBFAB31D6E6,organohydrogel,electrostatic interaction,material_system,solvation_entropy,0.1696915179491043,7,15,7,15,2,6,2,6,0.3333333333333333,2,3,5,0.6666666666666666,0.6666666666666666,1,7,3,0.1578947368421052,1.3028198522170802,105,1,1,0,0,1,0,1,1,2,1,2022,2023-2026,0,0.8126773057091858,0.4393935441832278,0.9373390557939912,0.3116738197424893,0.8760729613733906,0,66,M-X,material-mechanism
1,C275FB7C4B0,CEA29EF1A99,iodide/triiodide redox chemistry,thermal-gradient heat-transfer control,redox_chemistry,device_mechanism,0.0168948471546173,21,16,16,21,18,13,13,18,0.7222222222222222,9,7,16,1.6666666666666667,1.0,12,9,7,0.2333333333333333,2.4688725961030635,336,1,1,0,0,0,1,8,8,16,1,2022,2023-2026,0,0.973274805197015,0.6547927573284538,0.9888412017167382,0.5517596566523604,0.9542918454935624,1,1,X-X,mechanism-mechanism
2,C7932B1CE8C,CE6FC512ED2,chaotropic polymer-water disruption,dynamic crosslinked gel network,gel_microstructure,gel_microstructure,0.4072316586971283,17,26,17,26,4,9,4,9,0.4444444444444444,2,7,9,0.0,1.6666666666666667,4,3,6,0.1621621621621621,1.854968954463927,442,1,1,1,0,0,1,5,2,7,1,2022,2023-2026,0,0.9503899645770792,0.591520359665457,0.9817596566523604,0.5524141630901287,0.9505364806866952,1,2,X-X,mechanism-mechanism
3,C5E63317596,CE6FC512ED2,hierarchical porous electrode interface,dynamic crosslinked gel network,electrode_interface,gel_microstructure,0.2241126894950866,13,26,13,26,2,9,2,9,0.2222222222222222,2,7,9,0.6666666666666666,1.6666666666666667,0,3,8,0.2580645161290322,3.092943745522898,338,1,1,0,0,0,1,2,2,4,1,2022,2023-2026,0,0.9366585140270244,0.4431984913155692,0.9530042918454936,0.6318884120171674,0.9429184549356224,1,7,X-X,mechanism-mechanism
4,C275FB7C4B0,CBFAB31D6E6,iodide/triiodide redox chemistry,electrostatic interaction,redox_chemistry,solvation_entropy,0.2178097069263458,21,15,15,21,18,6,6,18,0.3333333333333333,9,3,12,1.6666666666666667,0.6666666666666666,12,7,5,0.1612903225806451,1.8489836169689648,315,1,1,0,0,0,1,8,1,9,1,2022,2023-2026,0,0.9273244082489482,0.7482594031998127,0.98862660944206,0.4813948497854077,0.940665236051502,1,9,X-X,mechanism-mechanism
5,C5E63317596,CB25BC3FC14,hierarchical porous electrode interface,double/interpenetrating network,electrode_interface,gel_microstructure,0.3161391615867615,13,10,10,13,2,2,2,2,1.0,2,2,4,0.6666666666666666,0.6666666666666666,0,0,8,0.5333333333333333,2.965576940049781,130,1,1,0,0,0,1,2,1,3,1,2022,2023-2026,0,0.9918032615226174,0.4216568754472643,0.9527896995708154,0.6148175965665236,0.9383047210300428,1,10,X-X,mechanism-mechanism
6,C00DD823894,C275FB7C4B0,organic redox molecular design,iodide/triiodide redox chemistry,redox_chemistry,redox_chemistry,0.5952603220939636,10,21,10,21,8,18,8,18,0.4444444444444444,3,9,12,0.3333333333333333,1.6666666666666667,9,12,4,0.1481481481481481,1.529686084501474,210,1,1,1,0,0,1,2,8,10,1,2022,2023-2026,0,0.9157030723412768,0.7050854015844648,0.9858369098712446,0.4675858369098712,0.936480686695279,1,11,X-X,mechanism-mechanism
7,C00DD823894,C84C6A613D4,organic redox molecular design,cellulose nanofiber scaffold,redox_chemistry,gel_microstructure,0.1698009669780731,10,24,10,24,8,17,8,17,0.4705882352941176,3,15,18,0.3333333333333333,4.333333333333333,9,5,5,0.1724137931034483,2.1015974693616477,240,1,1,0,0,0,1,2,3,5,1,2022,2023-2026,0,0.9133895805685524,0.5747985806902544,0.9753218884120172,0.4933369098712445,0.9334763948497856,1,13,X-X,mechanism-mechanism
8,C3002C089A5,CEA29EF1A99,ionic thermodiffusion (Soret effect),thermal-gradient heat-transfer control,transport_mechanism,device_mechanism,0.3174004256725311,44,16,16,44,42,13,13,42,0.3095238095238095,26,7,33,5.666666666666667,1.0,23,9,4,0.0714285714285714,1.2816733263950075,704,1,1,0,0,0,1,15,8,23,1,2022,2023-2026,0,0.9939763190113906,0.5196729750389576,0.9781115879828326,0.4679506437768239,0.9318669527896996,1,16,X-X,mechanism-mechanism
9,C10D3798CF7,CF203EF8121,selective solvation,Eastman entropy of transfer,solvation_entropy,solvation_entropy,0.6834225654602051,9,11,9,11,3,7,3,7,0.4285714285714285,2,2,4,0.3333333333333333,-1.0,3,5,3,0.1764705882352941,1.0342458852254528,99,1,1,1,0,0,1,6,2,8,1,2022,2023-2026,0,0.9720474027310204,0.6937712625987621,0.9912017167381976,0.3736587982832618,0.926824034334764,1,19,X-X,mechanism-mechanism
10,C3002C089A5,CC5968B917E,ionic thermodiffusion (Soret effect),convection and mass transport,transport_mechanism,transport_mechanism,0.3277872204780578,44,11,11,44,42,8,8,42,0.1904761904761904,26,2,28,5.666666666666667,0.3333333333333333,23,23,6,0.1224489795918367,2.2628018084471613,484,1,1,1,0,0,1,15,11,26,1,2022,2023-2026,0,0.984956163334795,0.3730629549082689,0.9296137339055794,0.5952896995708155,0.9197424892703864,1,23,X-X,mechanism-mechanism
11,CBFAB31D6E6,CEA29EF1A99,electrostatic interaction,thermal-gradient heat-transfer control,solvation_entropy,device_mechanism,0.0281407237052917,15,16,15,16,6,13,6,13,0.4615384615384615,3,7,10,0.6666666666666666,1.0,7,9,4,0.1481481481481481,1.603729634755778,240,1,1,0,0,0,1,1,8,9,1,2022,2023-2026,0,0.8993663962127504,0.6793769170343557,0.980472103004292,0.3696137339055794,0.9185622317596568,1,24,X-X,mechanism-mechanism
12,C5E47CC0A62,CBFAB31D6E6,Hofmeister/chaotropic effect,electrostatic interaction,gel_microstructure,solvation_entropy,0.3215691447257995,12,15,12,15,3,6,3,6,0.5,2,3,5,0.3333333333333333,0.6666666666666666,4,7,3,0.125,1.4142885902049862,180,1,1,0,0,0,1,2,1,3,1,2022,2023-2026,0,0.9334547534540552,0.5600152130854253,0.9757510729613734,0.366587982832618,0.9129828326180258,1,26,X-X,mechanism-mechanism
13,C63ED77BD64,C6C09287FDB,band engineering,high-entropy redox/ion coupling,solid_state_mechanism,solvation_entropy,0.1596034616231918,8,7,7,8,5,4,4,5,0.8,4,4,8,1.0,1.3333333333333333,3,2,3,0.25,0.8069873694907367,56,1,1,0,0,0,1,0,2,2,0,2022,2023-2026,0,0.9714162474046956,0.6706471817347678,0.9892703862660944,0.3030901287553648,0.9123927038626608,1,27,X-X,mechanism-mechanism
14,C555F4672C1,C6C09287FDB,configurational-entropy modulation,high-entropy redox/ion coupling,phase_or_species_transition,solvation_entropy,0.6008002758026123,7,7,7,7,4,4,4,4,1.0,3,4,7,0.6666666666666666,1.3333333333333333,4,2,2,0.1666666666666666,0.5100131651173666,49,1,1,0,0,0,1,0,2,2,0,2022,2023-2026,0,0.9775590075728664,0.6069038754004071,0.986695278969957,0.3156545064377683,0.9114806866952788,1,28,X-X,mechanism-mechanism
15,C188B56F6F1,CEA29EF1A99,ion-selectivity membrane transport,thermal-gradient heat-transfer control,transport_mechanism,device_mechanism,0.167332261800766,41,16,16,41,23,13,13,23,0.5652173913043478,11,7,18,2.0,1.0,23,9,3,0.0555555555555555,1.0906234997787672,656,1,1,0,0,0,1,9,8,17,1,2022,2023-2026,0,0.9519512611046442,0.5249124937059345,0.9736051502145924,0.3489699570815451,0.9078326180257512,1,31,X-X,mechanism-mechanism
16,C5E63317596,CC028ABF9C6,hierarchical porous electrode interface,anti-freezing organohydrogel design,electrode_interface,gel_microstructure,0.194715604186058,13,36,13,36,2,15,2,15,0.1333333333333333,2,7,9,0.6666666666666666,1.0,0,15,7,0.1666666666666666,2.7870079079820753,468,1,1,0,0,0,1,2,6,8,1,2022,2023-2026,0,0.9126793472376254,0.3675588418678516,0.9163090128755365,0.5713733905579399,0.9012875536480686,1,35,X-X,mechanism-mechanism
17,C8AD5B453CC,CC5968B917E,ion diffusion,convection and mass transport,transport_mechanism,transport_mechanism,0.5085238218307495,41,11,11,41,19,8,8,19,0.4210526315789473,12,2,14,3.0,0.3333333333333333,23,23,7,0.1555555555555555,2.644076524175235,451,1,1,1,0,0,1,2,11,13,1,2022,2023-2026,0,0.7261563961516443,0.3472816396912033,0.8871244635193133,0.6364055793991416,0.8920600858369099,0,47,X-X,mechanism-mechanism
18,C58F3B85353,CA8C62A4868,thermoresponsive micellization p/n conversion,redox reaction entropy,phase_or_species_transition,solvation_entropy,0.2518406510353088,4,19,4,19,2,7,2,7,0.2857142857142857,1,4,5,0.0,0.6666666666666666,5,8,1,0.0454545454545454,0.4170323914242463,76,1,1,0,0,0,1,1,11,12,1,2022,2023-2026,0,0.9877536831451824,0.5101782087009485,0.9761802575107296,0.1907081545064377,0.8889484978540773,0,53,X-X,mechanism-mechanism
19,C845F498233,CC028ABF9C6,ion-dipole interaction,anti-freezing organohydrogel design,solvation_entropy,gel_microstructure,0.1170232370495796,5,36,5,36,2,15,2,15,0.1333333333333333,1,7,8,0.0,1.0,3,15,3,0.0789473684210526,1.2855973198204504,180,1,1,0,0,0,1,1,6,7,1,2022,2023-2026,0,0.9688333277825742,0.4255262551638783,0.951931330472103,0.2778540772532188,0.8811158798283263,0,58,X-X,mechanism-mechanism
20,C8AD5B453CC,CBA7A0F0CA3,ion diffusion,thermogalvanic redox conversion,transport_mechanism,device_mechanism,0.1931621432304382,41,23,23,41,19,11,11,19,0.5789473684210527,12,7,19,3.0,1.0,23,5,6,0.1034482758620689,2.150405546114506,943,1,1,0,0,0,1,2,41,43,1,2022,2023-2026,0,0.9994898458878516,0.3252142617237106,0.896137339055794,0.542832618025751,0.8791309012875537,0,62,X-X,mechanism-mechanism
21,CBFAB31D6E6,CC028ABF9C6,electrostatic interaction,anti-freezing organohydrogel design,solvation_entropy,gel_microstructure,0.1755702495574951,15,36,15,36,6,15,6,15,0.4,3,7,10,0.6666666666666666,1.0,7,15,6,0.1333333333333333,2.3099031006986555,540,1,1,0,0,0,1,1,6,7,1,2022,2023-2026,0,0.8900735758722907,0.3426289598679802,0.8984978540772532,0.5190021459227468,0.878969957081545,0,63,X-X,mechanism-mechanism
22,C8AD5B453CC,CF203EF8121,ion diffusion,Eastman entropy of transfer,transport_mechanism,solvation_entropy,0.4624205827713012,41,11,11,41,19,7,7,19,0.3684210526315789,12,2,14,3.0,-1.0,23,5,2,0.04,0.5831863588402464,451,1,1,0,0,0,1,2,2,4,1,2022,2023-2026,0,0.8750557310587278,0.3953912455590478,0.926609442060086,0.3447103004291845,0.873068669527897,0,68,X-X,mechanism-mechanism
23,C78D65254F9,CC5968B917E,phase transition,convection and mass transport,phase_or_species_transition,transport_mechanism,0.2148225903511047,51,11,11,51,48,8,8,48,0.1666666666666666,17,2,19,1.3333333333333333,0.3333333333333333,19,23,4,0.0689655172413793,1.5799918183720008,561,1,1,0,0,0,1,5,11,16,1,2022,2023-2026,0,0.4168826882120439,0.4895248502892117,0.9107296137339056,0.4293669527896995,0.8716738197424893,0,69,X-X,mechanism-mechanism
24,C275FB7C4B0,C520B85DE7A,iodide/triiodide redox chemistry,grain-boundary scattering,redox_chemistry,solid_state_mechanism,0.0693268179893493,21,6,6,21,18,3,3,18,0.1666666666666666,9,2,11,1.6666666666666667,0.6666666666666666,12,6,3,0.125,1.3644642396416575,126,1,1,0,0,0,1,8,0,8,0,2022,2023-2026,0,0.9133237464066284,0.3937511190344648,0.9304721030042918,0.2996351931330472,0.871030042918455,0,70,X-X,mechanism-mechanism
25,C188B56F6F1,C275FB7C4B0,ion-selectivity membrane transport,iodide/triiodide redox chemistry,transport_mechanism,redox_chemistry,0.2424048036336898,41,21,21,41,23,18,18,23,0.782608695652174,11,9,20,2.0,1.6666666666666667,23,12,6,0.1071428571428571,2.4234368053508732,861,1,1,0,0,0,1,9,8,17,1,2022,2023-2026,0,0.9016431798990804,0.2920728733879909,0.865236051502146,0.5809871244635193,0.8625536480686695,0,79,X-X,mechanism-mechanism
