lever_code,lever_label_cn,target_redox_family,target_redox_system_cn,cell_state,observed_first_year,strict_regex_first_year,composite_proxy_first_year,manual_direct_prior_count,manual_direct_prior_earliest_year,ite_source_paper_count_at_cutoff,TG_target_paper_count_at_cutoff,adoption_rank_score_0_100,within_target_rank_score_0_100,raw_model_score,common_neighbors,common_neighbor_lever_codes,graph_support_tier,cold_start_extrapolation,curated_program_ids,curated_program_titles_cn,curated_program_overlay,interpretation,row_order,column_order
self_healing_or_tough_gel,自修复/动态韧化网络,ferri_ferrocyanide,[Fe(CN)6]3−/[Fe(CN)6]4−,forecast_candidate,,,,0,,12,69,99.01960784313727,100.0,0.9473529411764708,3.0,antifreeze_or_low_volatility_gel; coordination_or_ion_pairing; hydration_and_solvation,A_connected,False,,,False,eligible one-year transfer-proxy forecast; not experimental success probability,0,0
self_healing_or_tough_gel,自修复/动态韧化网络,iodide_triiodide,I−/I3−,observed_in_strict_TG_graph,2025.0,2025.0,2025.0,0,,12,13,,,,,,,,,,False,historically observed by the local-corpus transfer proxy,0,1
self_healing_or_tough_gel,自修复/动态韧化网络,fe_ii_iii,Fe2+/Fe3+,forecast_candidate,,,,0,,12,19,100.0,100.0,0.9582352941176472,4.0,antifreeze_or_low_volatility_gel; coordination_or_ion_pairing; hydration_and_solvation; ph_or_protonation_switch,A_connected,False,,,False,eligible one-year transfer-proxy forecast; not experimental success probability,0,2
self_healing_or_tough_gel,自修复/动态韧化网络,quinone_hydroquinone,醌/氢醌（Q/HQ）,forecast_candidate,,,,0,,12,2,56.86274509803921,87.5,0.3942647058823529,0.0,,C_cold_or_sparse,False,,,False,eligible one-year transfer-proxy forecast; not experimental success probability,0,3
self_healing_or_tough_gel,自修复/动态韧化网络,copper,Cu/Cu2+ 或 Cu 配合物,forecast_candidate,,,,0,,12,13,95.09803921568627,100.0,0.8959313725490198,2.0,coordination_or_ion_pairing; hydration_and_solvation,A_connected,False,,,False,eligible one-year transfer-proxy forecast; not experimental success probability,0,4
self_healing_or_tough_gel,自修复/动态韧化网络,cobalt_complex,Co 配合物氧化还原对,forecast_candidate,,,,0,,12,5,94.11764705882352,100.0,0.8750490196078432,2.0,antifreeze_or_low_volatility_gel; hydration_and_solvation,A_connected,False,,,False,eligible one-year transfer-proxy forecast; not experimental success probability,0,5
self_healing_or_tough_gel,自修复/动态韧化网络,ferrocene_ferrocenium,二茂铁/二茂铁鎓,forecast_candidate,,,,0,,12,3,45.09803921568628,87.5,0.38151960784313727,0.0,,C_cold_or_sparse,False,,,False,eligible one-year transfer-proxy forecast; not experimental success probability,0,6
self_healing_or_tough_gel,自修复/动态韧化网络,polysulfide_or_sulfite,SO4²−/SO3²−（本地语料）,forecast_candidate,,,,0,,12,2,64.70588235294117,73.33333333333333,0.44102941176470584,0.0,,C_cold_or_sparse,False,,,False,eligible one-year transfer-proxy forecast; not experimental success probability,0,7
self_healing_or_tough_gel,自修复/动态韧化网络,metal_complex_other,其他金属配合物氧化还原对,insufficient_TG_target_history,,,,0,,12,1,,,,,,,,,,False,not scored because the historical risk-set gate is not met,0,8
oriented_or_confined_channels,取向/限域离子通道,ferri_ferrocyanide,[Fe(CN)6]3−/[Fe(CN)6]4−,observed_in_strict_TG_graph,2024.0,2024.0,2024.0,1,2024.0,9,69,,,,,,,,PRG_9e58569c757c,用取向离子通道解耦 TG 凝胶的机械强度与红氧扩散,True,historically observed by the local-corpus transfer proxy,1,0
oriented_or_confined_channels,取向/限域离子通道,iodide_triiodide,I−/I3−,forecast_candidate,,,,0,,9,13,97.05882352941177,100.0,0.9128921568627452,3.0,hydration_and_solvation; osmotic_or_concentration_gradient; thermodiffusion_or_soret,A_connected,False,,,False,eligible one-year transfer-proxy forecast; not experimental success probability,1,1
oriented_or_confined_channels,取向/限域离子通道,fe_ii_iii,Fe2+/Fe3+,forecast_candidate,,,,0,,9,19,98.0392156862745,88.88888888888889,0.9252450980392156,3.0,hydration_and_solvation; photothermal_or_heat_management; thermodiffusion_or_soret,A_connected,False,,,False,eligible one-year transfer-proxy forecast; not experimental success probability,1,2
oriented_or_confined_channels,取向/限域离子通道,quinone_hydroquinone,醌/氢醌（Q/HQ）,forecast_candidate,,,,0,,9,2,46.07843137254902,75.0,0.38186274509803925,0.0,,C_cold_or_sparse,False,,,False,eligible one-year transfer-proxy forecast; not experimental success probability,1,3
oriented_or_confined_channels,取向/限域离子通道,copper,Cu/Cu2+ 或 Cu 配合物,observed_in_strict_TG_graph,2024.0,2024.0,2024.0,0,,9,13,,,,,,,,,,False,historically observed by the local-corpus transfer proxy,1,4
oriented_or_confined_channels,取向/限域离子通道,cobalt_complex,Co 配合物氧化还原对,forecast_candidate,,,,0,,9,5,84.31372549019608,78.57142857142857,0.7796078431372551,1.0,hydration_and_solvation,B_thin_support,False,,,False,eligible one-year transfer-proxy forecast; not experimental success probability,1,5
oriented_or_confined_channels,取向/限域离子通道,ferrocene_ferrocenium,二茂铁/二茂铁鎓,forecast_candidate,,,,0,,9,3,41.17647058823529,75.0,0.3691176470588236,0.0,,C_cold_or_sparse,False,,,False,eligible one-year transfer-proxy forecast; not experimental success probability,1,6
oriented_or_confined_channels,取向/限域离子通道,polysulfide_or_sulfite,SO4²−/SO3²−（本地语料）,forecast_candidate,,,,0,,9,2,90.19607843137256,100.0,0.8126960784313726,1.0,osmotic_or_concentration_gradient,B_thin_support,False,,,False,eligible one-year transfer-proxy forecast; not experimental success probability,1,7
oriented_or_confined_channels,取向/限域离子通道,metal_complex_other,其他金属配合物氧化还原对,insufficient_TG_target_history,,,,0,,9,1,,,,,,,,,,False,not scored because the historical risk-set gate is not met,1,8
polarity_switching,热电极性切换,ferri_ferrocyanide,[Fe(CN)6]3−/[Fe(CN)6]4−,forecast_candidate,,,,0,,6,69,78.43137254901961,57.14285714285714,0.7620098039215686,1.0,thermodiffusion_or_soret,B_thin_support,False,,,False,eligible one-year transfer-proxy forecast; not experimental success probability,2,0
polarity_switching,热电极性切换,iodide_triiodide,I−/I3−,observed_in_manual_direct_prior_audit,2019.0,,2019.0,2,2019.0,6,13,,,,,,,,PRG_00699a1a9edc,用可切换 Soret 单元为 I−/I3− TG 构建等效 p/n 腿,True,historically observed by the local-corpus transfer proxy,2,1
polarity_switching,热电极性切换,fe_ii_iii,Fe2+/Fe3+,forecast_candidate,,,,0,,6,19,96.07843137254902,77.77777777777779,0.8997549019607843,2.0,ph_or_protonation_switch; thermodiffusion_or_soret,A_connected,False,,,False,eligible one-year transfer-proxy forecast; not experimental success probability,2,2
polarity_switching,热电极性切换,quinone_hydroquinone,醌/氢醌（Q/HQ）,forecast_candidate,,,,0,,6,2,39.21568627450981,68.75,0.36745098039215685,0.0,,C_cold_or_sparse,False,,,False,eligible one-year transfer-proxy forecast; not experimental success probability,2,3
polarity_switching,热电极性切换,copper,Cu/Cu2+ 或 Cu 配合物,forecast_candidate,,,,0,,6,13,80.3921568627451,54.54545454545454,0.7669117647058824,1.0,thermodiffusion_or_soret,B_thin_support,False,,,False,eligible one-year transfer-proxy forecast; not experimental success probability,2,4
polarity_switching,热电极性切换,cobalt_complex,Co 配合物氧化还原对,forecast_candidate,,,,0,,6,5,59.80392156862745,71.42857142857143,0.4026470588235294,0.0,,C_cold_or_sparse,False,,,False,eligible one-year transfer-proxy forecast; not experimental success probability,2,5
polarity_switching,热电极性切换,ferrocene_ferrocenium,二茂铁/二茂铁鎓,forecast_candidate,,,,0,,6,3,34.31372549019608,68.75,0.3547058823529412,0.0,,C_cold_or_sparse,False,,,False,eligible one-year transfer-proxy forecast; not experimental success probability,2,6
polarity_switching,热电极性切换,polysulfide_or_sulfite,SO4²−/SO3²−（本地语料）,forecast_candidate,,,,0,,6,2,61.76470588235294,60.0,0.4123039215686274,0.0,,C_cold_or_sparse,False,,,False,eligible one-year transfer-proxy forecast; not experimental success probability,2,7
polarity_switching,热电极性切换,metal_complex_other,其他金属配合物氧化还原对,insufficient_TG_target_history,,,,0,,6,1,,,,,,,,,,False,not scored because the historical risk-set gate is not met,2,8
fixed_charge_selectivity,固定电荷/离子选择性,ferri_ferrocyanide,[Fe(CN)6]3−/[Fe(CN)6]4−,observed_in_strict_TG_graph,2025.0,2025.0,2024.0,1,2024.0,6,69,,,,,,,,PRG_0f7a0b8392d8,在 TG 电极前构建 Donnan 界面层，调节 3−/4− 局部活度与动力学,True,historically observed by the local-corpus transfer proxy,3,0
fixed_charge_selectivity,固定电荷/离子选择性,iodide_triiodide,I−/I3−,forecast_candidate,,,,0,,6,13,92.15686274509804,85.71428571428571,0.8552450980392159,2.0,osmotic_or_concentration_gradient; thermodiffusion_or_soret,A_connected,False,PRG_e948eab97497,把固定正电荷通道与分子识别结合，做 I−/I3− TG 选择性隔层,True,eligible one-year transfer-proxy forecast; not experimental success probability,3,1
fixed_charge_selectivity,固定电荷/离子选择性,fe_ii_iii,Fe2+/Fe3+,forecast_candidate,,,,0,,6,19,93.13725490196079,66.66666666666666,0.8652450980392158,2.0,photothermal_or_heat_management; thermodiffusion_or_soret,A_connected,False,,,False,eligible one-year transfer-proxy forecast; not experimental success probability,3,2
fixed_charge_selectivity,固定电荷/离子选择性,quinone_hydroquinone,醌/氢醌（Q/HQ）,forecast_candidate,,,,0,,6,2,32.35294117647059,56.25,0.352156862745098,0.0,,C_cold_or_sparse,False,,,False,eligible one-year transfer-proxy forecast; not experimental success probability,3,3
fixed_charge_selectivity,固定电荷/离子选择性,copper,Cu/Cu2+ 或 Cu 配合物,forecast_candidate,,,,0,,6,13,91.17647058823529,90.9090909090909,0.8500980392156864,2.0,oriented_or_confined_channels; thermodiffusion_or_soret,A_connected,False,,,False,eligible one-year transfer-proxy forecast; not experimental success probability,3,4
fixed_charge_selectivity,固定电荷/离子选择性,cobalt_complex,Co 配合物氧化还原对,forecast_candidate,,,,0,,6,5,53.92156862745098,64.28571428571429,0.39235294117647057,0.0,,C_cold_or_sparse,False,,,False,eligible one-year transfer-proxy forecast; not experimental success probability,3,5
fixed_charge_selectivity,固定电荷/离子选择性,ferrocene_ferrocenium,二茂铁/二茂铁鎓,forecast_candidate,,,,0,,6,3,26.47058823529412,56.25,0.33941176470588236,0.0,,C_cold_or_sparse,False,,,False,eligible one-year transfer-proxy forecast; not experimental success probability,3,6
fixed_charge_selectivity,固定电荷/离子选择性,polysulfide_or_sulfite,SO4²−/SO3²−（本地语料）,forecast_candidate,,,,0,,6,2,86.27450980392157,93.33333333333333,0.7883333333333334,1.0,osmotic_or_concentration_gradient,B_thin_support,False,,,False,eligible one-year transfer-proxy forecast; not experimental success probability,3,7
fixed_charge_selectivity,固定电荷/离子选择性,metal_complex_other,其他金属配合物氧化还原对,insufficient_TG_target_history,,,,0,,6,1,,,,,,,,,,False,not scored because the historical risk-set gate is not met,3,8
moisture_or_evaporation_gradient,湿度响应/蒸发驱动,ferri_ferrocyanide,[Fe(CN)6]3−/[Fe(CN)6]4−,forecast_candidate,,,,0,,4,69,88.23529411764706,85.71428571428571,0.8032352941176472,1.0,photothermal_or_heat_management,B_thin_support,True,,,False,eligible one-year transfer-proxy forecast; not experimental success probability,4,0
moisture_or_evaporation_gradient,湿度响应/蒸发驱动,iodide_triiodide,I−/I3−,forecast_candidate,,,,0,,4,13,47.05882352941176,14.285714285714285,0.3844117647058823,0.0,,C_cold_or_sparse,True,,,False,eligible one-year transfer-proxy forecast; not experimental success probability,4,1
moisture_or_evaporation_gradient,湿度响应/蒸发驱动,fe_ii_iii,Fe2+/Fe3+,forecast_candidate,,,,0,,4,19,89.2156862745098,55.55555555555556,0.8053431372549021,1.0,photothermal_or_heat_management,B_thin_support,True,,,False,eligible one-year transfer-proxy forecast; not experimental success probability,4,2
moisture_or_evaporation_gradient,湿度响应/蒸发驱动,quinone_hydroquinone,醌/氢醌（Q/HQ）,forecast_candidate,,,,0,,4,2,25.49019607843137,37.5,0.3394117647058823,0.0,,C_cold_or_sparse,True,,,False,eligible one-year transfer-proxy forecast; not experimental success probability,4,3
moisture_or_evaporation_gradient,湿度响应/蒸发驱动,copper,Cu/Cu2+ 或 Cu 配合物,forecast_candidate,,,,0,,4,13,57.84313725490197,18.181818181818183,0.3981372549019607,0.0,,C_cold_or_sparse,True,,,False,eligible one-year transfer-proxy forecast; not experimental success probability,4,4
moisture_or_evaporation_gradient,湿度响应/蒸发驱动,cobalt_complex,Co 配合物氧化还原对,forecast_candidate,,,,0,,4,5,35.294117647058826,42.857142857142854,0.35656862745098034,0.0,,C_cold_or_sparse,True,,,False,eligible one-year transfer-proxy forecast; not experimental success probability,4,5
moisture_or_evaporation_gradient,湿度响应/蒸发驱动,ferrocene_ferrocenium,二茂铁/二茂铁鎓,forecast_candidate,,,,0,,4,3,17.647058823529413,37.5,0.32666666666666666,0.0,,C_cold_or_sparse,True,,,False,eligible one-year transfer-proxy forecast; not experimental success probability,4,6
moisture_or_evaporation_gradient,湿度响应/蒸发驱动,polysulfide_or_sulfite,SO4²−/SO3²−（本地语料）,forecast_candidate,,,,0,,4,2,40.19607843137255,33.33333333333333,0.36828431372549014,0.0,,C_cold_or_sparse,True,,,False,eligible one-year transfer-proxy forecast; not experimental success probability,4,7
moisture_or_evaporation_gradient,湿度响应/蒸发驱动,metal_complex_other,其他金属配合物氧化还原对,insufficient_TG_target_history,,,,0,,4,1,,,,,,,,,,False,not scored because the historical risk-set gate is not met,4,8
thermodiffusion_or_soret,热扩散/Soret,ferri_ferrocyanide,[Fe(CN)6]3−/[Fe(CN)6]4−,observed_in_strict_TG_graph,2020.0,2020.0,2020.0,0,,47,69,,,,,,,,,,False,historically observed by the local-corpus transfer proxy,5,0
thermodiffusion_or_soret,热扩散/Soret,iodide_triiodide,I−/I3−,observed_in_strict_TG_graph,2024.0,2024.0,2024.0,0,,47,13,,,,,,,,,,False,historically observed by the local-corpus transfer proxy,5,1
thermodiffusion_or_soret,热扩散/Soret,fe_ii_iii,Fe2+/Fe3+,observed_in_strict_TG_graph,2025.0,2025.0,2025.0,0,,47,19,,,,,,,,,,False,historically observed by the local-corpus transfer proxy,5,2
thermodiffusion_or_soret,热扩散/Soret,quinone_hydroquinone,醌/氢醌（Q/HQ）,forecast_candidate,,,,0,,47,2,60.78431372549019,100.0,0.40509803921568627,0.0,,C_cold_or_sparse,False,,,False,eligible one-year transfer-proxy forecast; not experimental success probability,5,3
thermodiffusion_or_soret,热扩散/Soret,copper,Cu/Cu2+ 或 Cu 配合物,observed_in_strict_TG_graph,2025.0,2025.0,2025.0,0,,47,13,,,,,,,,,,False,historically observed by the local-corpus transfer proxy,5,4
thermodiffusion_or_soret,热扩散/Soret,cobalt_complex,Co 配合物氧化还原对,forecast_candidate,,,,0,,47,5,87.25490196078431,92.85714285714286,0.7915196078431374,1.0,hydration_and_solvation,B_thin_support,False,,,False,eligible one-year transfer-proxy forecast; not experimental success probability,5,5
thermodiffusion_or_soret,热扩散/Soret,ferrocene_ferrocenium,二茂铁/二茂铁鎓,forecast_candidate,,,,0,,47,3,54.90196078431373,100.0,0.3923529411764706,0.0,,C_cold_or_sparse,False,,,False,eligible one-year transfer-proxy forecast; not experimental success probability,5,6
thermodiffusion_or_soret,热扩散/Soret,polysulfide_or_sulfite,SO4²−/SO3²−（本地语料）,forecast_candidate,,,,0,,47,2,66.66666666666666,86.66666666666667,0.45906862745098037,0.0,,C_cold_or_sparse,False,,,False,eligible one-year transfer-proxy forecast; not experimental success probability,5,7
thermodiffusion_or_soret,热扩散/Soret,metal_complex_other,其他金属配合物氧化还原对,insufficient_TG_target_history,,,,0,,47,1,,,,,,,,,,False,not scored because the historical risk-set gate is not met,5,8
coordination_or_ion_pairing,配位/离子对,ferri_ferrocyanide,[Fe(CN)6]3−/[Fe(CN)6]4−,observed_in_strict_TG_graph,2025.0,2025.0,2025.0,0,,9,69,,,,,,,,,,False,historically observed by the local-corpus transfer proxy,6,0
coordination_or_ion_pairing,配位/离子对,iodide_triiodide,I−/I3−,observed_in_strict_TG_graph,2016.0,2016.0,2016.0,0,,9,13,,,,,,,,,,False,historically observed by the local-corpus transfer proxy,6,1
coordination_or_ion_pairing,配位/离子对,fe_ii_iii,Fe2+/Fe3+,observed_in_strict_TG_graph,2025.0,2025.0,2025.0,0,,9,19,,,,,,,,,,False,historically observed by the local-corpus transfer proxy,6,2
coordination_or_ion_pairing,配位/离子对,quinone_hydroquinone,醌/氢醌（Q/HQ）,forecast_candidate,,,,0,,9,2,49.01960784313725,81.25,0.3857843137254902,0.0,,C_cold_or_sparse,False,,,False,eligible one-year transfer-proxy forecast; not experimental success probability,6,3
coordination_or_ion_pairing,配位/离子对,copper,Cu/Cu2+ 或 Cu 配合物,observed_in_strict_TG_graph,2025.0,2025.0,2025.0,1,2025.0,9,13,,,,,,,,PRG_e34db5baa25d,用聚合物配位强度调节 Cu/Cu2+ TG 的溶剂化熵与扩散,True,historically observed by the local-corpus transfer proxy,6,4
coordination_or_ion_pairing,配位/离子对,cobalt_complex,Co 配合物氧化还原对,forecast_candidate,,,,0,,9,5,85.29411764705883,85.71428571428571,0.7858823529411766,1.0,hydration_and_solvation,B_thin_support,False,,,False,eligible one-year transfer-proxy forecast; not experimental success probability,6,5
coordination_or_ion_pairing,配位/离子对,ferrocene_ferrocenium,二茂铁/二茂铁鎓,forecast_candidate,,,,0,,9,3,42.15686274509804,81.25,0.3730392156862746,0.0,,C_cold_or_sparse,False,,,False,eligible one-year transfer-proxy forecast; not experimental success probability,6,6
coordination_or_ion_pairing,配位/离子对,polysulfide_or_sulfite,SO4²−/SO3²−（本地语料）,forecast_candidate,,,,0,,9,2,63.725490196078425,66.66666666666666,0.4347549019607843,0.0,,C_cold_or_sparse,False,,,False,eligible one-year transfer-proxy forecast; not experimental success probability,6,7
coordination_or_ion_pairing,配位/离子对,metal_complex_other,其他金属配合物氧化还原对,insufficient_TG_target_history,,,,0,,9,1,,,,,,,,,,False,not scored because the historical risk-set gate is not met,6,8
photothermal_or_heat_management,光热/热管理,ferri_ferrocyanide,[Fe(CN)6]3−/[Fe(CN)6]4−,observed_in_strict_TG_graph,2024.0,2024.0,2024.0,0,,5,69,,,,,,,,,,False,historically observed by the local-corpus transfer proxy,7,0
photothermal_or_heat_management,光热/热管理,iodide_triiodide,I−/I3−,forecast_candidate,,,,0,,5,13,62.745098039215684,28.57142857142857,0.41323529411764703,0.0,,C_cold_or_sparse,False,,,False,eligible one-year transfer-proxy forecast; not experimental success probability,7,1
photothermal_or_heat_management,光热/热管理,fe_ii_iii,Fe2+/Fe3+,observed_in_strict_TG_graph,2023.0,2023.0,2023.0,0,,5,19,,,,,,,,,,False,historically observed by the local-corpus transfer proxy,7,2
photothermal_or_heat_management,光热/热管理,quinone_hydroquinone,醌/氢醌（Q/HQ）,forecast_candidate,,,,0,,5,2,29.901960784313726,46.875,0.3450490196078431,0.0,,C_cold_or_sparse,False,,,False,eligible one-year transfer-proxy forecast; not experimental success probability,7,3
photothermal_or_heat_management,光热/热管理,copper,Cu/Cu2+ 或 Cu 配合物,forecast_candidate,,,,0,,5,13,83.33333333333334,81.81818181818183,0.7789705882352942,1.0,oriented_or_confined_channels,B_thin_support,False,,,False,eligible one-year transfer-proxy forecast; not experimental success probability,7,4
photothermal_or_heat_management,光热/热管理,cobalt_complex,Co 配合物氧化还原对,forecast_candidate,,,,0,,5,5,48.03921568627451,50.0,0.3852450980392157,0.0,,C_cold_or_sparse,False,,,False,eligible one-year transfer-proxy forecast; not experimental success probability,7,5
photothermal_or_heat_management,光热/热管理,ferrocene_ferrocenium,二茂铁/二茂铁鎓,forecast_candidate,,,,0,,5,3,21.07843137254902,46.875,0.3323039215686275,0.0,,C_cold_or_sparse,False,,,False,eligible one-year transfer-proxy forecast; not experimental success probability,7,6
photothermal_or_heat_management,光热/热管理,polysulfide_or_sulfite,SO4²−/SO3²−（本地语料）,forecast_candidate,,,,0,,5,2,52.94117647058824,46.666666666666664,0.39181372549019605,0.0,,C_cold_or_sparse,False,,,False,eligible one-year transfer-proxy forecast; not experimental success probability,7,7
photothermal_or_heat_management,光热/热管理,metal_complex_other,其他金属配合物氧化还原对,insufficient_TG_target_history,,,,0,,5,1,,,,,,,,,,False,not scored because the historical risk-set gate is not met,7,8
ion_electron_coupling,离子–电子协同输运,ferri_ferrocyanide,[Fe(CN)6]3−/[Fe(CN)6]4−,forecast_candidate,,,,0,,8,69,79.41176470588235,71.42857142857143,0.7639705882352941,1.0,thermodiffusion_or_soret,B_thin_support,False,,,False,eligible one-year transfer-proxy forecast; not experimental success probability,8,0
ion_electron_coupling,离子–电子协同输运,iodide_triiodide,I−/I3−,forecast_candidate,,,,0,,8,13,77.45098039215686,71.42857142857143,0.7522058823529412,1.0,thermodiffusion_or_soret,B_thin_support,False,,,False,eligible one-year transfer-proxy forecast; not experimental success probability,8,1
ion_electron_coupling,离子–电子协同输运,fe_ii_iii,Fe2+/Fe3+,observed_in_manual_direct_prior_audit,2025.0,,2025.0,1,2025.0,8,19,,,,,,,,PRG_17b64f2815f3,用 iTE 离子–电子耦合启发 Fe2+/Fe3+ TG 的局部混合导体电极,True,historically observed by the local-corpus transfer proxy,8,2
ion_electron_coupling,离子–电子协同输运,quinone_hydroquinone,醌/氢醌（Q/HQ）,forecast_candidate,,,,0,,8,2,36.27450980392157,62.5,0.3573039215686274,0.0,,C_cold_or_sparse,False,,,False,eligible one-year transfer-proxy forecast; not experimental success probability,8,3
ion_electron_coupling,离子–电子协同输运,copper,Cu/Cu2+ 或 Cu 配合物,forecast_candidate,,,,0,,8,13,82.35294117647058,72.72727272727273,0.7704411764705882,1.0,thermodiffusion_or_soret,B_thin_support,False,,,False,eligible one-year transfer-proxy forecast; not experimental success probability,8,4
ion_electron_coupling,离子–电子协同输运,cobalt_complex,Co 配合物氧化还原对,forecast_candidate,,,,0,,8,5,51.9607843137255,57.14285714285714,0.38999999999999996,0.0,,C_cold_or_sparse,False,,,False,eligible one-year transfer-proxy forecast; not experimental success probability,8,5
ion_electron_coupling,离子–电子协同输运,ferrocene_ferrocenium,二茂铁/二茂铁鎓,forecast_candidate,,,,0,,8,3,28.431372549019606,62.5,0.34455882352941175,0.0,,C_cold_or_sparse,False,,,False,eligible one-year transfer-proxy forecast; not experimental success probability,8,6
ion_electron_coupling,离子–电子协同输运,polysulfide_or_sulfite,SO4²−/SO3²−（本地语料）,forecast_candidate,,,,0,,8,2,50.0,40.0,0.38720588235294107,0.0,,C_cold_or_sparse,False,,,False,eligible one-year transfer-proxy forecast; not experimental success probability,8,7
ion_electron_coupling,离子–电子协同输运,metal_complex_other,其他金属配合物氧化还原对,insufficient_TG_target_history,,,,0,,8,1,,,,,,,,,,False,not scored because the historical risk-set gate is not met,8,8
antifreeze_or_low_volatility_gel,抗冻/低挥发凝胶,ferri_ferrocyanide,[Fe(CN)6]3−/[Fe(CN)6]4−,observed_in_strict_TG_graph,2022.0,2022.0,2022.0,0,,5,69,,,,,,,,,,False,historically observed by the local-corpus transfer proxy,9,0
antifreeze_or_low_volatility_gel,抗冻/低挥发凝胶,iodide_triiodide,I−/I3−,observed_in_strict_TG_graph,2022.0,2022.0,2022.0,0,,5,13,,,,,,,,,,False,historically observed by the local-corpus transfer proxy,9,1
antifreeze_or_low_volatility_gel,抗冻/低挥发凝胶,fe_ii_iii,Fe2+/Fe3+,observed_in_strict_TG_graph,2025.0,2025.0,2025.0,0,,5,19,,,,,,,,,,False,historically observed by the local-corpus transfer proxy,9,2
antifreeze_or_low_volatility_gel,抗冻/低挥发凝胶,quinone_hydroquinone,醌/氢醌（Q/HQ）,forecast_candidate,,,,0,,5,2,29.901960784313726,46.875,0.3450490196078431,0.0,,C_cold_or_sparse,False,,,False,eligible one-year transfer-proxy forecast; not experimental success probability,9,3
antifreeze_or_low_volatility_gel,抗冻/低挥发凝胶,copper,Cu/Cu2+ 或 Cu 配合物,forecast_candidate,,,,0,,5,13,81.37254901960785,63.63636363636363,0.7683333333333334,1.0,hydration_and_solvation,B_thin_support,False,,,False,eligible one-year transfer-proxy forecast; not experimental success probability,9,4
antifreeze_or_low_volatility_gel,抗冻/低挥发凝胶,cobalt_complex,Co 配合物氧化还原对,observed_in_manual_direct_prior_audit,2016.0,,2016.0,5,2016.0,5,5,,,,,,,,PRG_cf22ac785fee,把 iTE 低凝固混合溶剂迁移到 Co 配合物准固态 TG,True,historically observed by the local-corpus transfer proxy,9,5
antifreeze_or_low_volatility_gel,抗冻/低挥发凝胶,ferrocene_ferrocenium,二茂铁/二茂铁鎓,forecast_candidate,,,,0,,5,3,21.07843137254902,46.875,0.3323039215686275,0.0,,C_cold_or_sparse,False,,,False,eligible one-year transfer-proxy forecast; not experimental success probability,9,6
antifreeze_or_low_volatility_gel,抗冻/低挥发凝胶,polysulfide_or_sulfite,SO4²−/SO3²−（本地语料）,forecast_candidate,,,,0,,5,2,55.88235294117647,53.333333333333336,0.39299019607843133,0.0,,C_cold_or_sparse,False,,,False,eligible one-year transfer-proxy forecast; not experimental success probability,9,7
antifreeze_or_low_volatility_gel,抗冻/低挥发凝胶,metal_complex_other,其他金属配合物氧化还原对,insufficient_TG_target_history,,,,0,,5,1,,,,,,,,,,False,not scored because the historical risk-set gate is not met,9,8
osmotic_or_concentration_gradient,渗透/浓度梯度,ferri_ferrocyanide,[Fe(CN)6]3−/[Fe(CN)6]4−,observed_in_strict_TG_graph,2024.0,2024.0,2020.0,5,2020.0,3,69,,,,,,,,PRG_791da0044d52,把温差诱导的渗透浓度势与 TG 红氧电势串联，而非只做单一机制,True,historically observed by the local-corpus transfer proxy,10,0
osmotic_or_concentration_gradient,渗透/浓度梯度,iodide_triiodide,I−/I3−,observed_in_strict_TG_graph,2016.0,2016.0,2016.0,0,,3,13,,,,,,,,,,False,historically observed by the local-corpus transfer proxy,10,1
osmotic_or_concentration_gradient,渗透/浓度梯度,fe_ii_iii,Fe2+/Fe3+,forecast_candidate,,,,0,,3,19,44.11764705882353,11.11111111111111,0.3812745098039216,0.0,,C_cold_or_sparse,False,,,False,eligible one-year transfer-proxy forecast; not experimental success probability,10,2
osmotic_or_concentration_gradient,渗透/浓度梯度,quinone_hydroquinone,醌/氢醌（Q/HQ）,forecast_candidate,,,,0,,3,2,9.803921568627452,18.75,0.3060294117647059,0.0,,C_cold_or_sparse,False,,,False,eligible one-year transfer-proxy forecast; not experimental success probability,10,3
osmotic_or_concentration_gradient,渗透/浓度梯度,copper,Cu/Cu2+ 或 Cu 配合物,forecast_candidate,,,,0,,3,13,76.47058823529412,45.45454545454545,0.7442647058823529,1.0,oriented_or_confined_channels,B_thin_support,False,,,False,eligible one-year transfer-proxy forecast; not experimental success probability,10,4
osmotic_or_concentration_gradient,渗透/浓度梯度,cobalt_complex,Co 配合物氧化还原对,forecast_candidate,,,,0,,3,5,31.372549019607842,28.57142857142857,0.34622549019607846,0.0,,C_cold_or_sparse,False,,,False,eligible one-year transfer-proxy forecast; not experimental success probability,10,5
osmotic_or_concentration_gradient,渗透/浓度梯度,ferrocene_ferrocenium,二茂铁/二茂铁鎓,forecast_candidate,,,,0,,3,3,3.9215686274509802,18.75,0.29328431372549024,0.0,,C_cold_or_sparse,False,,,False,eligible one-year transfer-proxy forecast; not experimental success probability,10,6
osmotic_or_concentration_gradient,渗透/浓度梯度,polysulfide_or_sulfite,SO4²−/SO3²−（本地语料）,observed_in_strict_TG_graph,2025.0,2025.0,2025.0,0,,3,2,,,,,,,,,,False,historically observed by the local-corpus transfer proxy,10,7
osmotic_or_concentration_gradient,渗透/浓度梯度,metal_complex_other,其他金属配合物氧化还原对,insufficient_TG_target_history,,,,0,,3,1,,,,,,,,,,False,not scored because the historical risk-set gate is not met,10,8
phase_or_species_transition,相变/物种转变,ferri_ferrocyanide,[Fe(CN)6]3−/[Fe(CN)6]4−,observed_in_strict_TG_graph,2023.0,2023.0,2023.0,0,,5,69,,,,,,,,,,False,historically observed by the local-corpus transfer proxy,11,0
phase_or_species_transition,相变/物种转变,iodide_triiodide,I−/I3−,observed_in_strict_TG_graph,2022.0,2022.0,2019.0,2,2019.0,5,13,,,,,,,,PRG_a4dbfa46d1fd,正对照：把 iTE 的阴离子胶束固定迁移为 TG 中 I3− 的温敏捕获/释放,True,historically observed by the local-corpus transfer proxy,11,1
phase_or_species_transition,相变/物种转变,fe_ii_iii,Fe2+/Fe3+,forecast_candidate,,,,0,,5,19,75.49019607843137,44.44444444444444,0.7227450980392156,1.0,thermodiffusion_or_soret,B_thin_support,False,,,False,eligible one-year transfer-proxy forecast; not experimental success probability,11,2
phase_or_species_transition,相变/物种转变,quinone_hydroquinone,醌/氢醌（Q/HQ）,forecast_candidate,,,,0,,5,2,12.745098039215685,25.0,0.3168137254901961,0.0,,C_cold_or_sparse,False,,,False,eligible one-year transfer-proxy forecast; not experimental success probability,11,3
phase_or_species_transition,相变/物种转变,copper,Cu/Cu2+ 或 Cu 配合物,observed_in_strict_TG_graph,2024.0,2024.0,2024.0,0,,5,13,,,,,,,,,,False,historically observed by the local-corpus transfer proxy,11,4
phase_or_species_transition,相变/物种转变,cobalt_complex,Co 配合物氧化还原对,forecast_candidate,,,,0,,5,5,33.33333333333333,35.714285714285715,0.35406862745098044,0.0,,C_cold_or_sparse,False,,,False,eligible one-year transfer-proxy forecast; not experimental success probability,11,5
phase_or_species_transition,相变/物种转变,ferrocene_ferrocenium,二茂铁/二茂铁鎓,forecast_candidate,,,,0,,5,3,6.862745098039216,25.0,0.30406862745098046,0.0,,C_cold_or_sparse,False,,,False,eligible one-year transfer-proxy forecast; not experimental success probability,11,6
phase_or_species_transition,相变/物种转变,polysulfide_or_sulfite,SO4²−/SO3²−（本地语料）,forecast_candidate,,,,0,,5,2,37.254901960784316,26.666666666666668,0.3622549019607843,0.0,,C_cold_or_sparse,False,,,False,eligible one-year transfer-proxy forecast; not experimental success probability,11,7
phase_or_species_transition,相变/物种转变,metal_complex_other,其他金属配合物氧化还原对,insufficient_TG_target_history,,,,0,,5,1,,,,,,,,,,False,not scored because the historical risk-set gate is not met,11,8
thermoosmotic_slip,热渗透与滑移增强,ferri_ferrocyanide,[Fe(CN)6]3−/[Fe(CN)6]4−,forecast_candidate,,,,0,,2,69,72.54901960784314,42.857142857142854,0.7053921568627449,1.0,thermodiffusion_or_soret,B_thin_support,True,PRG_4e691dc1cea3,在薄层 TG 中加入取向滑移纳米通道，提高短路电流而非只追求电压,True,eligible one-year transfer-proxy forecast; not experimental success probability,12,0
thermoosmotic_slip,热渗透与滑移增强,iodide_triiodide,I−/I3−,forecast_candidate,,,,0,,2,13,69.6078431372549,57.14285714285714,0.693627450980392,1.0,thermodiffusion_or_soret,B_thin_support,True,,,False,eligible one-year transfer-proxy forecast; not experimental success probability,12,1
thermoosmotic_slip,热渗透与滑移增强,fe_ii_iii,Fe2+/Fe3+,forecast_candidate,,,,0,,2,19,74.50980392156863,33.33333333333333,0.7074999999999999,1.0,thermodiffusion_or_soret,B_thin_support,True,,,False,eligible one-year transfer-proxy forecast; not experimental success probability,12,2
thermoosmotic_slip,热渗透与滑移增强,quinone_hydroquinone,醌/氢醌（Q/HQ）,forecast_candidate,,,,0,,2,2,5.392156862745098,9.375,0.29745098039215684,0.0,,C_cold_or_sparse,True,,,False,eligible one-year transfer-proxy forecast; not experimental success probability,12,3
thermoosmotic_slip,热渗透与滑移增强,copper,Cu/Cu2+ 或 Cu 配合物,forecast_candidate,,,,0,,2,13,73.52941176470588,36.36363636363637,0.7073529411764705,1.0,thermodiffusion_or_soret,B_thin_support,True,,,False,eligible one-year transfer-proxy forecast; not experimental success probability,12,4
thermoosmotic_slip,热渗透与滑移增强,cobalt_complex,Co 配合物氧化还原对,forecast_candidate,,,,0,,2,5,18.627450980392158,14.285714285714285,0.3288235294117647,0.0,,C_cold_or_sparse,True,,,False,eligible one-year transfer-proxy forecast; not experimental success probability,12,5
thermoosmotic_slip,热渗透与滑移增强,ferrocene_ferrocenium,二茂铁/二茂铁鎓,forecast_candidate,,,,0,,2,3,1.4705882352941175,9.375,0.2847058823529412,0.0,,C_cold_or_sparse,True,,,False,eligible one-year transfer-proxy forecast; not experimental success probability,12,6
thermoosmotic_slip,热渗透与滑移增强,polysulfide_or_sulfite,SO4²−/SO3²−（本地语料）,forecast_candidate,,,,0,,2,2,15.686274509803921,13.333333333333334,0.3263235294117647,0.0,,C_cold_or_sparse,True,,,False,eligible one-year transfer-proxy forecast; not experimental success probability,12,7
thermoosmotic_slip,热渗透与滑移增强,metal_complex_other,其他金属配合物氧化还原对,insufficient_TG_target_history,,,,0,,2,1,,,,,,,,,,False,not scored because the historical risk-set gate is not met,12,8
water_assisted_proton_transport,水辅助质子输运,ferri_ferrocyanide,[Fe(CN)6]3−/[Fe(CN)6]4−,forecast_candidate,,,,0,,2,69,68.62745098039215,28.57142857142857,0.6928431372549018,1.0,thermodiffusion_or_soret,B_thin_support,True,,,False,eligible one-year transfer-proxy forecast; not experimental success probability,13,0
water_assisted_proton_transport,水辅助质子输运,iodide_triiodide,I−/I3−,forecast_candidate,,,,0,,2,13,67.64705882352942,42.857142857142854,0.6810784313725489,1.0,thermodiffusion_or_soret,B_thin_support,True,,,False,eligible one-year transfer-proxy forecast; not experimental success probability,13,1
water_assisted_proton_transport,水辅助质子输运,fe_ii_iii,Fe2+/Fe3+,forecast_candidate,,,,0,,2,19,71.56862745098039,22.22222222222222,0.6949509803921569,1.0,thermodiffusion_or_soret,B_thin_support,True,,,False,eligible one-year transfer-proxy forecast; not experimental success probability,13,2
water_assisted_proton_transport,水辅助质子输运,quinone_hydroquinone,醌/氢醌（Q/HQ）,forecast_candidate,,,,0,,2,2,2.941176470588235,0.0,0.2849019607843137,0.0,,C_cold_or_sparse,True,PRG_08afbdcdbb17,把水热扩散驱动的质子定向输运叠加到 Q/HQ 热电化学反应,True,eligible one-year transfer-proxy forecast; not experimental success probability,13,3
water_assisted_proton_transport,水辅助质子输运,copper,Cu/Cu2+ 或 Cu 配合物,forecast_candidate,,,,0,,2,13,70.58823529411765,27.27272727272727,0.6948039215686274,1.0,thermodiffusion_or_soret,B_thin_support,True,,,False,eligible one-year transfer-proxy forecast; not experimental success probability,13,4
water_assisted_proton_transport,水辅助质子输运,cobalt_complex,Co 配合物氧化还原对,forecast_candidate,,,,0,,2,5,11.76470588235294,7.142857142857142,0.3162745098039215,0.0,,C_cold_or_sparse,True,,,False,eligible one-year transfer-proxy forecast; not experimental success probability,13,5
water_assisted_proton_transport,水辅助质子输运,ferrocene_ferrocenium,二茂铁/二茂铁鎓,forecast_candidate,,,,0,,2,3,0.0,0.0,0.27215686274509804,0.0,,C_cold_or_sparse,True,,,False,eligible one-year transfer-proxy forecast; not experimental success probability,13,6
water_assisted_proton_transport,水辅助质子输运,polysulfide_or_sulfite,SO4²−/SO3²−（本地语料）,forecast_candidate,,,,0,,2,2,10.784313725490197,0.0,0.3137745098039215,0.0,,C_cold_or_sparse,True,,,False,eligible one-year transfer-proxy forecast; not experimental success probability,13,7
water_assisted_proton_transport,水辅助质子输运,metal_complex_other,其他金属配合物氧化还原对,insufficient_TG_target_history,,,,0,,2,1,,,,,,,,,,False,not scored because the historical risk-set gate is not met,13,8
hydration_and_solvation,水合/氢键溶剂环境,ferri_ferrocyanide,[Fe(CN)6]3−/[Fe(CN)6]4−,observed_in_strict_TG_graph,2017.0,2017.0,2017.0,0,,18,69,,,,,,,,,,False,historically observed by the local-corpus transfer proxy,14,0
hydration_and_solvation,水合/氢键溶剂环境,iodide_triiodide,I−/I3−,observed_in_strict_TG_graph,2022.0,2022.0,2022.0,0,,18,13,,,,,,,,,,False,historically observed by the local-corpus transfer proxy,14,1
hydration_and_solvation,水合/氢键溶剂环境,fe_ii_iii,Fe2+/Fe3+,observed_in_strict_TG_graph,2022.0,2022.0,2022.0,0,,18,19,,,,,,,,,,False,historically observed by the local-corpus transfer proxy,14,2
hydration_and_solvation,水合/氢键溶剂环境,quinone_hydroquinone,醌/氢醌（Q/HQ）,forecast_candidate,,,,0,,18,2,58.82352941176471,93.75,0.4006372549019607,0.0,,C_cold_or_sparse,False,,,False,eligible one-year transfer-proxy forecast; not experimental success probability,14,3
hydration_and_solvation,水合/氢键溶剂环境,copper,Cu/Cu2+ 或 Cu 配合物,observed_in_strict_TG_graph,2025.0,2025.0,2025.0,0,,18,13,,,,,,,,,,False,historically observed by the local-corpus transfer proxy,14,4
hydration_and_solvation,水合/氢键溶剂环境,cobalt_complex,Co 配合物氧化还原对,observed_in_strict_TG_graph,2016.0,2016.0,2016.0,0,,18,5,,,,,,,,,,False,historically observed by the local-corpus transfer proxy,14,5
hydration_and_solvation,水合/氢键溶剂环境,ferrocene_ferrocenium,二茂铁/二茂铁鎓,forecast_candidate,,,,0,,18,3,50.98039215686274,93.75,0.3878921568627451,0.0,,C_cold_or_sparse,False,,,False,eligible one-year transfer-proxy forecast; not experimental success probability,14,6
hydration_and_solvation,水合/氢键溶剂环境,polysulfide_or_sulfite,SO4²−/SO3²−（本地语料）,forecast_candidate,,,,0,,18,2,65.68627450980392,80.0,0.45357843137254894,0.0,,C_cold_or_sparse,False,,,False,eligible one-year transfer-proxy forecast; not experimental success probability,14,7
hydration_and_solvation,水合/氢键溶剂环境,metal_complex_other,其他金属配合物氧化还原对,observed_in_strict_TG_graph,2025.0,2025.0,2025.0,0,,18,1,,,,,,,,,,False,historically observed by the local-corpus transfer proxy,14,8
ph_or_protonation_switch,pH/质子化开关,ferri_ferrocyanide,[Fe(CN)6]3−/[Fe(CN)6]4−,forecast_candidate,,,,0,,2,69,43.13725490196079,14.285714285714285,0.37681372549019604,0.0,,C_cold_or_sparse,False,,,False,eligible one-year transfer-proxy forecast; not experimental success probability,15,0
ph_or_protonation_switch,pH/质子化开关,iodide_triiodide,I−/I3−,observed_in_strict_TG_graph,2024.0,2024.0,2024.0,0,,2,13,,,,,,,,,,False,historically observed by the local-corpus transfer proxy,15,1
ph_or_protonation_switch,pH/质子化开关,fe_ii_iii,Fe2+/Fe3+,observed_in_strict_TG_graph,2024.0,2024.0,2024.0,0,,2,19,,,,,,,,,,False,historically observed by the local-corpus transfer proxy,15,2
ph_or_protonation_switch,pH/质子化开关,quinone_hydroquinone,醌/氢醌（Q/HQ）,forecast_candidate,,,,0,,2,2,5.392156862745098,9.375,0.29745098039215684,0.0,,C_cold_or_sparse,False,PRG_3680dde71847,用 pH 响应两性离子凝胶放大并可逆切换 Q/HQ TG 极性,True,eligible one-year transfer-proxy forecast; not experimental success probability,15,3
ph_or_protonation_switch,pH/质子化开关,copper,Cu/Cu2+ 或 Cu 配合物,forecast_candidate,,,,0,,2,13,38.23529411764706,9.090909090909092,0.3651470588235294,0.0,,C_cold_or_sparse,False,,,False,eligible one-year transfer-proxy forecast; not experimental success probability,15,4
ph_or_protonation_switch,pH/质子化开关,cobalt_complex,Co 配合物氧化还原对,forecast_candidate,,,,0,,2,5,22.54901960784314,21.428571428571427,0.3347058823529412,0.0,,C_cold_or_sparse,False,,,False,eligible one-year transfer-proxy forecast; not experimental success probability,15,5
ph_or_protonation_switch,pH/质子化开关,ferrocene_ferrocenium,二茂铁/二茂铁鎓,forecast_candidate,,,,0,,2,3,1.4705882352941175,9.375,0.2847058823529412,0.0,,C_cold_or_sparse,False,,,False,eligible one-year transfer-proxy forecast; not experimental success probability,15,6
ph_or_protonation_switch,pH/质子化开关,polysulfide_or_sulfite,SO4²−/SO3²−（本地语料）,forecast_candidate,,,,0,,2,2,27.450980392156865,20.0,0.34289215686274505,0.0,,C_cold_or_sparse,False,,,False,eligible one-year transfer-proxy forecast; not experimental success probability,15,7
ph_or_protonation_switch,pH/质子化开关,metal_complex_other,其他金属配合物氧化还原对,insufficient_TG_target_history,,,,0,,2,1,,,,,,,,,,False,not scored because the historical risk-set gate is not met,15,8
counterion_condensation,Manning 反离子凝聚,ferri_ferrocyanide,[Fe(CN)6]3−/[Fe(CN)6]4−,forecast_candidate,,,,0,,3,69,24.509803921568626,0.0,0.33838235294117647,0.0,,C_cold_or_sparse,True,PRG_88a7efad7dbd,测试多阳离子链的 Manning 凝聚能否区分 3−/4− 红氧阴离子,True,eligible one-year transfer-proxy forecast; not experimental success probability,16,0
counterion_condensation,Manning 反离子凝聚,iodide_triiodide,I−/I3−,forecast_candidate,,,,0,,3,13,16.666666666666664,0.0,0.3266176470588235,0.0,,C_cold_or_sparse,True,,,False,eligible one-year transfer-proxy forecast; not experimental success probability,16,1
counterion_condensation,Manning 反离子凝聚,fe_ii_iii,Fe2+/Fe3+,forecast_candidate,,,,0,,3,19,23.52941176470588,0.0,0.3348529411764706,0.0,,C_cold_or_sparse,True,,,False,eligible one-year transfer-proxy forecast; not experimental success probability,16,2
counterion_condensation,Manning 反离子凝聚,quinone_hydroquinone,醌/氢醌（Q/HQ）,forecast_candidate,,,,0,,3,2,14.215686274509803,31.25,0.318578431372549,0.0,,C_cold_or_sparse,True,,,False,eligible one-year transfer-proxy forecast; not experimental success probability,16,3
counterion_condensation,Manning 反离子凝聚,copper,Cu/Cu2+ 或 Cu 配合物,forecast_candidate,,,,0,,3,13,19.607843137254903,0.0,0.3305392156862745,0.0,,C_cold_or_sparse,True,,,False,eligible one-year transfer-proxy forecast; not experimental success probability,16,4
counterion_condensation,Manning 反离子凝聚,cobalt_complex,Co 配合物氧化还原对,forecast_candidate,,,,0,,3,5,8.333333333333332,0.0,0.30583333333333335,0.0,,C_cold_or_sparse,True,,,False,eligible one-year transfer-proxy forecast; not experimental success probability,16,5
counterion_condensation,Manning 反离子凝聚,ferrocene_ferrocenium,二茂铁/二茂铁鎓,forecast_candidate,,,,0,,3,3,8.333333333333332,31.25,0.30583333333333335,0.0,,C_cold_or_sparse,True,,,False,eligible one-year transfer-proxy forecast; not experimental success probability,16,6
counterion_condensation,Manning 反离子凝聚,polysulfide_or_sulfite,SO4²−/SO3²−（本地语料）,forecast_candidate,,,,0,,3,2,14.215686274509803,6.666666666666667,0.318578431372549,0.0,,C_cold_or_sparse,True,,,False,eligible one-year transfer-proxy forecast; not experimental success probability,16,7
counterion_condensation,Manning 反离子凝聚,metal_complex_other,其他金属配合物氧化还原对,insufficient_TG_target_history,,,,0,,3,1,,,,,,,,,,False,not scored because the historical risk-set gate is not met,16,8
host_guest_complexation,主–客体络合,ferri_ferrocyanide,[Fe(CN)6]3−/[Fe(CN)6]4−,observed_in_manual_direct_prior_audit,2025.0,,2025.0,1,2025.0,1,69,,,,,,,,PRG_be2befc69363,正对照：冠醚增强 K+ 热扩散，可与 ferri/ferrocyanide TG 电压叠加,True,historically observed by the local-corpus transfer proxy,17,0
host_guest_complexation,主–客体络合,iodide_triiodide,I−/I3−,observed_in_strict_TG_graph,2016.0,2016.0,2016.0,1,2016.0,1,13,,,,,,,,PRG_bee069aa7a26,正对照：α-CD/I3− 主–客体作用已能直接进入 I−/I3− TG,True,historically observed by the local-corpus transfer proxy,17,1
host_guest_complexation,主–客体络合,fe_ii_iii,Fe2+/Fe3+,insufficient_iTE_source_history,,,,0,,1,19,,,,,,,,,,False,not scored because the historical risk-set gate is not met,17,2
host_guest_complexation,主–客体络合,quinone_hydroquinone,醌/氢醌（Q/HQ）,insufficient_iTE_source_history,,,,0,,1,2,,,,,,,,,,False,not scored because the historical risk-set gate is not met,17,3
host_guest_complexation,主–客体络合,copper,Cu/Cu2+ 或 Cu 配合物,insufficient_iTE_source_history,,,,0,,1,13,,,,,,,,,,False,not scored because the historical risk-set gate is not met,17,4
host_guest_complexation,主–客体络合,cobalt_complex,Co 配合物氧化还原对,insufficient_iTE_source_history,,,,0,,1,5,,,,,,,,,,False,not scored because the historical risk-set gate is not met,17,5
host_guest_complexation,主–客体络合,ferrocene_ferrocenium,二茂铁/二茂铁鎓,observed_in_strict_TG_graph,2018.0,2018.0,2018.0,0,,1,3,,,,,,,,,,False,historically observed by the local-corpus transfer proxy,17,6
host_guest_complexation,主–客体络合,polysulfide_or_sulfite,SO4²−/SO3²−（本地语料）,insufficient_iTE_source_history,,,,0,,1,2,,,,,,,,,,False,not scored because the historical risk-set gate is not met,17,7
host_guest_complexation,主–客体络合,metal_complex_other,其他金属配合物氧化还原对,insufficient_source_and_target_history,,,,0,,1,1,,,,,,,,,,False,not scored because the historical risk-set gate is not met,17,8
ordered_ion_printing,有序离子打印,ferri_ferrocyanide,[Fe(CN)6]3−/[Fe(CN)6]4−,observed_in_manual_direct_prior_audit,2025.0,,2025.0,1,2025.0,1,69,,,,,,,,PRG_55d2dd45b552,把 EHD 离子均匀化工艺扩展为 TG 凝胶的空间分区打印,True,historically observed by the local-corpus transfer proxy,18,0
ordered_ion_printing,有序离子打印,iodide_triiodide,I−/I3−,insufficient_iTE_source_history,,,,0,,1,13,,,,,,,,,,False,not scored because the historical risk-set gate is not met,18,1
ordered_ion_printing,有序离子打印,fe_ii_iii,Fe2+/Fe3+,insufficient_iTE_source_history,,,,0,,1,19,,,,,,,,,,False,not scored because the historical risk-set gate is not met,18,2
ordered_ion_printing,有序离子打印,quinone_hydroquinone,醌/氢醌（Q/HQ）,insufficient_iTE_source_history,,,,0,,1,2,,,,,,,,,,False,not scored because the historical risk-set gate is not met,18,3
ordered_ion_printing,有序离子打印,copper,Cu/Cu2+ 或 Cu 配合物,insufficient_iTE_source_history,,,,0,,1,13,,,,,,,,,,False,not scored because the historical risk-set gate is not met,18,4
ordered_ion_printing,有序离子打印,cobalt_complex,Co 配合物氧化还原对,insufficient_iTE_source_history,,,,0,,1,5,,,,,,,,,,False,not scored because the historical risk-set gate is not met,18,5
ordered_ion_printing,有序离子打印,ferrocene_ferrocenium,二茂铁/二茂铁鎓,insufficient_iTE_source_history,,,,0,,1,3,,,,,,,,,,False,not scored because the historical risk-set gate is not met,18,6
ordered_ion_printing,有序离子打印,polysulfide_or_sulfite,SO4²−/SO3²−（本地语料）,insufficient_iTE_source_history,,,,0,,1,2,,,,,,,,,,False,not scored because the historical risk-set gate is not met,18,7
ordered_ion_printing,有序离子打印,metal_complex_other,其他金属配合物氧化还原对,insufficient_source_and_target_history,,,,0,,1,1,,,,,,,,,,False,not scored because the historical risk-set gate is not met,18,8
pyroelectric_hybrid,热释电混合,ferri_ferrocyanide,[Fe(CN)6]3−/[Fe(CN)6]4−,insufficient_iTE_source_history,,,,0,,1,69,,,,,,,,,,False,not scored because the historical risk-set gate is not met,19,0
pyroelectric_hybrid,热释电混合,iodide_triiodide,I−/I3−,insufficient_iTE_source_history,,,,0,,1,13,,,,,,,,,,False,not scored because the historical risk-set gate is not met,19,1
pyroelectric_hybrid,热释电混合,fe_ii_iii,Fe2+/Fe3+,insufficient_iTE_source_history,,,,0,,1,19,,,,,,,,,,False,not scored because the historical risk-set gate is not met,19,2
pyroelectric_hybrid,热释电混合,quinone_hydroquinone,醌/氢醌（Q/HQ）,insufficient_iTE_source_history,,,,0,,1,2,,,,,,,,,,False,not scored because the historical risk-set gate is not met,19,3
pyroelectric_hybrid,热释电混合,copper,Cu/Cu2+ 或 Cu 配合物,insufficient_iTE_source_history,,,,0,,1,13,,,,,,,,,,False,not scored because the historical risk-set gate is not met,19,4
pyroelectric_hybrid,热释电混合,cobalt_complex,Co 配合物氧化还原对,insufficient_iTE_source_history,,,,0,,1,5,,,,,,,,,,False,not scored because the historical risk-set gate is not met,19,5
pyroelectric_hybrid,热释电混合,ferrocene_ferrocenium,二茂铁/二茂铁鎓,insufficient_iTE_source_history,,,,0,,1,3,,,,,,,,,,False,not scored because the historical risk-set gate is not met,19,6
pyroelectric_hybrid,热释电混合,polysulfide_or_sulfite,SO4²−/SO3²−（本地语料）,insufficient_iTE_source_history,,,,0,,1,2,,,,,,,,,,False,not scored because the historical risk-set gate is not met,19,7
pyroelectric_hybrid,热释电混合,metal_complex_other,其他金属配合物氧化还原对,insufficient_source_and_target_history,,,,0,,1,1,,,,,,,,,,False,not scored because the historical risk-set gate is not met,19,8
electrode_interface,界面电荷转移,ferri_ferrocyanide,[Fe(CN)6]3−/[Fe(CN)6]4−,observed_in_strict_TG_graph,1991.0,1991.0,1991.0,0,,1,69,,,,,,,,,,False,historically observed by the local-corpus transfer proxy,20,0
electrode_interface,界面电荷转移,iodide_triiodide,I−/I3−,observed_in_strict_TG_graph,2016.0,2016.0,2016.0,0,,1,13,,,,,,,,,,False,historically observed by the local-corpus transfer proxy,20,1
electrode_interface,界面电荷转移,fe_ii_iii,Fe2+/Fe3+,observed_in_strict_TG_graph,2023.0,2023.0,2023.0,0,,1,19,,,,,,,,,,False,historically observed by the local-corpus transfer proxy,20,2
electrode_interface,界面电荷转移,quinone_hydroquinone,醌/氢醌（Q/HQ）,observed_in_strict_TG_graph,2025.0,2025.0,2025.0,0,,1,2,,,,,,,,,,False,historically observed by the local-corpus transfer proxy,20,3
electrode_interface,界面电荷转移,copper,Cu/Cu2+ 或 Cu 配合物,insufficient_iTE_source_history,,,,0,,1,13,,,,,,,,,,False,not scored because the historical risk-set gate is not met,20,4
electrode_interface,界面电荷转移,cobalt_complex,Co 配合物氧化还原对,insufficient_iTE_source_history,,,,0,,1,5,,,,,,,,,,False,not scored because the historical risk-set gate is not met,20,5
electrode_interface,界面电荷转移,ferrocene_ferrocenium,二茂铁/二茂铁鎓,observed_in_strict_TG_graph,2016.0,2016.0,2016.0,0,,1,3,,,,,,,,,,False,historically observed by the local-corpus transfer proxy,20,6
electrode_interface,界面电荷转移,polysulfide_or_sulfite,SO4²−/SO3²−（本地语料）,insufficient_iTE_source_history,,,,0,,1,2,,,,,,,,,,False,not scored because the historical risk-set gate is not met,20,7
electrode_interface,界面电荷转移,metal_complex_other,其他金属配合物氧化还原对,insufficient_source_and_target_history,,,,0,,1,1,,,,,,,,,,False,not scored because the historical risk-set gate is not met,20,8
hydrophobic_partitioning,疏水微区分配,ferri_ferrocyanide,[Fe(CN)6]3−/[Fe(CN)6]4−,insufficient_iTE_source_history,,,,0,,1,69,,,,,,,,,,False,not scored because the historical risk-set gate is not met,21,0
hydrophobic_partitioning,疏水微区分配,iodide_triiodide,I−/I3−,observed_in_strict_TG_graph,2022.0,2022.0,2018.0,2,2018.0,1,13,,,,,,,,PRG_4cca4840d8f1,用可调疏水微区选择性分配 I3−，同时兼顾 TG 凝胶韧性,True,historically observed by the local-corpus transfer proxy,21,1
hydrophobic_partitioning,疏水微区分配,fe_ii_iii,Fe2+/Fe3+,insufficient_iTE_source_history,,,,0,,1,19,,,,,,,,,,False,not scored because the historical risk-set gate is not met,21,2
hydrophobic_partitioning,疏水微区分配,quinone_hydroquinone,醌/氢醌（Q/HQ）,insufficient_iTE_source_history,,,,0,,1,2,,,,,,,,,,False,not scored because the historical risk-set gate is not met,21,3
hydrophobic_partitioning,疏水微区分配,copper,Cu/Cu2+ 或 Cu 配合物,insufficient_iTE_source_history,,,,0,,1,13,,,,,,,,,,False,not scored because the historical risk-set gate is not met,21,4
hydrophobic_partitioning,疏水微区分配,cobalt_complex,Co 配合物氧化还原对,insufficient_iTE_source_history,,,,0,,1,5,,,,,,,,,,False,not scored because the historical risk-set gate is not met,21,5
hydrophobic_partitioning,疏水微区分配,ferrocene_ferrocenium,二茂铁/二茂铁鎓,insufficient_iTE_source_history,,,,0,,1,3,,,,,,,,,,False,not scored because the historical risk-set gate is not met,21,6
hydrophobic_partitioning,疏水微区分配,polysulfide_or_sulfite,SO4²−/SO3²−（本地语料）,insufficient_iTE_source_history,,,,0,,1,2,,,,,,,,,,False,not scored because the historical risk-set gate is not met,21,7
hydrophobic_partitioning,疏水微区分配,metal_complex_other,其他金属配合物氧化还原对,insufficient_source_and_target_history,,,,0,,1,1,,,,,,,,,,False,not scored because the historical risk-set gate is not met,21,8
anion_entanglement,阴离子缠结,ferri_ferrocyanide,[Fe(CN)6]3−/[Fe(CN)6]4−,insufficient_iTE_source_history,,,,0,,1,69,,,,,,,,,,False,not scored because the historical risk-set gate is not met,22,0
anion_entanglement,阴离子缠结,iodide_triiodide,I−/I3−,insufficient_iTE_source_history,,,,0,,1,13,,,,,,,,,,False,not scored because the historical risk-set gate is not met,22,1
anion_entanglement,阴离子缠结,fe_ii_iii,Fe2+/Fe3+,insufficient_iTE_source_history,,,,0,,1,19,,,,,,,,PRG_0d4cbb7dc34c,用阴离子缠结调节 Fe2+/Fe3+ TG 的支持离子热扩散项,True,not scored because the historical risk-set gate is not met,22,2
anion_entanglement,阴离子缠结,quinone_hydroquinone,醌/氢醌（Q/HQ）,insufficient_iTE_source_history,,,,0,,1,2,,,,,,,,,,False,not scored because the historical risk-set gate is not met,22,3
anion_entanglement,阴离子缠结,copper,Cu/Cu2+ 或 Cu 配合物,insufficient_iTE_source_history,,,,0,,1,13,,,,,,,,,,False,not scored because the historical risk-set gate is not met,22,4
anion_entanglement,阴离子缠结,cobalt_complex,Co 配合物氧化还原对,insufficient_iTE_source_history,,,,0,,1,5,,,,,,,,,,False,not scored because the historical risk-set gate is not met,22,5
anion_entanglement,阴离子缠结,ferrocene_ferrocenium,二茂铁/二茂铁鎓,insufficient_iTE_source_history,,,,0,,1,3,,,,,,,,,,False,not scored because the historical risk-set gate is not met,22,6
anion_entanglement,阴离子缠结,polysulfide_or_sulfite,SO4²−/SO3²−（本地语料）,insufficient_iTE_source_history,,,,0,,1,2,,,,,,,,,,False,not scored because the historical risk-set gate is not met,22,7
anion_entanglement,阴离子缠结,metal_complex_other,其他金属配合物氧化还原对,insufficient_source_and_target_history,,,,0,,1,1,,,,,,,,,,False,not scored because the historical risk-set gate is not met,22,8
multi_ion_entropy,多离子/高熵调控,ferri_ferrocyanide,[Fe(CN)6]3−/[Fe(CN)6]4−,observed_in_strict_TG_graph,2021.0,2021.0,2021.0,0,,0,69,,,,,,,,,,False,historically observed by the local-corpus transfer proxy,23,0
multi_ion_entropy,多离子/高熵调控,iodide_triiodide,I−/I3−,insufficient_iTE_source_history,,,,0,,0,13,,,,,,,,,,False,not scored because the historical risk-set gate is not met,23,1
multi_ion_entropy,多离子/高熵调控,fe_ii_iii,Fe2+/Fe3+,insufficient_iTE_source_history,,,,0,,0,19,,,,,,,,,,False,not scored because the historical risk-set gate is not met,23,2
multi_ion_entropy,多离子/高熵调控,quinone_hydroquinone,醌/氢醌（Q/HQ）,insufficient_iTE_source_history,,,,0,,0,2,,,,,,,,,,False,not scored because the historical risk-set gate is not met,23,3
multi_ion_entropy,多离子/高熵调控,copper,Cu/Cu2+ 或 Cu 配合物,insufficient_iTE_source_history,,,,0,,0,13,,,,,,,,,,False,not scored because the historical risk-set gate is not met,23,4
multi_ion_entropy,多离子/高熵调控,cobalt_complex,Co 配合物氧化还原对,insufficient_iTE_source_history,,,,0,,0,5,,,,,,,,,,False,not scored because the historical risk-set gate is not met,23,5
multi_ion_entropy,多离子/高熵调控,ferrocene_ferrocenium,二茂铁/二茂铁鎓,insufficient_iTE_source_history,,,,0,,0,3,,,,,,,,,,False,not scored because the historical risk-set gate is not met,23,6
multi_ion_entropy,多离子/高熵调控,polysulfide_or_sulfite,SO4²−/SO3²−（本地语料）,insufficient_iTE_source_history,,,,0,,0,2,,,,,,,,,,False,not scored because the historical risk-set gate is not met,23,7
multi_ion_entropy,多离子/高熵调控,metal_complex_other,其他金属配合物氧化还原对,insufficient_source_and_target_history,,,,0,,0,1,,,,,,,,,,False,not scored because the historical risk-set gate is not met,23,8
