relative_path	bytes
README.md	4799
build_thermogalvanic_report.py	29030
build_thermogalvanic_report_docx.py	74612
hkust-thesis-overleaf.zip	26253092
cleanroom_abstract_pair_layer/EVIDENCE_CONTRACT_CN.md	3687
cleanroom_abstract_pair_layer/README.md	7196
cleanroom_abstract_pair_layer/REBUILD_AUDIT_CN.md	10332
cleanroom_abstract_pair_layer/abstract_check_queue.csv	5427747
cleanroom_abstract_pair_layer/abstract_relations.csv	764827
cleanroom_abstract_pair_layer/all_shared_node_evidence_summary.csv	54188
cleanroom_abstract_pair_layer/balanced_focus_review_queue.csv	421915
cleanroom_abstract_pair_layer/concept_occurrences.csv	17786721
cleanroom_abstract_pair_layer/direct_pair_overlaps.csv	63850
cleanroom_abstract_pair_layer/hinge_candidates.csv	1862
cleanroom_abstract_pair_layer/ite_pair_bank.csv	2231759
cleanroom_abstract_pair_layer/pair_support_evidence.csv	4671836
cleanroom_abstract_pair_layer/paper_concepts.csv	14916106
cleanroom_abstract_pair_layer/paper_registry.csv	3409391
cleanroom_abstract_pair_layer/paper_scope_audit.csv	3505357
cleanroom_abstract_pair_layer/qa_report.json	3679
cleanroom_abstract_pair_layer/relation_incident_review_queue.csv	27959
cleanroom_abstract_pair_layer/relation_incident_semantic_review.csv	30932
cleanroom_abstract_pair_layer/relation_semantic_adjudication.csv	3014
cleanroom_abstract_pair_layer/result_bearing_abstract_review.csv	4756
cleanroom_abstract_pair_layer/run_manifest.json	4332
cleanroom_abstract_pair_layer/same_sentence_pairs.csv	4384063
cleanroom_abstract_pair_layer/semantic_relation_source_leave_one_out.csv	1871
cleanroom_abstract_pair_layer/semantic_review_qa.json	1275
cleanroom_abstract_pair_layer/semantic_reviewed_focus_candidates.csv	13666782
cleanroom_abstract_pair_layer/semantic_reviewed_shared_node_summary.csv	25649
cleanroom_abstract_pair_layer/shared_node_evidence_summary.csv	20545
cleanroom_abstract_pair_layer/source_record_registry.csv	3113974
cleanroom_abstract_pair_layer/tg_pair_bank.csv	1319424
cleanroom_abstract_pair_layer/tiered_focus_endpoint_quarantine.csv	6759571
cleanroom_abstract_pair_layer/tiered_focus_node_pair_paths_full.csv	18402281
cleanroom_abstract_pair_layer/tiered_shared_node_pair_candidates_focus.csv	11644580
cleanroom_abstract_pair_layer/tiered_shared_node_pair_candidates_full.csv	45838320
cleanroom_abstract_pair_layer/top_hinge_candidates.csv	1862
cleanroom_abstract_pair_layer/evidence_graph/README_CN.md	2104
cleanroom_abstract_pair_layer/evidence_graph/direct_relation_candidate_audit.graphml	224736
cleanroom_abstract_pair_layer/evidence_graph/exact_alignment_pair_endpoints.graphml	159490
cleanroom_abstract_pair_layer/evidence_graph/graph_alignment_edges.csv	65928
cleanroom_abstract_pair_layer/evidence_graph/graph_candidate_paths_all.csv	61769220
cleanroom_abstract_pair_layer/evidence_graph/graph_candidate_paths_endpoint_pass.csv	15514327
cleanroom_abstract_pair_layer/evidence_graph/graph_candidate_paths_focus_pre_gate.csv	24807915
cleanroom_abstract_pair_layer/evidence_graph/graph_candidate_paths_quarantine.csv	9138995
cleanroom_abstract_pair_layer/evidence_graph/graph_cross_endpoint_candidate_edges.csv	11755303
cleanroom_abstract_pair_layer/evidence_graph/graph_cross_endpoint_unordered_index.csv	3180937
cleanroom_abstract_pair_layer/evidence_graph/graph_manifest.json	5330
cleanroom_abstract_pair_layer/evidence_graph/graph_nodes.csv	738642
cleanroom_abstract_pair_layer/evidence_graph/graph_observed_relation_edges.csv	504
cleanroom_abstract_pair_layer/evidence_graph/graph_pair_edges.csv	2284933
cleanroom_abstract_pair_layer/evidence_graph/graph_qa.json	7868
cleanroom_abstract_pair_layer/evidence_graph/graph_relation_candidate_edges.csv	186647
cleanroom_abstract_pair_layer/evidence_graph/graph_review_queue_paths.csv	543166
cleanroom_abstract_pair_layer/evidence_graph/ite_observed_pairs.graphml	2376006
cleanroom_abstract_pair_layer/evidence_graph/observed_relations.graphml	560
cleanroom_abstract_pair_layer/evidence_graph/tg_observed_pairs.graphml	1411016
cleanroom_abstract_pair_layer/evidence_graph/two_layer_pair_alignment.graphml	3838289
figures/node_edge_pair_nature/new_pair_prediction_nature.pdf	39088
figures/node_edge_pair_nature/new_pair_prediction_nature.png	134730
figures/node_edge_pair_nature/new_pair_prediction_nature.svg	17715
figures/node_edge_pair_nature/new_pair_prediction_nature.tiff	23921118
figures/node_edge_pair_nature/new_pair_prediction_schematic.py	5412
figures/node_edge_pair_nature/node_edge_pair_nature.pdf	42516
figures/node_edge_pair_nature/node_edge_pair_nature.png	177764
figures/node_edge_pair_nature/node_edge_pair_nature.svg	22968
figures/node_edge_pair_nature/node_edge_pair_nature.tiff	27468726
figures/node_edge_pair_nature/node_edge_pair_schematic.py	6567
figures_and_results/ite_concept_density_map/ite_nmi_concept_density_map.pdf	902531
figures_and_results/ite_concept_density_map/ite_nmi_concept_density_map.png	2256438
figures_and_results/ite_concept_density_map/ite_nmi_concept_density_map.svg	2992913
figures_and_results/ite_concept_density_map/ite_nmi_concept_density_map.tiff	85277726
figures_and_results/ite_concept_density_map/ite_nmi_concept_map_source.csv	63021
figures_and_results/ite_concept_density_map/ite_nmi_concept_map_tile_labels.csv	2436
figures_and_results/ite_experiment_suite/concepts_curated.csv	286344
figures_and_results/ite_experiment_suite/concepts_open300.csv	585895
figures_and_results/ite_experiment_suite/concepts_open600.csv	747698
figures_and_results/ite_experiment_suite/curated_broad_min2_dprev_strat.csv	447
figures_and_results/ite_experiment_suite/curated_broad_min2_scored.csv	111363
figures_and_results/ite_experiment_suite/curated_broad_min2_windows.csv	265
figures_and_results/ite_experiment_suite/curated_dprev23_min2_dprev_strat.csv	389
figures_and_results/ite_experiment_suite/curated_dprev23_min2_scored.csv	109368
figures_and_results/ite_experiment_suite/curated_dprev23_min2_windows.csv	277
figures_and_results/ite_experiment_suite/curated_frontier_min2_dprev_strat.csv	470
figures_and_results/ite_experiment_suite/curated_frontier_min2_scored.csv	111431
figures_and_results/ite_experiment_suite/curated_frontier_min2_windows.csv	279
figures_and_results/ite_experiment_suite/ite_experiment_dprev_summary.csv	2691
figures_and_results/ite_experiment_suite/ite_experiment_summary.csv	2587
figures_and_results/ite_experiment_suite/open300_broad_min2_dprev_strat.csv	710
figures_and_results/ite_experiment_suite/open300_broad_min2_scored.csv	5041606
figures_and_results/ite_experiment_suite/open300_broad_min2_windows.csv	324
figures_and_results/ite_experiment_suite/open300_dprev23_min2_dprev_strat.csv	400
figures_and_results/ite_experiment_suite/open300_dprev23_min2_scored.csv	3861989
figures_and_results/ite_experiment_suite/open300_dprev23_min2_windows.csv	300
figures_and_results/ite_experiment_suite/open300_frontier_min2_dprev_strat.csv	719
figures_and_results/ite_experiment_suite/open300_frontier_min2_scored.csv	5042813
figures_and_results/ite_experiment_suite/open300_frontier_min2_windows.csv	325
figures_and_results/ite_experiment_suite/open600_frontier_min2_dprev_strat.csv	692
figures_and_results/ite_experiment_suite/open600_frontier_min2_scored.csv	5197804
figures_and_results/ite_experiment_suite/open600_frontier_min2_windows.csv	303
figures_and_results/ite_raw_material_mechanism_density_map/ite_material_raw_labels.csv	2689
figures_and_results/ite_raw_material_mechanism_density_map/ite_mechanism_raw_labels.csv	3048
figures_and_results/ite_raw_material_mechanism_density_map/ite_raw_material_mechanism_embedding_source.csv	1182295
figures_and_results/ite_raw_material_mechanism_density_map/ite_raw_material_vs_mechanism_density_map.pdf	424333
figures_and_results/ite_raw_material_mechanism_density_map/ite_raw_material_vs_mechanism_density_map.png	1351123
figures_and_results/ite_raw_material_mechanism_density_map/ite_raw_material_vs_mechanism_density_map.svg	1690572
figures_and_results/ite_raw_material_mechanism_density_map/ite_raw_material_vs_mechanism_density_map.tiff	57675886
figures_and_results/ite_self_iter/ite_self_backtest_metrics.csv	828
figures_and_results/ite_self_iter/ite_self_hybrid_confusion_top10.pdf	20731
figures_and_results/ite_self_iter/ite_self_hybrid_confusion_top10.png	73801
figures_and_results/ite_self_iter/ite_self_hybrid_confusion_top10.svg	10852
figures_and_results/ite_self_iter/ite_self_hybrid_confusion_top100.pdf	20847
figures_and_results/ite_self_iter/ite_self_hybrid_confusion_top100.png	80574
figures_and_results/ite_self_iter/ite_self_hybrid_confusion_top100.svg	10440
figures_and_results/ite_self_iter/ite_self_hybrid_confusion_top25.pdf	20738
figures_and_results/ite_self_iter/ite_self_hybrid_confusion_top25.png	74865
figures_and_results/ite_self_iter/ite_self_hybrid_confusion_top25.svg	10853
figures_and_results/ite_self_iter/ite_self_hybrid_confusion_top50.pdf	21055
figures_and_results/ite_self_iter/ite_self_hybrid_confusion_top50.png	78014
figures_and_results/ite_self_iter/ite_self_hybrid_confusion_top50.svg	11711
figures_and_results/ite_self_iter/ite_self_nmi_style_roc_pr.pdf	30154
figures_and_results/ite_self_iter/ite_self_nmi_style_roc_pr.png	371718
figures_and_results/ite_self_iter/ite_self_nmi_style_roc_pr.svg	38640
figures_and_results/ite_self_iter/ite_self_scored_candidates_2022_to_2026.csv	91463
figures_and_results/ite_self_iter/ite_self_test_samples_2022_to_2026.csv	73607
figures_and_results/ite_self_iter/ite_self_train_samples.csv	165957
figures_and_results/ite_self_iter/ite_self_typed_concepts.csv	286344
figures_and_results/ite_self_iter/ite_self_window_summary.csv	387
figures_and_results/ite_self_nmi_clean_iter/ite_self_nmi_clean_broad_confusion_top10.pdf	19674
figures_and_results/ite_self_nmi_clean_iter/ite_self_nmi_clean_broad_confusion_top10.png	74891
figures_and_results/ite_self_nmi_clean_iter/ite_self_nmi_clean_broad_confusion_top10.svg	9359
figures_and_results/ite_self_nmi_clean_iter/ite_self_nmi_clean_broad_confusion_top100.pdf	19675
figures_and_results/ite_self_nmi_clean_iter/ite_self_nmi_clean_broad_confusion_top100.png	80997
figures_and_results/ite_self_nmi_clean_iter/ite_self_nmi_clean_broad_confusion_top100.svg	9361
figures_and_results/ite_self_nmi_clean_iter/ite_self_nmi_clean_broad_confusion_top25.pdf	19675
figures_and_results/ite_self_nmi_clean_iter/ite_self_nmi_clean_broad_confusion_top25.png	78889
figures_and_results/ite_self_nmi_clean_iter/ite_self_nmi_clean_broad_confusion_top25.svg	9360
figures_and_results/ite_self_nmi_clean_iter/ite_self_nmi_clean_broad_confusion_top50.pdf	19034
figures_and_results/ite_self_nmi_clean_iter/ite_self_nmi_clean_broad_confusion_top50.png	83359
figures_and_results/ite_self_nmi_clean_iter/ite_self_nmi_clean_broad_confusion_top50.svg	9359
figures_and_results/ite_self_nmi_clean_iter/ite_self_nmi_clean_broad_roc_pr.pdf	80363
figures_and_results/ite_self_nmi_clean_iter/ite_self_nmi_clean_broad_roc_pr.png	356181
figures_and_results/ite_self_nmi_clean_iter/ite_self_nmi_clean_broad_roc_pr.svg	196220
figures_and_results/ite_self_nmi_clean_iter/ite_self_nmi_clean_broad_scored.csv	5853144
figures_and_results/ite_self_nmi_clean_iter/ite_self_nmi_clean_broad_train.csv	16868122
figures_and_results/ite_self_nmi_clean_iter/ite_self_nmi_clean_broad_windows.csv	383
figures_and_results/ite_self_nmi_clean_iter/ite_self_nmi_clean_dprev23_confusion_top10.pdf	19301
figures_and_results/ite_self_nmi_clean_iter/ite_self_nmi_clean_dprev23_confusion_top10.png	77467
figures_and_results/ite_self_nmi_clean_iter/ite_self_nmi_clean_dprev23_confusion_top10.svg	9358
figures_and_results/ite_self_nmi_clean_iter/ite_self_nmi_clean_dprev23_confusion_top100.pdf	19372
figures_and_results/ite_self_nmi_clean_iter/ite_self_nmi_clean_dprev23_confusion_top100.png	83400
figures_and_results/ite_self_nmi_clean_iter/ite_self_nmi_clean_dprev23_confusion_top100.svg	9359
figures_and_results/ite_self_nmi_clean_iter/ite_self_nmi_clean_dprev23_confusion_top25.pdf	20026
figures_and_results/ite_self_nmi_clean_iter/ite_self_nmi_clean_dprev23_confusion_top25.png	78917
figures_and_results/ite_self_nmi_clean_iter/ite_self_nmi_clean_dprev23_confusion_top25.svg	9360
figures_and_results/ite_self_nmi_clean_iter/ite_self_nmi_clean_dprev23_confusion_top50.pdf	19724
figures_and_results/ite_self_nmi_clean_iter/ite_self_nmi_clean_dprev23_confusion_top50.png	80287
figures_and_results/ite_self_nmi_clean_iter/ite_self_nmi_clean_dprev23_confusion_top50.svg	9361
figures_and_results/ite_self_nmi_clean_iter/ite_self_nmi_clean_dprev23_roc_pr.pdf	80644
figures_and_results/ite_self_nmi_clean_iter/ite_self_nmi_clean_dprev23_roc_pr.png	355054
figures_and_results/ite_self_nmi_clean_iter/ite_self_nmi_clean_dprev23_roc_pr.svg	197398
figures_and_results/ite_self_nmi_clean_iter/ite_self_nmi_clean_dprev23_scored.csv	5852933
figures_and_results/ite_self_nmi_clean_iter/ite_self_nmi_clean_dprev23_train.csv	16867319
figures_and_results/ite_self_nmi_clean_iter/ite_self_nmi_clean_dprev23_windows.csv	400
figures_and_results/ite_self_nmi_clean_iter/ite_self_nmi_clean_frontier_confusion_top10.pdf	19674
figures_and_results/ite_self_nmi_clean_iter/ite_self_nmi_clean_frontier_confusion_top10.png	74891
figures_and_results/ite_self_nmi_clean_iter/ite_self_nmi_clean_frontier_confusion_top10.svg	9359
figures_and_results/ite_self_nmi_clean_iter/ite_self_nmi_clean_frontier_confusion_top100.pdf	19675
figures_and_results/ite_self_nmi_clean_iter/ite_self_nmi_clean_frontier_confusion_top100.png	80997
figures_and_results/ite_self_nmi_clean_iter/ite_self_nmi_clean_frontier_confusion_top100.svg	9361
figures_and_results/ite_self_nmi_clean_iter/ite_self_nmi_clean_frontier_confusion_top25.pdf	19675
figures_and_results/ite_self_nmi_clean_iter/ite_self_nmi_clean_frontier_confusion_top25.png	78889
figures_and_results/ite_self_nmi_clean_iter/ite_self_nmi_clean_frontier_confusion_top25.svg	9360
figures_and_results/ite_self_nmi_clean_iter/ite_self_nmi_clean_frontier_confusion_top50.pdf	19034
figures_and_results/ite_self_nmi_clean_iter/ite_self_nmi_clean_frontier_confusion_top50.png	83359
figures_and_results/ite_self_nmi_clean_iter/ite_self_nmi_clean_frontier_confusion_top50.svg	9359
figures_and_results/ite_self_nmi_clean_iter/ite_self_nmi_clean_frontier_roc_pr.pdf	80364
figures_and_results/ite_self_nmi_clean_iter/ite_self_nmi_clean_frontier_roc_pr.png	355792
figures_and_results/ite_self_nmi_clean_iter/ite_self_nmi_clean_frontier_roc_pr.svg	196223
figures_and_results/ite_self_nmi_clean_iter/ite_self_nmi_clean_frontier_scored.csv	5853127
figures_and_results/ite_self_nmi_clean_iter/ite_self_nmi_clean_frontier_train.csv	16868122
figures_and_results/ite_self_nmi_clean_iter/ite_self_nmi_clean_frontier_windows.csv	407
figures_and_results/ite_self_nmi_clean_iter/ite_self_nmi_clean_paper_concepts.csv	2723748
figures_and_results/ite_self_nmi_clean_iter/ite_self_nmi_clean_summary.csv	1432
figures_and_results/open_concepts_iter/ite_titles_with_tg_terms.csv	7905
figures_and_results/open_concepts_iter/open_candidate_vocabulary_scored.csv	1864091
figures_and_results/open_concepts_iter/open_concept_summary.csv	242
figures_and_results/open_concepts_iter/open_concept_summary_by_type.csv	315
figures_and_results/open_concepts_iter/open_nmi_concept_summary.csv	243
figures_and_results/open_concepts_iter/open_nmi_concept_summary_by_role.csv	955
figures_and_results/open_concepts_iter/open_nmi_concept_summary_by_type.csv	419
figures_and_results/open_concepts_iter/open_nmi_paper_concepts_1500.csv	3227982
figures_and_results/open_concepts_iter/open_nmi_recommendation_candidates.csv	64845
figures_and_results/open_concepts_iter/open_nmi_selected_vocabulary_1500.csv	122458
figures_and_results/open_concepts_iter/open_paper_concepts_1500.csv	1927946
figures_and_results/open_concepts_iter/open_selected_vocabulary_1500.csv	94194
figures_and_results/open_concepts_iter/tg_in_ite_doi_overlap.csv	16716
figures_and_results/open_concepts_iter/tg_in_ite_title_overlap.csv	25390
figures_and_results/tg_adoption_iter/iteration_notes.md	9344
figures_and_results/tg_adoption_iter/tg_adoption_backtest_metrics.csv	830
figures_and_results/tg_adoption_iter/tg_adoption_ml_tuning_results.csv	19070
figures_and_results/tg_adoption_iter/tg_adoption_ml_tuning_top20.pdf	27029
figures_and_results/tg_adoption_iter/tg_adoption_ml_tuning_top20.png	528243
figures_and_results/tg_adoption_iter/tg_adoption_ml_tuning_top20.svg	26054
figures_and_results/tg_adoption_iter/tg_adoption_prediction_backtest.pdf	38390
figures_and_results/tg_adoption_iter/tg_adoption_prediction_backtest.png	587478
figures_and_results/tg_adoption_iter/tg_adoption_prediction_backtest.svg	20815
figures_and_results/tg_adoption_iter/tg_adoption_prediction_backtest.tiff	50065486
figures_and_results/tg_adoption_iter/tg_adoption_prediction_demo_summary.md	6247
figures_and_results/tg_adoption_iter/tg_adoption_scored_candidates_2022_to_2026.csv	45190
figures_and_results/tg_adoption_iter/tg_adoption_scored_candidates_2022_to_2026_tuned.csv	70829
figures_and_results/tg_adoption_iter/tg_adoption_test_samples_2022_to_2026.csv	35787
figures_and_results/tg_adoption_iter/tg_adoption_train_samples.csv	81001
figures_and_results/tg_adoption_iter/tg_adoption_tuned_vs_old_confusion_top25.pdf	26474
figures_and_results/tg_adoption_iter/tg_adoption_tuned_vs_old_confusion_top25.png	177112
figures_and_results/tg_adoption_iter/tg_adoption_tuned_vs_old_confusion_top25.svg	20282
figures_and_results/tg_adoption_iter/tg_adoption_window_summary.csv	336
figures_and_results/tg_adoption_iter/tg_backtest_prediction_vs_truth_confusion_summary.csv	648
figures_and_results/tg_adoption_iter/tg_backtest_prediction_vs_truth_confusion_top25.pdf	28046
figures_and_results/tg_adoption_iter/tg_backtest_prediction_vs_truth_confusion_top25.png	196775
figures_and_results/tg_adoption_iter/tg_backtest_prediction_vs_truth_confusion_top25.svg	20286
figures_and_results/tg_adoption_iter/tg_backtest_prediction_vs_truth_confusion_top25.tiff	29367818
figures_and_results/tg_adoption_iter/tg_backtest_score_truth_concept_matrix.pdf	39573
figures_and_results/tg_adoption_iter/tg_backtest_score_truth_concept_matrix.png	1382576
figures_and_results/tg_adoption_iter/tg_backtest_score_truth_concept_matrix.svg	84531
figures_and_results/tg_adoption_iter/tg_backtest_score_truth_concept_matrix.tiff	73917566
figures_and_results/tg_adoption_iter/tg_nmi_style_auc_ap_summary.csv	298
figures_and_results/tg_adoption_iter/tg_nmi_style_precision_at_k.pdf	25465
figures_and_results/tg_adoption_iter/tg_nmi_style_precision_at_k.png	210808
figures_and_results/tg_adoption_iter/tg_nmi_style_precision_at_k.svg	21632
figures_and_results/tg_adoption_iter/tg_nmi_style_precision_recall_at_k.csv	978
figures_and_results/tg_adoption_iter/tg_nmi_style_prediction_error_matrix_threshold_rank0p5.pdf	33092
figures_and_results/tg_adoption_iter/tg_nmi_style_prediction_error_matrix_threshold_rank0p5.png	1347088
figures_and_results/tg_adoption_iter/tg_nmi_style_prediction_error_matrix_threshold_rank0p5.svg	77382
figures_and_results/tg_adoption_iter/tg_nmi_style_prediction_error_matrix_top10.pdf	33109
figures_and_results/tg_adoption_iter/tg_nmi_style_prediction_error_matrix_top10.png	1226397
figures_and_results/tg_adoption_iter/tg_nmi_style_prediction_error_matrix_top10.svg	55961
figures_and_results/tg_adoption_iter/tg_nmi_style_prediction_error_matrix_top10_source.csv	33533
figures_and_results/tg_adoption_iter/tg_nmi_style_prediction_error_matrix_top10_summary.csv	119
figures_and_results/tg_adoption_iter/tg_nmi_style_prediction_error_matrix_top25.pdf	32451
figures_and_results/tg_adoption_iter/tg_nmi_style_prediction_error_matrix_top25.png	1255443
figures_and_results/tg_adoption_iter/tg_nmi_style_prediction_error_matrix_top25.svg	57701
figures_and_results/tg_adoption_iter/tg_nmi_style_prediction_error_matrix_top25_source.csv	33533
figures_and_results/tg_adoption_iter/tg_nmi_style_prediction_error_matrix_top25_summary.csv	121
figures_and_results/tg_adoption_iter/tg_nmi_style_prediction_error_matrix_top50.pdf	32665
figures_and_results/tg_adoption_iter/tg_nmi_style_prediction_error_matrix_top50.png	1292081
figures_and_results/tg_adoption_iter/tg_nmi_style_prediction_error_matrix_top50.svg	63499
figures_and_results/tg_adoption_iter/tg_nmi_style_prediction_error_matrix_top50_source.csv	33533
figures_and_results/tg_adoption_iter/tg_nmi_style_prediction_error_matrix_top50_summary.csv	121
figures_and_results/tg_adoption_iter/tg_nmi_style_roc_pr_curves.pdf	27163
figures_and_results/tg_adoption_iter/tg_nmi_style_roc_pr_curves.png	325025
figures_and_results/tg_adoption_iter/tg_nmi_style_roc_pr_curves.svg	26728
figures_and_results/tg_adoption_iter/tg_nmi_style_threshold_0p5_confusion.csv	369
figures_and_results/tg_adoption_iter/tg_nmi_style_threshold_0p5_confusion.pdf	27684
figures_and_results/tg_adoption_iter/tg_nmi_style_threshold_0p5_confusion.png	192445
figures_and_results/tg_adoption_iter/tg_nmi_style_threshold_0p5_confusion.svg	21634
figures_and_results/tg_adoption_iter/tg_post2026_candidate_directions.csv	117483
figures_and_results/tg_adoption_iter/tg_post2026_concept_prediction_matrix.pdf	40410
figures_and_results/tg_adoption_iter/tg_post2026_concept_prediction_matrix.png	1573230
figures_and_results/tg_adoption_iter/tg_post2026_concept_prediction_matrix.svg	85333
figures_and_results/tg_adoption_iter/tg_post2026_concept_prediction_matrix.tiff	68847686
figures_and_results/tg_adoption_iter/tg_post2026_prediction_matrix_top30.csv	6403
figures_and_results/tg_adoption_iter/tg_post2026_prediction_score_decomposition_matrix.pdf	49275
figures_and_results/tg_adoption_iter/tg_post2026_prediction_score_decomposition_matrix.png	1427275
figures_and_results/tg_adoption_iter/tg_post2026_prediction_score_decomposition_matrix.svg	131798
figures_and_results/tg_adoption_iter/tg_post2026_prediction_score_decomposition_matrix.tiff	110118050
figures_and_results/tg_adoption_iter/tg_post2026_top25_with_evidence.csv	20763
figures_and_results/tg_adoption_iter/tg_post2026_top25_with_evidence.md	15284
figures_and_results/tg_adoption_iter/tg_post2026_top30_with_evidence.csv	28302
figures_and_results/tg_adoption_iter/tg_post2026_top30_with_evidence.md	21281
figures_and_results/tg_adoption_iter/tg_post2026_top50_candidate_directions.csv	14300
figures_and_results/tg_adoption_iter/tg_post2026_type_prediction_matrix.pdf	34439
figures_and_results/tg_adoption_iter/tg_post2026_type_prediction_matrix.png	490583
figures_and_results/tg_adoption_iter/tg_post2026_type_prediction_matrix.svg	30281
figures_and_results/tg_adoption_iter/tg_post2026_type_prediction_matrix.tiff	52066142
figures_and_results/tg_adoption_iter/tg_prediction_typed_concepts.csv	431116
figures_and_results/tg_concept_density_map/tg_nmi_concept_density_map.pdf	986774
figures_and_results/tg_concept_density_map/tg_nmi_concept_density_map.png	1957071
figures_and_results/tg_concept_density_map/tg_nmi_concept_density_map.svg	3127636
figures_and_results/tg_concept_density_map/tg_nmi_concept_density_map.tiff	85277726
figures_and_results/tg_concept_density_map/tg_nmi_concept_map_source.csv	21183
figures_and_results/tg_concept_density_map/tg_nmi_concept_map_tile_labels.csv	1653
figures_and_results/tg_material_adoption_iter/README.md	1486
figures_and_results/tg_material_adoption_iter/deduplication_audit.csv	171
figures_and_results/tg_material_adoption_iter/ite_removed_tg_overlap.csv	122831
figures_and_results/tg_material_adoption_iter/material_backtest_metrics.csv	517
figures_and_results/tg_material_adoption_iter/material_scored_backtest_2022_to_2026.csv	49713
figures_and_results/tg_material_adoption_iter/material_test_samples_2022_to_2026.csv	30890
figures_and_results/tg_material_adoption_iter/material_train_samples.csv	138263
figures_and_results/tg_material_adoption_iter/paper_materials_after_dedup.csv	194697
figures_and_results/tg_material_adoption_iter/post2026_material_candidates.csv	76597
figures_and_results/tg_material_adoption_iter/rolling_window_summary.csv	107
figures_and_results/tg_material_mechanism_density_map/tg_full_material_mechanism_embedding_density_map.pdf	942881
figures_and_results/tg_material_mechanism_density_map/tg_full_material_mechanism_embedding_density_map.png	2332550
figures_and_results/tg_material_mechanism_density_map/tg_full_material_mechanism_embedding_density_map.svg	3259568
figures_and_results/tg_material_mechanism_density_map/tg_full_material_mechanism_embedding_density_map.tiff	87657962
figures_and_results/tg_material_mechanism_density_map/tg_full_material_mechanism_embedding_labels.csv	1489
figures_and_results/tg_material_mechanism_density_map/tg_full_material_mechanism_entries_embedding_source.csv	197412
figures_and_results/tg_material_mechanism_density_map/tg_full_material_mechanism_entry_tags.csv	65050
figures_and_results/tg_material_mechanism_density_map/tg_material_embedding_labels.csv	383
figures_and_results/tg_material_mechanism_density_map/tg_material_mechanism_embedding_density_map.pdf	1051917
figures_and_results/tg_material_mechanism_density_map/tg_material_mechanism_embedding_density_map.png	2158997
figures_and_results/tg_material_mechanism_density_map/tg_material_mechanism_embedding_density_map.svg	3446514
figures_and_results/tg_material_mechanism_density_map/tg_material_mechanism_embedding_density_map.tiff	87675086
figures_and_results/tg_material_mechanism_density_map/tg_material_mechanism_embedding_labels.csv	1095
figures_and_results/tg_material_mechanism_density_map/tg_material_mechanism_embedding_source.csv	2118
figures_and_results/tg_material_mechanism_density_map/tg_material_mechanism_nodes_by_paper.csv	171128
figures_and_results/tg_material_mechanism_density_map/tg_material_vs_mechanism_embedding_density_map.pdf	498173
figures_and_results/tg_material_mechanism_density_map/tg_material_vs_mechanism_embedding_density_map.png	1111600
figures_and_results/tg_material_mechanism_density_map/tg_material_vs_mechanism_embedding_density_map.svg	2107247
figures_and_results/tg_material_mechanism_density_map/tg_material_vs_mechanism_embedding_density_map.tiff	55461646
figures_and_results/tg_material_mechanism_density_map/tg_mechanism_embedding_labels.csv	464
figures_and_results/tg_raw_material_mechanism_density_map/tg_material_raw_labels.csv	2286
figures_and_results/tg_raw_material_mechanism_density_map/tg_mechanism_raw_labels.csv	2564
figures_and_results/tg_raw_material_mechanism_density_map/tg_raw_material_mechanism_embedding_source.csv	228934
figures_and_results/tg_raw_material_mechanism_density_map/tg_raw_material_vs_mechanism_density_map.pdf	453282
figures_and_results/tg_raw_material_mechanism_density_map/tg_raw_material_vs_mechanism_density_map.png	1058000
figures_and_results/tg_raw_material_mechanism_density_map/tg_raw_material_vs_mechanism_density_map.svg	1936294
figures_and_results/tg_raw_material_mechanism_density_map/tg_raw_material_vs_mechanism_density_map.tiff	57675886
final_concept_layer/final_concept_alias_map.csv	149481
final_concept_layer/final_concept_vocabulary.csv	207837
final_concept_layer/final_embedding_merge_review.csv	5898
final_concept_layer/final_paper_concept_map.csv	2415156
final_concept_layer/final_paper_index.csv	3350894
final_concept_layer/final_paper_qc.csv	3437253
final_concept_layer/final_qc_summary.csv	980
final_concept_layer/final_summary.json	1474
final_concept_layer/final_surface_evidence.csv	556849
final_concept_layer/iTE_TG_final_concept_layer.xlsx	3767344
final_concept_prediction/README.md	2318
final_concept_prediction/ite_backtest_metrics.csv	541
final_concept_prediction/ite_classification_metrics.csv	512
final_concept_prediction/ite_final_concept_confusion_matrix.pdf	22761
final_concept_prediction/ite_final_concept_confusion_matrix.png	106774
final_concept_prediction/ite_final_concept_confusion_matrix.svg	6548
final_concept_prediction/ite_final_concept_confusion_matrix.tiff	14949782
final_concept_prediction/ite_final_concept_prediction_matrix.pdf	34194
final_concept_prediction/ite_final_concept_prediction_matrix.png	336222
final_concept_prediction/ite_final_concept_prediction_matrix.svg	36683
final_concept_prediction/ite_final_concept_prediction_matrix.tiff	39000750
final_concept_prediction/ite_final_concept_roc_pr.pdf	67692
final_concept_prediction/ite_final_concept_roc_pr.png	408304
final_concept_prediction/ite_final_concept_roc_pr.svg	169029
final_concept_prediction/ite_final_concept_roc_pr.tiff	30705650
final_concept_prediction/ite_hyperparameter_tuning.csv	7453
final_concept_prediction/ite_model_feature_dictionary.csv	1237
final_concept_prediction/ite_observed_matrix_top_concepts.csv	1803
final_concept_prediction/ite_prediction_matrix_top_concepts.csv	4779
final_concept_prediction/ite_prediction_summary.json	2443
final_concept_prediction/ite_rolling_validation_blend.csv	6421
final_concept_prediction/ite_rolling_validation_summary.csv	2239
final_concept_prediction/ite_scored_candidates_2022_to_2026.csv	5760256
final_concept_prediction/ite_test_candidates_2022_to_2026.csv	3988231
final_concept_prediction/ite_top100_predictions.csv	39516
final_concept_prediction/ite_train_samples_2012_2018.csv	2573478
final_concept_prediction/ite_training_window_summary.csv	325
final_concept_prediction/ite_validation_candidates_2019_to_2022.csv	2000238
hkust-thesis/.gitignore	2890
hkust-thesis/LICENSE	19106
hkust-thesis/Makefile	1064
hkust-thesis/OVERLEAF_README.md	687
hkust-thesis/README.md	3072
hkust-thesis/README_CN.md	2913
hkust-thesis/hkustthesis.aux	12293
hkust-thesis/hkustthesis.cls	25202
hkust-thesis/hkustthesis.dtx	90859
hkust-thesis/hkustthesis.glo	4901
hkust-thesis/hkustthesis.hd	9
hkust-thesis/hkustthesis.idx	109172
hkust-thesis/hkustthesis.ins	139
hkust-thesis/hkustthesis.log	1509
hkust-thesis/hkustthesis.out	10070
hkust-thesis/hkustthesis.pdf	339785
hkust-thesis/hkustthesis.toc	5475
hkust-thesis/latexmkrc	797
hkust-thesis/mythesis-blx.bib	341
hkust-thesis/mythesis.aux	34382
hkust-thesis/mythesis.bbl	49522
hkust-thesis/mythesis.bib	4383
hkust-thesis/mythesis.blg	271
hkust-thesis/mythesis.lof	1306
hkust-thesis/mythesis.log	70694
hkust-thesis/mythesis.lot	1037
hkust-thesis/mythesis.out	10343
hkust-thesis/mythesis.pdf	2794775
hkust-thesis/mythesis.run.xml	2677
hkust-thesis/mythesis.tex	1666
hkust-thesis/mythesis.toc	3944
hkust-thesis/mythesis_LoP.bib	2411
hkust-thesis/thermogalvanic_references.bib	14134
hkust-thesis/.github/workflows/build.yml	999
hkust-thesis/.github/workflows/release.yml	2150
hkust-thesis/.github/workflows/test.yml	1353
hkust-thesis/.vscode/settings.json	2199
hkust-thesis/chapters/Appendix_Figures.tex	2897
hkust-thesis/chapters/Appendix_Publications.tex	525
hkust-thesis/chapters/Appendix_Requirements.tex	5923
hkust-thesis/chapters/Ch_AI_Solvation.tex	7974
hkust-thesis/chapters/Ch_Conclusion.tex	69
hkust-thesis/chapters/Ch_ExampleChapter.tex	6222
hkust-thesis/chapters/Ch_Introduction.tex	184
hkust-thesis/chapters/Ch_LiteratureReview.tex	70122
hkust-thesis/chapters/Ch_Polarity_Hydrogel.tex	5990
hkust-thesis/chapters/Pre_Abstract.tex	1377
hkust-thesis/chapters/Pre_Acknowledgements.tex	81
hkust-thesis/chapters/Pre_Dedication.tex	69
hkust-thesis/chapters/Pre_Preface.tex	106
hkust-thesis/docs/_config.yml	274
hkust-thesis/docs/index.md	1535
hkust-thesis/figures/as2025_page-02.png	800539
hkust-thesis/figures/as2025_page-03.png	800349
hkust-thesis/figures/as2025_page-04.png	610664
hkust-thesis/figures/as2025_page-05.png	660038
hkust-thesis/figures/as2025_page-10.png	945315
hkust-thesis/figures/as2025_page-11.png	824858
hkust-thesis/figures/as2025_page-12.png	1030878
hkust-thesis/figures/as2025_page-13.png	1159942
hkust-thesis/figures/as2025_page-14.png	1048311
hkust-thesis/figures/as2025_page-15.png	1134991
hkust-thesis/figures/as2025_page-16.png	552402
hkust-thesis/figures/as2025_page-22.png	794444
hkust-thesis/figures/as2025_page-23.png	850259
hkust-thesis/figures/as2025_page-24.png	629133
hkust-thesis/figures/as2025_page-25.png	269565
hkust-thesis/figures/as_guanidinium_additives.png	723196
hkust-thesis/figures/as_ite_mechanisms.png	440220
hkust-thesis/figures/as_solvation_structure.png	824486
hkust-thesis/figures/as_td_tg_mechanisms.png	347757
hkust-thesis/figures/csr2026_page-03.png	1300875
hkust-thesis/figures/csr_background_full.png	600867
hkust-thesis/figures/csr_roadmap_full.png	534700
hkust-thesis/figures/csr_roadmap_full_uploaded.png	1819135
hkust-thesis/figures/joule2021_page-01.png	600701
hkust-thesis/figures/joule2021_page-02.png	642348
hkust-thesis/figures/joule2021_page-03.png	523876
hkust-thesis/figures/joule2021_page-04.png	575305
hkust-thesis/figures/joule_low_grade_sources.png	181002
hkust-thesis/figures/joule_thermopower_strategies.png	242749
hkust-thesis/figures/joule_thermopower_strategies_full.png	410228
hkust-thesis/figures/nsr2026_page-20.png	1242693
hkust-thesis/figures/nsr2026_page-21.png	1086244
hkust-thesis/figures/nsr2026_page-22.png	862486
hkust-thesis/figures/nsr2026_page-23.png	738543
hkust-thesis/figures/nsr2026_page-24.png	633482
hkust-thesis/figures/nsr_material_categories_full.png	584174
hkust-thesis/resources/ProjectLogo/HKUSTThesisLogoTeX.tex	1362
hkust-thesis/resources/ProjectLogo/qrcode2github.svg	53752
hkust-thesis/resources/ProjectLogo/redbird-raw.svg	22663
hkust-thesis/tmp/pdfs/final_title_abstract/final-01.png	71907
hkust-thesis/tmp/pdfs/final_title_abstract/final-02.png	178166
hkust-thesis/tmp/pdfs/final_title_abstract/page-01.png	63348
hkust-thesis/tmp/pdfs/final_title_abstract/page-02.png	216815
hkust-thesis/tmp/pdfs/final_title_abstract/pqe-01.png	62232
hkust-thesis/tmp/pdfs/final_title_abstract/pqe-02.png	178166
hkust-thesis/tmp/pdfs/final_title_abstract/see-01.png	62579
hkust-thesis/tmp/pdfs/final_title_abstract/see-02.png	179157
hkust-thesis/tmp/pdfs/report_qa/body-34.png	171641
hkust-thesis/tmp/pdfs/report_qa/body-35.png	183333
hkust-thesis/tmp/pdfs/report_qa/body-36.png	139789
hkust-thesis/tmp/pdfs/report_qa/body-37.png	177235
hkust-thesis/tmp/pdfs/report_qa/body-38.png	193761
hkust-thesis/tmp/pdfs/report_qa/body-39.png	54111
hkust-thesis/tmp/pdfs/report_qa/body-40.png	166518
hkust-thesis/tmp/pdfs/report_qa/body-41.png	168737
hkust-thesis/tmp/pdfs/report_qa/body-42.png	113523
hkust-thesis/tmp/pdfs/report_qa/body-43.png	217770
hkust-thesis/tmp/pdfs/report_qa/body-44.png	258894
hkust-thesis/tmp/pdfs/report_qa/body-45.png	57248
hkust-thesis/tmp/pdfs/report_qa/body_contact.png	651243
hkust-thesis/tmp/pdfs/report_qa/front-01.png	33220
hkust-thesis/tmp/pdfs/report_qa/front-02.png	61796
hkust-thesis/tmp/pdfs/report_qa/front-03.png	134869
hkust-thesis/tmp/pdfs/report_qa/front-04.png	31664
hkust-thesis/tmp/pdfs/report_qa/front-05.png	66545
hkust-thesis/tmp/pdfs/report_qa/front-06.png	56717
hkust-thesis/tmp/pdfs/report_qa/front-07.png	170028
hkust-thesis/tmp/pdfs/report_qa/front-08.png	197041
hkust-thesis/tmp/pdfs/report_qa/front_contact.png	249031
ite_insight_transfer/README.md	6208
ite_insight_transfer/alignment_threshold_audit_sample.csv	338749
ite_insight_transfer/analysis_summary.json	1092
ite_insight_transfer/bridge_claim_units.csv	222884
ite_insight_transfer/ite_abstract_claim_adjudication.csv	101
ite_insight_transfer/ite_abstract_claim_candidates.csv	249028
ite_insight_transfer/ite_adjacent_reference_supplement.csv	982858
ite_insight_transfer/ite_evidence_repair_queue.csv	434052
ite_insight_transfer/ite_insight_claim_units.csv	6517097
ite_insight_transfer/ite_insight_theme_members.csv	28826
ite_insight_transfer/ite_insight_themes.csv	1301923
ite_insight_transfer/ite_primary_insight_claims.csv	747619
ite_insight_transfer/ite_source_already_tg_coupled.csv	139524
ite_insight_transfer/ite_tg_relation_adjudication.csv	203
ite_insight_transfer/ite_to_tg_alignment_review_queue.csv	75317
ite_insight_transfer/ite_to_tg_transfer_cards.csv	1556473
ite_insight_transfer/qa_invariants.json	1712
ite_insight_transfer/run_manifest.json	6900
ite_insight_transfer/tg_reference_claim_units.csv	958819
ite_insight_transfer/tg_translation_opportunity_watchlist.csv	1421509
ite_tg_complementarity/DEPRECATED_CN.md	441
ite_tg_complementarity/NEXT_ACTION_BATCHES_CN.md	9096
ite_tg_complementarity/README.md	3335
ite_tg_complementarity/START_HERE_CN.md	4592
ite_tg_complementarity/TOP_EXPERIMENTS_CN.md	23637
ite_tg_complementarity/analysis_summary.json	3155
ite_tg_complementarity/ite_claim_inventory_with_levers.csv	6947712
ite_tg_complementarity/ite_mechanism_cards_v2.csv	6947712
ite_tg_complementarity/ite_paper_coverage.csv	2995136
ite_tg_complementarity/ite_tg_candidate_evidence.csv	152020
ite_tg_complementarity/ite_tg_complementarity_programs.csv	68815
ite_tg_complementarity/ite_tg_edge_review_queue.csv	9025
ite_tg_complementarity/ite_tg_experiment_shortlist.csv	54574
ite_tg_complementarity/ite_tg_next_action_queue.csv	26262
ite_tg_complementarity/ite_tg_white_space_shortlist.csv	19236
ite_tg_complementarity/ite_to_tg_hypotheses_v2.csv	2019953
ite_tg_complementarity/knowledge_graph_edges.csv	215871
ite_tg_complementarity/knowledge_graph_nodes.csv	765586
ite_tg_complementarity/run_manifest.json	4141
ite_tg_complementarity/tg_prior_art_by_program.csv	29304
ite_tg_complementarity/bottleneck_graph_prediction/future_mechanism_bottleneck_predictions.csv	32186
ite_tg_complementarity/bottleneck_graph_prediction/future_mechanism_bottleneck_top10_superseded_raw.csv	7296
ite_tg_complementarity/bottleneck_graph_prediction/ite_source_mechanism_records.csv	72439
ite_tg_complementarity/bottleneck_graph_prediction/mechanism_bottleneck_matrix_long.csv	24569
ite_tg_complementarity/bottleneck_graph_prediction/mechanism_bottleneck_matrix_scores.csv	1564
ite_tg_complementarity/bottleneck_graph_prediction/prediction_manifest.json	7147
ite_tg_complementarity/bottleneck_graph_prediction/raw_graph_top10_for_audit.csv	7910
ite_tg_complementarity/bottleneck_graph_prediction/rolling_backtest_metrics.csv	2761
ite_tg_complementarity/bottleneck_graph_prediction/rolling_backtest_predictions.csv	107619
ite_tg_complementarity/bottleneck_graph_prediction/temporal_bottleneck_risk_snapshots.csv	123308
ite_tg_complementarity/bottleneck_graph_prediction/tg_bottleneck_mapping_audit.csv	49803
ite_tg_complementarity/bottleneck_graph_prediction/tg_bottleneck_paper_records.csv	100798
ite_tg_complementarity/bottleneck_graph_prediction/tg_mechanism_bottleneck_evidence.csv	206593
ite_tg_complementarity/graph_analysis/GRAPH_RESULTS_CN.md	4473
ite_tg_complementarity/graph_analysis/augmented_graph_edges.csv	221278
ite_tg_complementarity/graph_analysis/augmented_graph_nodes.csv	771099
ite_tg_complementarity/graph_analysis/augmented_knowledge_graph.graphml	2358574
ite_tg_complementarity/graph_analysis/community_sensitivity.json	1257
ite_tg_complementarity/graph_analysis/graph_analysis_manifest.json	4016
ite_tg_complementarity/graph_analysis/graph_audit.json	2118
ite_tg_complementarity/graph_analysis/ite_tg_action_graph.png	828259
ite_tg_complementarity/graph_analysis/ite_tg_action_graph.svg	42872
ite_tg_complementarity/graph_analysis/knowledge_graph.graphml	2325216
ite_tg_complementarity/graph_analysis/lever_cooccurrence.graphml	15050
ite_tg_complementarity/graph_analysis/lever_cooccurrence_edges.csv	15325
ite_tg_complementarity/graph_analysis/lever_cooccurrence_graph.png	729200
ite_tg_complementarity/graph_analysis/lever_cooccurrence_graph.svg	36297
ite_tg_complementarity/graph_analysis/lever_cooccurrence_nodes.csv	2827
ite_tg_complementarity/graph_analysis/lever_target_matrix.csv	1550
ite_tg_complementarity/graph_analysis/lever_target_programs.csv	31298
ite_tg_complementarity/graph_analysis/program_evidence_paths.csv	88691
ite_tg_complementarity/graph_analysis/program_graph_support.csv	9964
ite_tg_complementarity/graph_analysis/program_program_relations.csv	12623
ite_tg_complementarity/graph_analysis/program_projection.graphml	16441
ite_tg_complementarity/graph_analysis/program_source_leverage.png	184347
ite_tg_complementarity/graph_analysis/program_source_leverage.svg	29184
ite_tg_complementarity/graph_analysis/tg_prior_art_program_edges.csv	21581
ite_tg_complementarity/graph_analysis/typed_node_metrics.csv	710149
ite_tg_complementarity/graph_prediction/FIGURE_QA_NOTES.md	2591
ite_tg_complementarity/graph_prediction/PREDICTION_RESULTS_CN.md	7214
ite_tg_complementarity/graph_prediction/curated_program_matrix_overlay.csv	4017
ite_tg_complementarity/graph_prediction/future_lever_tg_predictions.csv	62946
ite_tg_complementarity/graph_prediction/future_lever_tg_top30.csv	20673
ite_tg_complementarity/graph_prediction/ite_source_lever_records.csv	72439
ite_tg_complementarity/graph_prediction/ite_tg_graph_prediction_matrix.pdf	118095
ite_tg_complementarity/graph_prediction/ite_tg_graph_prediction_matrix.png	659983
ite_tg_complementarity/graph_prediction/ite_tg_graph_prediction_matrix.svg	136368
ite_tg_complementarity/graph_prediction/ite_tg_graph_prediction_matrix.tiff	91758698
ite_tg_complementarity/graph_prediction/lever_tg_prediction_matrix_long.csv	57258
ite_tg_complementarity/graph_prediction/lever_tg_prediction_matrix_scores.csv	2696
ite_tg_complementarity/graph_prediction/manual_prior_adoption_evidence.csv	12949
ite_tg_complementarity/graph_prediction/prediction_manifest.json	5763
ite_tg_complementarity/graph_prediction/rolling_backtest_metrics.csv	4080
ite_tg_complementarity/graph_prediction/rolling_backtest_predictions.csv	182557
ite_tg_complementarity/graph_prediction/strict_tg_lever_adoption_evidence.csv	44270
ite_tg_complementarity/graph_prediction/temporal_graph_backtest.pdf	44053
ite_tg_complementarity/graph_prediction/temporal_graph_backtest.png	280462
ite_tg_complementarity/graph_prediction/temporal_graph_backtest.svg	30485
ite_tg_complementarity/graph_prediction/temporal_graph_backtest.tiff	30705650
ite_tg_complementarity/graph_prediction/temporal_risk_snapshots.csv	145831
ite_tg_complementarity/graph_prediction/tg_lever_adoption_evidence.csv	56979
ite_tg_complementarity/graph_prediction/tg_paper_mapping_audit.csv	57583
ite_to_tg_prediction/README.md	2388
ite_to_tg_prediction/ite_to_tg_backtest_metrics.csv	533
ite_to_tg_prediction/ite_to_tg_classification_metrics.csv	504
ite_to_tg_prediction/ite_to_tg_confusion_matrix.pdf	22055
ite_to_tg_prediction/ite_to_tg_confusion_matrix.png	97419
ite_to_tg_prediction/ite_to_tg_confusion_matrix.svg	6550
ite_to_tg_prediction/ite_to_tg_confusion_matrix.tiff	14949782
ite_to_tg_prediction/ite_to_tg_hyperparameter_tuning.csv	7480
ite_to_tg_prediction/ite_to_tg_material_mechanism_matrix.pdf	37216
ite_to_tg_prediction/ite_to_tg_material_mechanism_matrix.png	470250
ite_to_tg_prediction/ite_to_tg_material_mechanism_matrix.svg	31930
ite_to_tg_prediction/ite_to_tg_material_mechanism_matrix.tiff	48601694
ite_to_tg_prediction/ite_to_tg_material_mechanism_observed.csv	918
ite_to_tg_prediction/ite_to_tg_material_mechanism_predicted.csv	1826
ite_to_tg_prediction/ite_to_tg_mechanism_mechanism_matrix.pdf	34929
ite_to_tg_prediction/ite_to_tg_mechanism_mechanism_matrix.png	317818
ite_to_tg_prediction/ite_to_tg_mechanism_mechanism_matrix.svg	35876
ite_to_tg_prediction/ite_to_tg_mechanism_mechanism_matrix.tiff	38439086
ite_to_tg_prediction/ite_to_tg_mechanism_mechanism_observed.csv	1511
ite_to_tg_prediction/ite_to_tg_mechanism_mechanism_predicted.csv	2881
ite_to_tg_prediction/ite_to_tg_model_feature_dictionary.csv	1450
ite_to_tg_prediction/ite_to_tg_observed_matrix_top_concepts.csv	1453
ite_to_tg_prediction/ite_to_tg_prediction_matrix.pdf	35823
ite_to_tg_prediction/ite_to_tg_prediction_matrix.png	330208
ite_to_tg_prediction/ite_to_tg_prediction_matrix.svg	36124
ite_to_tg_prediction/ite_to_tg_prediction_matrix.tiff	39176270
ite_to_tg_prediction/ite_to_tg_prediction_matrix_top_concepts.csv	3043
ite_to_tg_prediction/ite_to_tg_prediction_summary.json	2452
ite_to_tg_prediction/ite_to_tg_roc_pr.pdf	32281
ite_to_tg_prediction/ite_to_tg_roc_pr.png	396024
ite_to_tg_prediction/ite_to_tg_roc_pr.svg	42829
ite_to_tg_prediction/ite_to_tg_roc_pr.tiff	30705650
ite_to_tg_prediction/ite_to_tg_scored_candidates_2022_to_2026.csv	365588
ite_to_tg_prediction/ite_to_tg_test_candidates_2022_to_2026.csv	266494
ite_to_tg_prediction/ite_to_tg_top100_predictions.csv	39511
ite_to_tg_prediction/ite_to_tg_train_samples_2013_2019.csv	85065
ite_to_tg_prediction/ite_to_tg_training_window_summary.csv	287
ite_to_tg_prediction/ite_to_tg_validation_candidates_2021_to_2024.csv	218623
kimi版本/42256_2026_1206_MOESM1_ESM.pdf	4841615
kimi版本/pdf_extract.py	0
kimi版本/s42256-026-01206-y (1).pdf	3653867
layered_prediction_analysis/README.md	2836
layered_prediction_analysis/all_layer_metrics.csv	5284
layered_prediction_analysis/concept_layer_audit.csv	12482
layered_prediction_analysis/ite_to_tg/all_candidates_with_layers.csv	400616
layered_prediction_analysis/ite_to_tg/layer_metrics_all_models.csv	2607
layered_prediction_analysis/ite_to_tg/top25_M-M.csv	10449
layered_prediction_analysis/ite_to_tg/top25_M-P.csv	11345
layered_prediction_analysis/ite_to_tg/top25_M-S.csv	11049
layered_prediction_analysis/ite_to_tg/top25_P-P.csv	12203
layered_prediction_analysis/ite_to_tg/top25_S-P.csv	11971
layered_prediction_analysis/ite_to_tg/top25_S-S.csv	3367
layered_prediction_analysis/ite_to_tg/top25_all_layers.csv	62548
layered_prediction_analysis/ite_to_tg/top25_other.csv	5365
layered_prediction_analysis/ite_to_tg/top25_unobserved_M-M.csv	10354
layered_prediction_analysis/ite_to_tg/top25_unobserved_M-P.csv	11366
layered_prediction_analysis/ite_to_tg/top25_unobserved_M-S.csv	10914
layered_prediction_analysis/ite_to_tg/top25_unobserved_P-P.csv	12158
layered_prediction_analysis/ite_to_tg/top25_unobserved_S-P.csv	10168
layered_prediction_analysis/ite_to_tg/top25_unobserved_S-S.csv	2113
layered_prediction_analysis/ite_to_tg/top25_unobserved_all_layers.csv	59092
layered_prediction_analysis/ite_to_tg/top25_unobserved_other.csv	5380
layered_prediction_analysis/tg_to_tg/all_candidates_with_layers.csv	942309
layered_prediction_analysis/tg_to_tg/layer_metrics_all_models.csv	2824
layered_prediction_analysis/tg_to_tg/top25_M-M.csv	10217
layered_prediction_analysis/tg_to_tg/top25_M-P.csv	11024
layered_prediction_analysis/tg_to_tg/top25_M-S.csv	10755
layered_prediction_analysis/tg_to_tg/top25_P-P.csv	11917
layered_prediction_analysis/tg_to_tg/top25_S-P.csv	11556
layered_prediction_analysis/tg_to_tg/top25_S-S.csv	8707
layered_prediction_analysis/tg_to_tg/top25_all_layers.csv	72837
layered_prediction_analysis/tg_to_tg/top25_other.csv	11203
layered_prediction_analysis/tg_to_tg/top25_unobserved_M-M.csv	10227
layered_prediction_analysis/tg_to_tg/top25_unobserved_M-P.csv	11186
layered_prediction_analysis/tg_to_tg/top25_unobserved_M-S.csv	10800
layered_prediction_analysis/tg_to_tg/top25_unobserved_P-P.csv	11747
layered_prediction_analysis/tg_to_tg/top25_unobserved_S-P.csv	11480
layered_prediction_analysis/tg_to_tg/top25_unobserved_S-S.csv	7037
layered_prediction_analysis/tg_to_tg/top25_unobserved_all_layers.csv	70886
layered_prediction_analysis/tg_to_tg/top25_unobserved_other.csv	11077
material_mechanism_analysis/README.md	1346
material_mechanism_analysis/all_three_layer_metrics.csv	2256
material_mechanism_analysis/ite_to_tg/all_candidates_three_layers.csv	382880
material_mechanism_analysis/ite_to_tg/three_layer_metrics_all_models.csv	1200
material_mechanism_analysis/ite_to_tg/top25_M-M.csv	10317
material_mechanism_analysis/ite_to_tg/top25_M-X.csv	10799
material_mechanism_analysis/ite_to_tg/top25_X-X.csv	11384
material_mechanism_analysis/ite_to_tg/top25_all_three_layers.csv	31022
material_mechanism_analysis/ite_to_tg/top25_unobserved_M-M.csv	10222
material_mechanism_analysis/ite_to_tg/top25_unobserved_M-X.csv	10883
material_mechanism_analysis/ite_to_tg/top25_unobserved_X-X.csv	11397
material_mechanism_analysis/ite_to_tg/top25_unobserved_all_three_layers.csv	30994
material_mechanism_analysis/tg_to_tg/all_candidates_three_layers.csv	909479
material_mechanism_analysis/tg_to_tg/three_layer_metrics_all_models.csv	1203
material_mechanism_analysis/tg_to_tg/top25_M-M.csv	10085
material_mechanism_analysis/tg_to_tg/top25_M-X.csv	10581
material_mechanism_analysis/tg_to_tg/top25_X-X.csv	11104
material_mechanism_analysis/tg_to_tg/top25_all_three_layers.csv	30478
material_mechanism_analysis/tg_to_tg/top25_unobserved_M-M.csv	10095
material_mechanism_analysis/tg_to_tg/top25_unobserved_M-X.csv	10660
material_mechanism_analysis/tg_to_tg/top25_unobserved_X-X.csv	10999
material_mechanism_analysis/tg_to_tg/top25_unobserved_all_three_layers.csv	30432
mechanism_transfer_workflow/README.md	4325
mechanism_transfer_workflow/annual_transfer_counts.csv	95
mechanism_transfer_workflow/mechanism_node_curation.csv	23991
mechanism_transfer_workflow/mechanism_pair_transfer_events.csv	90402
mechanism_transfer_workflow/mechanism_type_transfer_rates.csv	960
mechanism_transfer_workflow/observed_ite_to_tg_transfers.csv	11171
mechanism_transfer_workflow/pure_mechanism_paper_map.csv	473226
mechanism_transfer_workflow/pure_mechanism_vocabulary.csv	14188
mechanism_transfer_workflow/transfer_lag_summary.csv	105
mechanism_transfer_workflow/transfer_status_summary.csv	95
mechanism_transfer_workflow/figures/future_2027_graph_probability_matrix.pdf	51371
mechanism_transfer_workflow/figures/future_2027_graph_probability_matrix.png	527058
mechanism_transfer_workflow/figures/future_2027_graph_probability_matrix.svg	56325
mechanism_transfer_workflow/figures/future_2027_graph_probability_matrix.tiff	73657102
mechanism_transfer_workflow/figures/future_2027_mechanism_graph.pdf	40740
mechanism_transfer_workflow/figures/future_2027_mechanism_graph.png	565337
mechanism_transfer_workflow/figures/future_2027_mechanism_graph.svg	31503
mechanism_transfer_workflow/figures/future_2027_mechanism_graph.tiff	52476506
mechanism_transfer_workflow/figures/mechanism_transfer_analysis.pdf	44676
mechanism_transfer_workflow/figures/mechanism_transfer_analysis.png	568622
mechanism_transfer_workflow/figures/mechanism_transfer_analysis.svg	43754
mechanism_transfer_workflow/figures/mechanism_transfer_analysis.tiff	62306450
mechanism_transfer_workflow/strict_analysis/README.md	4423
mechanism_transfer_workflow/strict_analysis/analysis_summary.json	996
mechanism_transfer_workflow/strict_analysis/annual_relation_risk_sets.csv	67288
mechanism_transfer_workflow/strict_analysis/competing_risk_cumulative_incidence.csv	2848
mechanism_transfer_workflow/strict_analysis/competing_risk_pair_outcomes_support_1.csv	30201
mechanism_transfer_workflow/strict_analysis/competing_risk_pair_outcomes_support_2.csv	10408
mechanism_transfer_workflow/strict_analysis/competing_risk_pair_outcomes_support_3.csv	4235
mechanism_transfer_workflow/strict_analysis/competing_risk_summary.csv	785
mechanism_transfer_workflow/strict_analysis/complete_holdout_bootstrap.csv	597
mechanism_transfer_workflow/strict_analysis/direct_relation_verification_queue.csv	5081
mechanism_transfer_workflow/strict_analysis/domain_sensitivity_summary.csv	1376
mechanism_transfer_workflow/strict_analysis/five_year_rates_by_type.csv	1115
mechanism_transfer_workflow/strict_analysis/fixed_five_year_summary.csv	2085
mechanism_transfer_workflow/strict_analysis/kaplan_meier_cooccurrence.csv	8172
mechanism_transfer_workflow/strict_analysis/legacy_overlap_contamination_audit.csv	387
mechanism_transfer_workflow/strict_analysis/legacy_transfers_with_ambiguous_target_evidence.csv	6117
mechanism_transfer_workflow/strict_analysis/paper_domain_counts.csv	83
mechanism_transfer_workflow/strict_analysis/prospective_candidate_audit_queue_after_2025.csv	59875
mechanism_transfer_workflow/strict_analysis/run_manifest.json	1110
mechanism_transfer_workflow/strict_analysis/strict_pair_events_support_1.csv	106723
mechanism_transfer_workflow/strict_analysis/strict_pair_events_support_2.csv	107848
mechanism_transfer_workflow/strict_analysis/strict_pair_events_support_3.csv	108255
mechanism_transfer_workflow/strict_analysis/target_first_evidence_paper_concentration.csv	1578
mechanism_transfer_workflow/strict_analysis/walk_forward_ranking_metrics.csv	900
mechanism_transfer_workflow/two_stage_model/catboost_graph_test_comparison.csv	439
mechanism_transfer_workflow/two_stage_model/catboost_graph_test_scores.csv	83477
mechanism_transfer_workflow/two_stage_model/catboost_graph_weight_search.csv	9681
mechanism_transfer_workflow/two_stage_model/future_2027_graph_figure_edges.csv	2217
mechanism_transfer_workflow/two_stage_model/future_2027_graph_ranking.csv	93080
mechanism_transfer_workflow/two_stage_model/future_2027_graph_score_matrix.csv	2898
mechanism_transfer_workflow/two_stage_model/future_2027_graph_top100.csv	37587
mechanism_transfer_workflow/two_stage_model/future_2027_graph_with_probability.csv	116075
mechanism_transfer_workflow/two_stage_model/future_2027_probability_matrix.csv	3018
mechanism_transfer_workflow/two_stage_model/future_single_mechanism_adoption.csv	1884
mechanism_transfer_workflow/two_stage_model/future_two_stage_pair_predictions.csv	88117
mechanism_transfer_workflow/two_stage_model/future_two_stage_pair_top100.csv	35438
mechanism_transfer_workflow/two_stage_model/graph_probability_calibration_audit.csv	274
mechanism_transfer_workflow/two_stage_model/node_annual_risk_rows.csv	13399
mechanism_transfer_workflow/two_stage_model/node_model_tuning.csv	1747
mechanism_transfer_workflow/two_stage_model/node_test_metrics.csv	262
mechanism_transfer_workflow/two_stage_model/pair_annual_risk_rows.csv	222793
mechanism_transfer_workflow/two_stage_model/pair_model_tuning.csv	2020
mechanism_transfer_workflow/two_stage_model/pair_test_metrics.csv	457
mechanism_transfer_workflow/two_stage_model/pair_test_scores_2025_to_2026.csv	75896
mechanism_transfer_workflow/two_stage_model/two_stage_weight_search.csv	9684
mechanism_transfer_workflow/unique_pair_five_year_model/catboost_tuning.csv	3922
mechanism_transfer_workflow/unique_pair_five_year_model/test_metrics.csv	312
mechanism_transfer_workflow/unique_pair_five_year_model/test_scores.csv	4845
mechanism_transfer_workflow/unique_pair_five_year_model/unique_pair_dataset.csv	13738
minimal_clean_concept_layer/abstract_only_mapping_review.csv	22008
minimal_clean_concept_layer/clean_pair_evidence.csv	11125838
minimal_clean_concept_layer/clean_paper_concept_map.csv	2423787
minimal_clean_concept_layer/clean_paper_index.csv	3350894
minimal_clean_concept_layer/clean_prediction_vocabulary.csv	46388
minimal_clean_concept_layer/final_concept_vocabulary.csv	46388
minimal_clean_concept_layer/final_paper_concept_map.csv	2423787
minimal_clean_concept_layer/final_paper_index.csv	3350894
minimal_clean_concept_layer/minimal_clean_summary.json	352
minimal_clean_concept_layer/prediction_family_merge_map.csv	1340
minimal_clean_concept_layer/supplemental_mapping_audit.csv	99069
minimal_clean_predictions/README.md	2410
minimal_clean_predictions/comparison/cleaning_stability_summary.csv	255
minimal_clean_predictions/comparison/cleaning_stability_summary.json	602
minimal_clean_predictions/comparison/ite_to_tg_candidate_label_comparison.csv	149898
minimal_clean_predictions/comparison/ite_to_tg_topk_stability.csv	121
minimal_clean_predictions/comparison/tg_to_tg_candidate_label_comparison.csv	394781
minimal_clean_predictions/comparison/tg_to_tg_topk_stability.csv	116
minimal_clean_predictions/future_unseen/future_prediction_summary.csv	167
minimal_clean_predictions/future_unseen/ite_to_tg_future_all_unseen_pairs.csv	868094
minimal_clean_predictions/future_unseen/ite_to_tg_future_top100_all.csv	43793
minimal_clean_predictions/future_unseen/ite_to_tg_future_top100_material_material.csv	41407
minimal_clean_predictions/future_unseen/ite_to_tg_future_top100_material_mechanism.csv	43714
minimal_clean_predictions/future_unseen/ite_to_tg_future_top100_mechanism_mechanism.csv	44680
minimal_clean_predictions/future_unseen/ite_to_tg_novelty_audit_all.csv	873123
minimal_clean_predictions/future_unseen/ite_to_tg_novelty_audited_candidates.csv	870967
minimal_clean_predictions/future_unseen/ite_to_tg_novelty_audited_top100.csv	44628
minimal_clean_predictions/future_unseen/tg_to_tg_future_all_unseen_pairs.csv	3238923
minimal_clean_predictions/future_unseen/tg_to_tg_future_top100_all.csv	42360
minimal_clean_predictions/future_unseen/tg_to_tg_future_top100_material_material.csv	40292
minimal_clean_predictions/future_unseen/tg_to_tg_future_top100_material_mechanism.csv	42049
minimal_clean_predictions/future_unseen/tg_to_tg_future_top100_mechanism_mechanism.csv	43329
minimal_clean_predictions/future_unseen/tg_to_tg_novelty_audit_all.csv	3264645
minimal_clean_predictions/future_unseen/tg_to_tg_novelty_audited_candidates.csv	3246829
minimal_clean_predictions/future_unseen/tg_to_tg_novelty_audited_top100.csv	43160
minimal_clean_predictions/ite_to_tg/ite_to_tg_backtest_metrics.csv	532
minimal_clean_predictions/ite_to_tg/ite_to_tg_classification_metrics.csv	472
minimal_clean_predictions/ite_to_tg/ite_to_tg_confusion_matrix.pdf	22428
minimal_clean_predictions/ite_to_tg/ite_to_tg_confusion_matrix.png	96406
minimal_clean_predictions/ite_to_tg/ite_to_tg_confusion_matrix.svg	6549
minimal_clean_predictions/ite_to_tg/ite_to_tg_confusion_matrix.tiff	14949782
minimal_clean_predictions/ite_to_tg/ite_to_tg_hyperparameter_tuning.csv	7481
minimal_clean_predictions/ite_to_tg/ite_to_tg_material_mechanism_matrix.pdf	37340
minimal_clean_predictions/ite_to_tg/ite_to_tg_material_mechanism_matrix.png	481874
minimal_clean_predictions/ite_to_tg/ite_to_tg_material_mechanism_matrix.svg	31898
minimal_clean_predictions/ite_to_tg/ite_to_tg_material_mechanism_matrix.tiff	48601694
minimal_clean_predictions/ite_to_tg/ite_to_tg_material_mechanism_observed.csv	936
minimal_clean_predictions/ite_to_tg/ite_to_tg_material_mechanism_predicted.csv	1752
minimal_clean_predictions/ite_to_tg/ite_to_tg_mechanism_mechanism_matrix.pdf	34890
minimal_clean_predictions/ite_to_tg/ite_to_tg_mechanism_mechanism_matrix.png	324197
minimal_clean_predictions/ite_to_tg/ite_to_tg_mechanism_mechanism_matrix.svg	35610
minimal_clean_predictions/ite_to_tg/ite_to_tg_mechanism_mechanism_matrix.tiff	38684814
minimal_clean_predictions/ite_to_tg/ite_to_tg_mechanism_mechanism_observed.csv	1493
minimal_clean_predictions/ite_to_tg/ite_to_tg_mechanism_mechanism_predicted.csv	2623
minimal_clean_predictions/ite_to_tg/ite_to_tg_model_feature_dictionary.csv	1450
minimal_clean_predictions/ite_to_tg/ite_to_tg_observed_matrix_top_concepts.csv	1369
minimal_clean_predictions/ite_to_tg/ite_to_tg_prediction_matrix.pdf	35223
minimal_clean_predictions/ite_to_tg/ite_to_tg_prediction_matrix.png	336620
minimal_clean_predictions/ite_to_tg/ite_to_tg_prediction_matrix.svg	35702
minimal_clean_predictions/ite_to_tg/ite_to_tg_prediction_matrix.tiff	39176270
minimal_clean_predictions/ite_to_tg/ite_to_tg_prediction_matrix_top_concepts.csv	2317
minimal_clean_predictions/ite_to_tg/ite_to_tg_prediction_summary.json	2419
minimal_clean_predictions/ite_to_tg/ite_to_tg_roc_pr.pdf	31922
minimal_clean_predictions/ite_to_tg/ite_to_tg_roc_pr.png	394938
minimal_clean_predictions/ite_to_tg/ite_to_tg_roc_pr.svg	41980
minimal_clean_predictions/ite_to_tg/ite_to_tg_roc_pr.tiff	30705650
minimal_clean_predictions/ite_to_tg/ite_to_tg_scored_candidates_2022_to_2026.csv	354961
minimal_clean_predictions/ite_to_tg/ite_to_tg_test_candidates_2022_to_2026.csv	258659
minimal_clean_predictions/ite_to_tg/ite_to_tg_top100_predictions.csv	39372
minimal_clean_predictions/ite_to_tg/ite_to_tg_train_samples_2013_2019.csv	84363
minimal_clean_predictions/ite_to_tg/ite_to_tg_training_window_summary.csv	287
minimal_clean_predictions/ite_to_tg/ite_to_tg_validation_candidates_2021_to_2024.csv	211980
minimal_clean_predictions/ite_to_tg/catboost_graph_hybrid/hybrid_test_candidate_scores.csv	138684
minimal_clean_predictions/ite_to_tg/catboost_graph_hybrid/hybrid_test_comparison.csv	388
minimal_clean_predictions/ite_to_tg/catboost_graph_hybrid/hybrid_top100.csv	15836
minimal_clean_predictions/ite_to_tg/catboost_graph_hybrid/hybrid_weight_validation_search.csv	10707
minimal_clean_predictions/ite_to_tg/catboost_original_graph_hybrid/final_hybrid_candidate_scores.csv	306708
minimal_clean_predictions/ite_to_tg/catboost_original_graph_hybrid/final_hybrid_top100.csv	33931
minimal_clean_predictions/ite_to_tg/catboost_original_graph_hybrid/hybrid_test_comparison.csv	391
minimal_clean_predictions/ite_to_tg/catboost_original_graph_hybrid/hybrid_weight_validation_search.csv	8218
minimal_clean_predictions/ite_to_tg/catboost_original_graph_hybrid/material_material_ranking.csv	77855
minimal_clean_predictions/ite_to_tg/catboost_original_graph_hybrid/mechanism_mechanism_ranking.csv	94740
minimal_clean_predictions/ite_to_tg/graph_weight_tuning/graph_test_candidate_scores.csv	97177
minimal_clean_predictions/ite_to_tg/graph_weight_tuning/graph_test_comparison.csv	158
minimal_clean_predictions/ite_to_tg/graph_weight_tuning/selected_graph_weights.csv	334
minimal_clean_predictions/ite_to_tg/graph_weight_tuning/top1000_graph_weight_search.csv	267515
minimal_clean_predictions/ite_to_tg/mechanism_only_5year_final/five_year_training_samples.csv	200465
minimal_clean_predictions/ite_to_tg/mechanism_only_5year_final/five_year_training_windows.csv	295
minimal_clean_predictions/ite_to_tg/mechanism_only_5year_final/future_mechanism_candidates.csv	220291
minimal_clean_predictions/ite_to_tg/mechanism_only_5year_final/future_mechanism_top100.csv	42339
minimal_clean_predictions/ite_to_tg/mechanism_only_model/catboost_tuning.csv	4486
minimal_clean_predictions/ite_to_tg/mechanism_only_model/hybrid_weight_search.csv	8747
minimal_clean_predictions/ite_to_tg/mechanism_only_model/mechanism_candidate_scores.csv	94816
minimal_clean_predictions/ite_to_tg/mechanism_only_model/mechanism_top100.csv	38702
minimal_clean_predictions/ite_to_tg/mechanism_only_model/test_comparison.csv	421
minimal_clean_predictions/ite_to_tg/mechanism_only_model/training_windows.csv	125
minimal_clean_predictions/ite_to_tg/single_model_comparison/single_model_hyperparameter_search.csv	21086
minimal_clean_predictions/ite_to_tg/single_model_comparison/single_model_test_comparison.csv	1705
minimal_clean_predictions/ite_to_tg/single_model_comparison/single_model_test_scores.csv	242641
minimal_clean_predictions/layered_analysis/all_three_layer_metrics.csv	2267
minimal_clean_predictions/layered_analysis/ite_to_tg/all_candidates_three_layers.csv	371663
minimal_clean_predictions/layered_analysis/ite_to_tg/three_layer_metrics_all_models.csv	1206
minimal_clean_predictions/layered_analysis/ite_to_tg/top25_M-M.csv	10337
minimal_clean_predictions/layered_analysis/ite_to_tg/top25_M-X.csv	10703
minimal_clean_predictions/layered_analysis/ite_to_tg/top25_X-X.csv	11318
minimal_clean_predictions/layered_analysis/ite_to_tg/top25_all_three_layers.csv	30880
minimal_clean_predictions/layered_analysis/ite_to_tg/top25_unobserved_M-M.csv	10330
minimal_clean_predictions/layered_analysis/ite_to_tg/top25_unobserved_M-X.csv	10785
minimal_clean_predictions/layered_analysis/ite_to_tg/top25_unobserved_X-X.csv	11325
minimal_clean_predictions/layered_analysis/ite_to_tg/top25_unobserved_all_three_layers.csv	30932
minimal_clean_predictions/layered_analysis/tg_to_tg/all_candidates_three_layers.csv	837705
minimal_clean_predictions/layered_analysis/tg_to_tg/three_layer_metrics_all_models.csv	1208
minimal_clean_predictions/layered_analysis/tg_to_tg/top25_M-M.csv	10350
minimal_clean_predictions/layered_analysis/tg_to_tg/top25_M-X.csv	10648
minimal_clean_predictions/layered_analysis/tg_to_tg/top25_X-X.csv	11157
minimal_clean_predictions/layered_analysis/tg_to_tg/top25_all_three_layers.csv	30863
minimal_clean_predictions/layered_analysis/tg_to_tg/top25_unobserved_M-M.csv	10212
minimal_clean_predictions/layered_analysis/tg_to_tg/top25_unobserved_M-X.csv	10736
minimal_clean_predictions/layered_analysis/tg_to_tg/top25_unobserved_X-X.csv	10947
minimal_clean_predictions/layered_analysis/tg_to_tg/top25_unobserved_all_three_layers.csv	30573
minimal_clean_predictions/ml_visualization/ite_to_tg_ml_diagnostics.pdf	48351
minimal_clean_predictions/ml_visualization/ite_to_tg_ml_diagnostics.png	784485
minimal_clean_predictions/ml_visualization/ite_to_tg_ml_diagnostics.svg	172968
minimal_clean_predictions/ml_visualization/ite_to_tg_ml_diagnostics.tiff	64413170
minimal_clean_predictions/ml_visualization/ite_to_tg_ml_diagnostics_topk.csv	228
minimal_clean_predictions/ml_visualization/tg_to_tg_ml_diagnostics.pdf	81088
minimal_clean_predictions/ml_visualization/tg_to_tg_ml_diagnostics.png	1121772
minimal_clean_predictions/ml_visualization/tg_to_tg_ml_diagnostics.svg	360929
minimal_clean_predictions/ml_visualization/tg_to_tg_ml_diagnostics.tiff	64413170
minimal_clean_predictions/ml_visualization/tg_to_tg_ml_diagnostics_topk.csv	228
minimal_clean_predictions/prediction_graphs/ite_to_tg_transfer_network.pdf	31274
minimal_clean_predictions/prediction_graphs/ite_to_tg_transfer_network.png	631257
minimal_clean_predictions/prediction_graphs/ite_to_tg_transfer_network.svg	43393
minimal_clean_predictions/prediction_graphs/ite_to_tg_transfer_network.tiff	54055130
minimal_clean_predictions/prediction_graphs/ite_to_tg_transfer_network_edges.csv	22176
minimal_clean_predictions/prediction_graphs/ite_to_tg_transfer_network_extended.pdf	42741
minimal_clean_predictions/prediction_graphs/ite_to_tg_transfer_network_extended.png	270123
minimal_clean_predictions/prediction_graphs/ite_to_tg_transfer_network_extended.svg	107259
minimal_clean_predictions/prediction_graphs/ite_to_tg_transfer_network_extended.tiff	54055130
minimal_clean_predictions/prediction_graphs/ite_to_tg_transfer_network_extended_edges.csv	84873
minimal_clean_predictions/prediction_graphs/ite_to_tg_transfer_network_extended_nodes.csv	5960
minimal_clean_predictions/prediction_graphs/ite_to_tg_transfer_network_full.pdf	78945
minimal_clean_predictions/prediction_graphs/ite_to_tg_transfer_network_full.png	1866867
minimal_clean_predictions/prediction_graphs/ite_to_tg_transfer_network_full.svg	351496
minimal_clean_predictions/prediction_graphs/ite_to_tg_transfer_network_full.tiff	54055130
minimal_clean_predictions/prediction_graphs/ite_to_tg_transfer_network_full_edges.csv	350179
minimal_clean_predictions/prediction_graphs/ite_to_tg_transfer_network_full_nodes.csv	13773
minimal_clean_predictions/prediction_graphs/ite_to_tg_transfer_network_nodes.csv	2597
minimal_clean_predictions/prediction_graphs/tg_to_tg_evolution_network.pdf	30098
minimal_clean_predictions/prediction_graphs/tg_to_tg_evolution_network.png	696355
minimal_clean_predictions/prediction_graphs/tg_to_tg_evolution_network.svg	40786
minimal_clean_predictions/prediction_graphs/tg_to_tg_evolution_network.tiff	54055130
minimal_clean_predictions/prediction_graphs/tg_to_tg_evolution_network_edges.csv	21783
minimal_clean_predictions/prediction_graphs/tg_to_tg_evolution_network_extended.pdf	46487
minimal_clean_predictions/prediction_graphs/tg_to_tg_evolution_network_extended.png	2548122
minimal_clean_predictions/prediction_graphs/tg_to_tg_evolution_network_extended.svg	158713
minimal_clean_predictions/prediction_graphs/tg_to_tg_evolution_network_extended.tiff	54055130
minimal_clean_predictions/prediction_graphs/tg_to_tg_evolution_network_extended_edges.csv	187378
minimal_clean_predictions/prediction_graphs/tg_to_tg_evolution_network_extended_nodes.csv	4785
minimal_clean_predictions/prediction_graphs/tg_to_tg_evolution_network_nodes.csv	2423
minimal_clean_predictions/tg_to_tg/tg_self_backtest_metrics.csv	541
minimal_clean_predictions/tg_to_tg/tg_self_classification_metrics.csv	507
minimal_clean_predictions/tg_to_tg/tg_self_confusion_matrix.pdf	22750
minimal_clean_predictions/tg_to_tg/tg_self_confusion_matrix.png	97389
minimal_clean_predictions/tg_to_tg/tg_self_confusion_matrix.svg	6553
minimal_clean_predictions/tg_to_tg/tg_self_confusion_matrix.tiff	14949782
minimal_clean_predictions/tg_to_tg/tg_self_hyperparameter_tuning.csv	7442
minimal_clean_predictions/tg_to_tg/tg_self_model_feature_dictionary.csv	1237
minimal_clean_predictions/tg_to_tg/tg_self_observed_matrix_top_concepts.csv	1705
minimal_clean_predictions/tg_to_tg/tg_self_prediction_matrix.pdf	36090
minimal_clean_predictions/tg_to_tg/tg_self_prediction_matrix.png	323051
minimal_clean_predictions/tg_to_tg/tg_self_prediction_matrix.svg	36776
minimal_clean_predictions/tg_to_tg/tg_self_prediction_matrix.tiff	39070958
minimal_clean_predictions/tg_to_tg/tg_self_prediction_matrix_top_concepts.csv	4665
minimal_clean_predictions/tg_to_tg/tg_self_prediction_summary.json	2432
minimal_clean_predictions/tg_to_tg/tg_self_roc_pr.pdf	44630
minimal_clean_predictions/tg_to_tg/tg_self_roc_pr.png	401790
minimal_clean_predictions/tg_to_tg/tg_self_roc_pr.svg	87541
minimal_clean_predictions/tg_to_tg/tg_self_roc_pr.tiff	30705650
minimal_clean_predictions/tg_to_tg/tg_self_scored_candidates_2022_to_2026.csv	795601
minimal_clean_predictions/tg_to_tg/tg_self_test_candidates_2022_to_2026.csv	565048
minimal_clean_predictions/tg_to_tg/tg_self_top100_predictions.csv	39440
minimal_clean_predictions/tg_to_tg/tg_self_train_samples_2012_2018.csv	553027
minimal_clean_predictions/tg_to_tg/tg_self_training_window_summary.csv	305
minimal_clean_predictions/tg_to_tg/tg_self_validation_candidates_2019_to_2022.csv	214744
ml_visualization/ite_to_tg_ml_diagnostics.pdf	51098
ml_visualization/ite_to_tg_ml_diagnostics.png	800888
ml_visualization/ite_to_tg_ml_diagnostics.svg	176156
ml_visualization/ite_to_tg_ml_diagnostics.tiff	64413170
ml_visualization/ite_to_tg_ml_diagnostics_topk.csv	227
ml_visualization/tg_to_tg_ml_diagnostics.pdf	80167
ml_visualization/tg_to_tg_ml_diagnostics.png	1179757
ml_visualization/tg_to_tg_ml_diagnostics.svg	392682
ml_visualization/tg_to_tg_ml_diagnostics.tiff	64413170
ml_visualization/tg_to_tg_ml_diagnostics_topk.csv	226
nmi_reference/42256_2026_1206_MOESM1_ESM.pdf	4841615
nmi_reference/nmi_concept_graph.txt	98736
nmi_reference/nmi_si.txt	83022
nmi_reference/s42256-026-01206-y (1).pdf	3653867
nmi_reference/nmi_fig_ref/nmi_page3-03.png	895570
output/asset_manifest.md	2727
output/final_presentation_cn.pptx	6528587
output/ppt_outline_cn.md	1321
output/pptx_audit.md	5615
output/qa_report.md	818
output/thermogalvanic_report_cn.docx	4495864
output/thermogalvanic_report_docx_qa.md	1031
output/assets/figure_contact_sheet.png	644522
output/assets/figures/fig_device_integration.png	355189
output/assets/figures/fig_hydrogel_synergy.png	421564
output/assets/figures/fig_liquid_state_thermocell.png	176952
output/assets/figures/fig_low_grade_heat_roadmap.png	1129313
output/assets/figures/fig_material_categories.png	566035
output/assets/figures/fig_performance_material_comparison.png	839216
output/assets/figures/fig_photothermal_steam_apps.png	709086
output/assets/figures/fig_redox_couples_strategies.png	416763
output/assets/figures/fig_td_tg_voltage_profiles.png	698025
output/assets/figures/fig_three_mechanisms.png	411507
output/assets/figures/fig_wearable_applications.png	796463
output/pdf_text/1-s2.0-S2542435121000866-main.txt	64684
output/pdf_text/Advanced_Materials_-_2026_-_Kim_-_Functional_Polymers_for_Ionic_Thermoelectrics__Multiscale_Design_Strategies_for_Ion.txt	224117
output/pdf_text/Advanced_Science_-_2021_-_Liu_-_Potentially_Wearable_ThermoElectrochemical_Cells_for_Body_Heat_Harvesting__From_Mechanism_.txt	150396
output/pdf_text/Advanced_Science_-_2025_-_Lin_-_Critical_Design_Strategy_of_Thermogalvanic_Hydrogels_for_LowGrade_Heat_Harvesting.txt	149421
output/pdf_text/d4sc04158e.txt	189665
output/pdf_text/d5cs01175b.txt	448135
output/pdf_text/nwag283.txt	478519
output/rendered/advmat2026_p2-02.png	1295506
output/rendered/advmat2026_p24-24.png	1912429
output/rendered/advmat2026_p25-25.png	1200614
output/rendered/advmat2026_p6-06.png	1104622
output/rendered/advsc2021_p16-16.png	702892
output/rendered/advsc2021_p2-02.png	960778
output/rendered/advsc2021_p9-09.png	478507
output/rendered/advsc2025_p16-16.png	552402
output/rendered/advsc2025_p17-17.png	834806
output/rendered/advsc2025_p3-03.png	800349
output/rendered/advsc2025_p4-04.png	610664
output/rendered/advsc2025_p7-07.png	930939
output/rendered/contact_sheet.png	1910622
output/rendered/csr2026_p17-17.png	565860
output/rendered/csr2026_p3-03.png	1300875
output/rendered/csr2026_p36-36.png	1027355
output/rendered/csr2026_p40-40.png	1111664
output/rendered/csr2026_p8-08.png	1045244
output/rendered/joule2021_p2-02.png	642348
output/rendered/joule2021_p3-03.png	523876
output/rendered/joule2021_p4-04.png	575305
output/rendered/joule2021_p6-06.png	503121
output/rendered/nsr2026_p14-14.png	429418
output/rendered/nsr2026_p22-22.png	862486
output/rendered/nsr2026_p27-27.png	952935
output/rendered/nsr2026_p35-35.png	1053649
output/rendered/nsr2026_p4-04.png	443810
output/rendered/nsr2026_p7-07.png	732801
pair_projection/DEPRECATED_CN.md	349
pair_projection/README.md	3654
pair_projection/RESULTS_CN.md	6058
pair_projection/coupled_positive_control_pairs.csv	262169
pair_projection/cross_layer_pair_links.csv	104363721
pair_projection/exact_pair_overlaps.csv	450991
pair_projection/excluded_overlap_controls.csv	494948
pair_projection/ite_pair_bank.csv	1247008
pair_projection/new_scheme_bridges.csv	334228
pair_projection/new_scheme_program_results.csv	17356
pair_projection/positive_control_bridges.csv	45117
pair_projection/positive_control_program_results.csv	5089
pair_projection/program_level_results.csv	21743
pair_projection/representative_pair_bridges.csv	12406
pair_projection/representative_pair_projection.svg	8379
pair_projection/source_overlap_papers.csv	120009
pair_projection/tg_pair_queries.csv	692948
pair_projection/top_pair_bridges.csv	857795
prediction_graphs/ite_to_tg_transfer_network.pdf	31335
prediction_graphs/ite_to_tg_transfer_network.png	706717
prediction_graphs/ite_to_tg_transfer_network.svg	42314
prediction_graphs/ite_to_tg_transfer_network.tiff	54055130
prediction_graphs/ite_to_tg_transfer_network_edges.csv	22211
prediction_graphs/ite_to_tg_transfer_network_extended.pdf	43152
prediction_graphs/ite_to_tg_transfer_network_extended.png	797809
prediction_graphs/ite_to_tg_transfer_network_extended.svg	107482
prediction_graphs/ite_to_tg_transfer_network_extended.tiff	54055130
prediction_graphs/ite_to_tg_transfer_network_extended_edges.csv	84716
prediction_graphs/ite_to_tg_transfer_network_extended_nodes.csv	5789
prediction_graphs/ite_to_tg_transfer_network_full.pdf	80059
prediction_graphs/ite_to_tg_transfer_network_full.png	1603614
prediction_graphs/ite_to_tg_transfer_network_full.svg	358724
prediction_graphs/ite_to_tg_transfer_network_full.tiff	54055130
prediction_graphs/ite_to_tg_transfer_network_full_edges.csv	360697
prediction_graphs/ite_to_tg_transfer_network_full_nodes.csv	13743
prediction_graphs/ite_to_tg_transfer_network_nodes.csv	2491
prediction_graphs/tg_to_tg_evolution_network.pdf	30164
prediction_graphs/tg_to_tg_evolution_network.png	617211
prediction_graphs/tg_to_tg_evolution_network.svg	42144
prediction_graphs/tg_to_tg_evolution_network.tiff	54055130
prediction_graphs/tg_to_tg_evolution_network_edges.csv	21429
prediction_graphs/tg_to_tg_evolution_network_extended.pdf	47556
prediction_graphs/tg_to_tg_evolution_network_extended.png	2229793
prediction_graphs/tg_to_tg_evolution_network_extended.svg	161100
prediction_graphs/tg_to_tg_evolution_network_extended.tiff	54055130
prediction_graphs/tg_to_tg_evolution_network_extended_edges.csv	185771
prediction_graphs/tg_to_tg_evolution_network_extended_nodes.csv	4936
prediction_graphs/tg_to_tg_evolution_network_nodes.csv	2520
report/citation_trace_audit.md	2562
report/references.bib	14440
report/tg_survey_hkust.aux	16348
report/tg_survey_hkust.bbl	12247
report/tg_survey_hkust.blg	205
report/tg_survey_hkust.log	27715
report/tg_survey_hkust.out	10884
report/tg_survey_hkust.pdf	2742376
report/tg_survey_hkust.tex	85396
report/tg_survey_hkust.toc	4369
report/figures/as2025_page-02.png	800539
report/figures/as2025_page-03.png	800349
report/figures/as2025_page-04.png	610664
report/figures/as2025_page-05.png	660038
report/figures/as2025_page-10.png	945315
report/figures/as2025_page-11.png	824858
report/figures/as2025_page-12.png	1030878
report/figures/as2025_page-13.png	1159942
report/figures/as2025_page-14.png	1048311
report/figures/as2025_page-15.png	1134991
report/figures/as2025_page-16.png	552402
report/figures/as2025_page-22.png	794444
report/figures/as2025_page-23.png	850259
report/figures/as2025_page-24.png	629133
report/figures/as2025_page-25.png	269565
report/figures/as_guanidinium_additives.png	723196
report/figures/as_ite_mechanisms.png	440220
report/figures/as_solvation_structure.png	824486
report/figures/as_td_tg_mechanisms.png	347757
report/figures/csr2026_page-03.png	1300875
report/figures/csr_background_full.png	600867
report/figures/csr_roadmap_full.png	534700
report/figures/csr_roadmap_full_uploaded.png	1819135
report/figures/joule2021_page-01.png	600701
report/figures/joule2021_page-02.png	642348
report/figures/joule2021_page-03.png	523876
report/figures/joule2021_page-04.png	575305
report/figures/joule_low_grade_sources.png	181002
report/figures/joule_thermopower_strategies.png	242749
report/figures/joule_thermopower_strategies_full.png	410228
report/figures/nsr2026_page-20.png	1242693
report/figures/nsr2026_page-21.png	1086244
report/figures/nsr2026_page-22.png	862486
report/figures/nsr2026_page-23.png	738543
report/figures/nsr2026_page-24.png	633482
report/figures/nsr_material_categories_full.png	584174
report/preview/tg_chapter1_check-01.png	36672
report/preview/tg_chapter1_check-02.png	151180
report/preview/tg_chapter1_check-03.png	273438
report/preview/tg_chapter1_check-04.png	435942
report/preview/tg_chapter1_check-05.png	286512
report/preview/tg_chapter1_check-06.png	236065
report/preview/tg_chapter1_check-07.png	316673
report/preview/tg_chapter1_check-08.png	270594
report/preview/tg_chapter1_mech_final-05.png	285714
report/preview/tg_survey_page-13.png	243359
report/preview/tg_survey_page-14.png	221310
report/preview/tg_survey_page-15.png	185792
report/preview/tg_survey_page-16.png	316796
report/preview/tg_survey_page-17.png	311455
report/preview/tg_survey_page-18.png	304769
report/preview/tg_survey_page-19.png	296283
report/preview/tg_survey_page-20.png	398742
report/preview/tg_survey_page-21.png	289786
report/preview/tg_survey_page-22.png	306091
report/preview/tg_survey_page-23.png	289152
report/preview/tg_survey_page-24.png	307669
report/preview/tg_survey_refs-13.png	313052
report/preview/tg_survey_refs-14.png	148656
report/preview/tg_survey_refs-30.png	287550
report/preview/tg_survey_refs-31.png	159168
report/preview/chapter23/contact.png	1139038
report/preview/chapter23/page-28.png	209956
report/preview/chapter23/page-29.png	187763
report/preview/chapter23/page-30.png	251473
report/preview/chapter23/page-31.png	276114
report/preview/chapter23/page-32.png	111049
report/preview/chapter23/page-33.png	213594
report/preview/chapter23/page-34.png	277592
report/preview/chapter23/page-35.png	266028
report/preview/chapter23/page-36.png	26712
report/preview/chapter23/page-37.png	235654
report/preview/chapter23/page-38.png	266230
report/preview/chapter23/page-39.png	181399
report/preview/chapter23/page-40.png	232745
report/preview/chapter23/page-41.png	249902
report/preview/chapter23/page-42.png	257153
scripts/analyze_material_mechanism_layers.py	4280
scripts/analyze_minimal_clean_layers.py	4370
scripts/analyze_prediction_layers.py	7578
scripts/audit_future_pair_novelty.py	5687
scripts/build_cleanroom_abstract_pair_layer.py	171799
scripts/build_cleanroom_evidence_graph.py	105802
scripts/build_cross_layer_pair_projection.py	51858
scripts/build_final_concept_layer.py	53918
scripts/build_final_concept_workbook.mjs	11334
scripts/build_minimal_clean_concept_layer.py	19092
scripts/build_pure_mechanism_transfer_events.py	7747
scripts/build_semantic_adjudicated_candidate_view.py	15550
scripts/build_task_typed_concept_layer.py	21538
scripts/compare_cleaning_results.py	4359
scripts/compare_single_ml_models_ite_to_tg.py	10171
scripts/final_concept_ite_prediction.py	32219
scripts/final_concept_ite_to_tg_prediction.py	40874
scripts/final_concept_tg_self_prediction.py	32156
scripts/ite_experiment_suite.py	17712
scripts/ite_self_nmi_clean_prediction.py	13221
scripts/ite_self_prediction_demo.py	11626
scripts/minimal_clean_ite_to_tg_prediction.py	40901
scripts/minimal_clean_tg_to_tg_prediction.py	32184
scripts/open_concept_extraction.py	16583
scripts/plot_future_graph_and_probability_matrix.py	12349
scripts/plot_ite_nmi_concept_density_map.py	7046
scripts/plot_mechanism_transfer_analysis.py	6410
scripts/plot_minimal_clean_ml_diagnostics.py	5145
scripts/plot_minimal_clean_prediction_graphs.py	8605
scripts/plot_ml_diagnostics.py	5044
scripts/plot_prediction_graphs.py	8504
scripts/plot_raw_material_mechanism_split_density.py	8954
scripts/plot_tg_backtest_prediction_vs_truth.py	8080
scripts/plot_tg_full_material_mechanism_embedding_density.py	12284
scripts/plot_tg_material_mechanism_embedding_density.py	10455
scripts/plot_tg_nmi_concept_density_map.py	8877
scripts/plot_tg_nmi_prediction_error_matrix.py	8209
scripts/plot_tg_nmi_style_evaluation.py	8341
scripts/plot_tg_prediction_matrix.py	11659
scripts/predict_future_unseen_pairs.py	6157
scripts/run_ite_insight_transfer.py	115537
scripts/run_ite_tg_bottleneck_temporal_graph_prediction.py	44434
scripts/run_ite_tg_complementarity.py	138234
scripts/run_ite_tg_graph_analysis.py	61940
scripts/run_ite_tg_temporal_graph_prediction.py	71478
scripts/run_strict_mechanism_diffusion.py	55371
scripts/select_catboost_graph_hybrid.py	5558
scripts/tg_adoption_prediction_demo.py	46296
scripts/tg_concept_graph_pilot.py	23913
scripts/tg_material_adoption_prediction.py	14852
scripts/train_mechanism_only_5year_final.py	3397
scripts/train_mechanism_only_ite_to_tg.py	7352
scripts/train_two_stage_mechanism_transfer.py	17696
scripts/train_unique_pair_five_year_transfer.py	6957
scripts/tune_graph_weights_ite_to_tg.py	4893
scripts/tune_tg_adoption_ml.py	8670
source_tables/TG_first333_material_mechanism.csv	537735
source_tables/TG_first333_material_mechanism.xlsx	182169
source_tables/iTE1_first1000_material_mechanism.csv	1624432
source_tables/iTE1_first1000_material_mechanism.xlsx	553940
source_tables/iTE2_first711_material_mechanism.csv	1266099
source_tables/iTE2_first711_material_mechanism.xlsx	457932
task_typed_concept_layer/DEPRECATED_CN.md	354
task_typed_concept_layer/README.md	2295
task_typed_concept_layer/curated_transfer_targets.csv	22718
task_typed_concept_layer/missing_typed_node_review_queue.csv	52298
task_typed_concept_layer/paper_nested_concept_audit.csv	563799
task_typed_concept_layer/paper_typed_concepts.csv	7697960
task_typed_concept_layer/paper_typed_relations.csv	6514494
task_typed_concept_layer/typed_concept_vocabulary.csv	160977
task_typed_concept_layer/typed_node_overlap_audit.csv	69647
task_typed_concept_layer/typed_role_summary.csv	284
tg_self_prediction/README.md	2123
tg_self_prediction/tg_self_backtest_metrics.csv	540
tg_self_prediction/tg_self_classification_metrics.csv	503
tg_self_prediction/tg_self_confusion_matrix.pdf	22627
tg_self_prediction/tg_self_confusion_matrix.png	101782
tg_self_prediction/tg_self_confusion_matrix.svg	6553
tg_self_prediction/tg_self_confusion_matrix.tiff	14949782
tg_self_prediction/tg_self_hyperparameter_tuning.csv	7456
tg_self_prediction/tg_self_model_feature_dictionary.csv	1237
tg_self_prediction/tg_self_observed_matrix_top_concepts.csv	1655
tg_self_prediction/tg_self_prediction_matrix.pdf	35911
tg_self_prediction/tg_self_prediction_matrix.png	327937
tg_self_prediction/tg_self_prediction_matrix.svg	36437
tg_self_prediction/tg_self_prediction_matrix.tiff	39106062
tg_self_prediction/tg_self_prediction_matrix_top_concepts.csv	4383
tg_self_prediction/tg_self_prediction_summary.json	2427
tg_self_prediction/tg_self_roc_pr.pdf	47358
tg_self_prediction/tg_self_roc_pr.png	407447
tg_self_prediction/tg_self_roc_pr.svg	96450
tg_self_prediction/tg_self_roc_pr.tiff	30705650
tg_self_prediction/tg_self_scored_candidates_2022_to_2026.csv	863572
tg_self_prediction/tg_self_test_candidates_2022_to_2026.csv	612138
tg_self_prediction/tg_self_top100_predictions.csv	38555
tg_self_prediction/tg_self_train_samples_2012_2018.csv	618893
tg_self_prediction/tg_self_training_window_summary.csv	307
tg_self_prediction/tg_self_validation_candidates_2019_to_2022.csv	233865
tmp/pdfs/as_page-01.png	391344
tmp/pdfs/as_page-02.png	444309
tmp/pdfs/as_page-03.png	403721
tmp/pdfs/as_tg_hydrogel.txt	149421
tmp/pdfs/jpcl_ai_solvation.txt	56439
tmp/pdfs/jpcl_page-1.png	433038
tmp/pdfs/jpcl_page-2.png	459916
tmp/pdfs/tg_fig12_qa.png	529764
tmp/pdfs/tg_fig14_qa.png	442409
tmp/pdfs/tg_fig15_qa.png	424313
tmp/pdfs/tg_gap_qa-28.png	195854
tmp/pdfs/tg_gap_qa-29.png	299449
tmp/pdfs/tg_gap_qa-30.png	290891
tmp/pdfs/tg_gap_qa-31.png	20876
tmp/pdfs/tg_report_toc_qa.png	203851
tmp/pdfs/hkustgz_official/GZ-thesis_sample_page_mphil_202403-version.pdf	361066
tmp/pdfs/hkustgz_official/guidelines.pdf	156953
tmp/pdfs/hkustgz_official/mphil-1.png	109793
tmp/pdfs/hkustgz_official/mphil-2.png	97717
tmp/pdfs/hkustgz_official/mphil-3.png	102995
tmp/pdfs/report_qa/metrics-09.png	326996
tmp/pdfs/report_qa/metrics-10.png	357439
tmp/pdfs/report_qa/metrics-11.png	289514
tmp/pdfs/report_qa/synthesis-29.png	280849
tmp/pdfs/report_qa/synthesis-30.png	334979
tmp/pdfs/report_qa/synthesis-31.png	189653
tmp/pdfs/reviews/advm2026_functional_polymers.txt	224117
tmp/pdfs/reviews/advs2021_wearable_tec.txt	150396
tmp/pdfs/reviews/advs2025_tg_hydrogels.txt	149421
tmp/pdfs/reviews/chemsci2024_ionic_te_modeling.txt	189665
tmp/pdfs/reviews/csr2026_power_supply_ionic_te.txt	448135
tmp/pdfs/reviews/joule2021_liquid_thermocells.txt	64684
tmp/pdfs/reviews/nsr2026_birdseye_ionic_te.txt	478519
workflow_schematic/imagegpt_workflow_prompt.md	2537
