concept_u_id,concept_v_id,concept_u,concept_v,u_type,v_type,semantic_similarity,degree_u,degree_v,degree_min,degree_max,document_frequency_u,document_frequency_v,frequency_min,frequency_max,frequency_balance,recent_frequency_u,recent_frequency_v,recent_frequency_sum,trend_u,trend_v,age_u,age_v,common_neighbors,jaccard,adamic_adar,preferential_attachment,shortest_path,same_component,same_type,material_material_pair,material_mechanism_pair,mechanism_mechanism_pair,cutoff_year,future_window,future_edge_label,logistic_probability,random_forest_probability,ml_rank_score,graph_rank_score,hybrid_rank_score,candidate_status,primary_model,future_rank
C10C4FF4B6C,C46747A02A1,hydrogen bonding,ion-pairing and complexation,solvation_entropy,solvation_entropy,0.6333999633789062,37,60,37,60,15,17,15,17,0.8823529411764706,7,12,19,-0.3333333333333333,3.0,5,10,22,0.29333333333333333,5.832015184658164,2220,2,1,1,0,0,1,2026,2027-2029,0,0.9967759800908336,0.5999197814989574,0.9725106902871105,0.9396774587660355,0.9839645693341478,future_unobserved_candidate,graph,1
C10D3798CF7,C46747A02A1,selective solvation,ion-pairing and complexation,solvation_entropy,solvation_entropy,0.6560851335525513,41,60,41,60,18,17,17,18,0.9444444444444444,10,12,22,2.0,3.0,26,10,19,0.23170731707317074,5.421962607057064,2460,2,1,1,0,0,1,2026,2027-2029,0,0.9981324520162171,0.6187331924914622,0.9767012828344532,0.9336762370189371,0.986682956627978,future_unobserved_candidate,graph,2
C4C0E1A5F69,CC028ABF9C6,double-network hydrogel,anti-freezing organohydrogel design,gel_microstructure,gel_microstructure,0.6248263120651245,28,55,28,55,3,25,3,25,0.12,2,15,17,0.3333333333333333,2.6666666666666665,3,10,18,0.27692307692307694,4.4937937777241705,1540,2,1,1,0,0,1,2026,2027-2029,0,0.9820141309338267,0.6061122562403537,0.9725962125839951,0.9319010384850336,0.9839951130116066,future_unobserved_candidate,graph,3
C25D09DDC57,C275FB7C4B0,Fe2+/Fe3+ solvation redox chemistry,iodide/triiodide redox chemistry,redox_chemistry,redox_chemistry,0.5116666555404663,89,32,32,89,50,12,12,50,0.24,25,3,28,4.333333333333333,0.0,31,11,21,0.21,5.618186738883852,2848,2,1,1,0,0,1,2026,2027-2029,0,0.9978414443892862,0.24972472474971819,0.6987904703726329,0.9270751374465485,0.7766646304215028,future_unobserved_candidate,graph,5
CC028ABF9C6,CF066042424,anti-freezing organohydrogel design,interpenetrating-network thermogalvanic hydrogel,gel_microstructure,gel_microstructure,0.5749423503875732,55,19,19,55,25,2,2,25,0.08,15,1,16,2.6666666666666665,0.0,10,3,16,0.27586206896551724,4.122511155292629,1045,2,1,1,0,0,1,2026,2027-2029,0,0.9739857058400934,0.37037208314255765,0.85811850946854,0.9229187538179597,0.9014966401954795,future_unobserved_candidate,graph,7
C3002C089A5,C9B6878E079,ionic thermodiffusion (Soret effect),photothermal-thermoelectric coupling,transport_mechanism,device_mechanism,0.3632020950317383,67,28,28,67,38,14,14,38,0.3684210526315789,18,7,25,2.6666666666666665,1.0,31,8,19,0.25,4.971593128900105,1876,2,1,0,0,0,1,2026,2027-2029,0,0.9933440426879984,0.45569283315466674,0.9216615760537569,0.9184153940134392,0.9480757483200978,future_unobserved_candidate,graph,12
C3002C089A5,C5E47CC0A62,ionic thermodiffusion (Soret effect),Hofmeister/chaotropic effect,transport_mechanism,gel_microstructure,0.3875212073326111,67,23,23,67,38,8,8,38,0.21052631578947367,18,5,23,2.6666666666666665,1.0,31,8,17,0.2328767123287671,4.375960380430485,1541,2,1,0,0,0,1,2026,2027-2029,0,0.9887938484412299,0.4119151802953054,0.894526572999389,0.9164471594379964,0.9283139890042762,future_unobserved_candidate,graph,14
C7932B1CE8C,CE6FC512ED2,chaotropic polymer-water disruption,dynamic crosslinked gel network,gel_microstructure,gel_microstructure,0.4072316586971283,32,43,32,43,13,11,11,13,0.8461538461538461,4,7,11,-1.3333333333333333,1.0,8,4,18,0.3157894736842105,4.5783733980088135,1376,2,1,1,0,0,1,2026,2027-2029,0,0.9840205856788266,0.4357843507945795,0.9077580940745267,0.9145229077580941,0.9368662186927306,future_unobserved_candidate,graph,16
C46747A02A1,C6C09287FDB,ion-pairing and complexation,high-entropy redox/ion coupling,solvation_entropy,solvation_entropy,0.6994466185569763,60,23,23,60,17,7,7,17,0.4117647058823529,12,4,16,3.0,1.0,10,31,14,0.2028985507246377,3.8922901888729187,1380,2,1,1,0,0,1,2026,2027-2029,0,0.9646245590188643,0.5395568179874115,0.9588271227855834,0.914331093463653,0.9745876603543067,future_unobserved_candidate,graph,17
C08389FD6C6,C539540C36B,moisture-gradient ion transport,nanochannel-confined ion transport,transport_mechanism,transport_mechanism,0.6501357555389404,44,22,22,44,15,3,3,15,0.2,9,3,12,1.6666666666666667,1.0,20,2,14,0.2692307692307692,3.6155540420400945,968,2,1,1,0,0,1,2026,2027-2029,0,0.9570311660469561,0.5292363980573738,0.9541478313989005,0.9128222357971899,0.9711820403176542,future_unobserved_candidate,graph,19
C275FB7C4B0,CE2D00B183C,iodide/triiodide redox chemistry,redox-kinetics enhancement,redox_chemistry,electrode_interface,0.5551600456237793,32,50,32,50,12,11,11,12,0.9166666666666666,3,7,10,0.0,1.6666666666666667,11,32,16,0.24242424242424243,4.087396646765782,1600,2,1,0,0,0,1,2026,2027-2029,0,0.9532302337874841,0.3983341950526074,0.8803787416004887,0.911602932193036,0.918142944410507,future_unobserved_candidate,graph,20
CA8C62A4868,CB56BB4DDB0,redox reaction entropy,carbon-electrode redox interface,solvation_entropy,electrode_interface,0.3339291214942932,66,39,39,66,31,14,14,31,0.45161290322580644,17,4,21,3.6666666666666665,-0.3333333333333333,26,28,20,0.23529411764705882,5.352280000329897,2574,2,1,0,0,0,1,2026,2027-2029,0,0.9933934279725438,0.49228140041772495,0.9425656689065364,0.9111093463653025,0.9638973732437386,future_unobserved_candidate,graph,22
C3002C089A5,CC022D91D01,ionic thermodiffusion (Soret effect),solvation entropy,transport_mechanism,solvation_entropy,0.2983015775680542,67,31,31,67,38,11,11,38,0.2894736842105263,18,11,29,2.6666666666666665,3.6666666666666665,31,2,20,0.2564102564102564,5.434027318896906,2077,2,1,0,0,0,1,2026,2027-2029,0,0.9976238298277967,0.4793225664144359,0.9368845448992058,0.9083738546120953,0.9597128894318876,future_unobserved_candidate,graph,24
C00DD823894,C25D09DDC57,organic redox molecular design,Fe2+/Fe3+ solvation redox chemistry,redox_chemistry,redox_chemistry,0.47951740026474,22,89,22,89,11,50,11,50,0.22,9,25,34,2.6666666666666665,4.333333333333333,12,31,16,0.16842105263157894,4.368889910741562,1958,2,1,1,0,0,1,2026,2027-2029,0,0.9975856930693974,0.6737186315009425,0.9844838118509469,0.9082504581551619,0.9905620036652412,future_unobserved_candidate,graph,25
C08389FD6C6,C45C8AAD12E,moisture-gradient ion transport,charge-transfer resistance engineering,transport_mechanism,electrode_interface,0.29930204153060913,44,59,44,59,15,19,15,19,0.7894736842105263,9,9,18,1.6666666666666667,2.0,20,35,22,0.2716049382716049,5.85411352563202,2596,2,1,0,0,0,1,2026,2027-2029,0,0.9937576544404939,0.689957540985902,0.9860109957238852,0.9079156994502139,0.9911728772144166,future_unobserved_candidate,graph,26
C9B6878E079,CFBB5A400A1,photothermal-thermoelectric coupling,cation-anion thermodiffusion asymmetry,device_mechanism,transport_mechanism,0.349335253238678,28,47,28,47,14,16,14,16,0.875,7,11,18,1.0,2.0,8,5,15,0.25,3.8412629693107467,1316,2,1,0,0,0,1,2026,2027-2029,0,0.9812804217305495,0.7221965459090848,0.9883445326817349,0.904543677458766,0.9928527794746489,future_unobserved_candidate,graph,28
C7932B1CE8C,CB25BC3FC14,chaotropic polymer-water disruption,double/interpenetrating network,gel_microstructure,gel_microstructure,0.3435768783092499,32,47,32,47,13,9,9,13,0.6923076923076923,4,6,10,-1.3333333333333333,1.0,8,4,20,0.3389830508474576,5.104853806046882,1504,2,1,1,0,0,1,2026,2027-2029,0,0.9842097007319366,0.46986097019255196,0.9300183262064752,0.903766646304215,0.9547648136835675,future_unobserved_candidate,graph,30
C00DD823894,CCAABE058E7,organic redox molecular design,ferri/ferrocyanide redox chemistry,redox_chemistry,redox_chemistry,0.5784038305282593,22,101,22,101,11,77,11,77,0.14285714285714285,9,31,40,2.6666666666666665,4.666666666666667,12,35,16,0.14953271028037382,4.30841436293096,2222,2,1,1,0,0,1,2026,2027-2029,0,0.9973772137483624,0.6557160013471354,0.98212583995113,0.9032693952351863,0.9890042761148441,future_unobserved_candidate,graph,31
C17A556FB4A,CC028ABF9C6,double-network hydrogel mechanics,anti-freezing organohydrogel design,gel_microstructure,gel_microstructure,0.6074889898300171,22,55,22,55,2,25,2,25,0.08,2,15,17,0.6666666666666666,2.6666666666666665,1,10,13,0.203125,3.2262145807865377,1210,2,1,1,0,0,1,2026,2027-2029,0,0.9707359072913425,0.6303632650937374,0.9759682345754429,0.9032021991447771,0.9853084911423335,future_unobserved_candidate,graph,32
C9B6878E079,CA8C62A4868,photothermal-thermoelectric coupling,redox reaction entropy,device_mechanism,solvation_entropy,0.30296507477760315,28,66,28,66,14,31,14,31,0.45161290322580644,7,17,24,1.0,3.6666666666666665,8,26,18,0.23684210526315788,4.691018917791772,1848,2,1,0,0,0,1,2026,2027-2029,0,0.9906243190935204,0.7446399202190339,0.9907635919364692,0.9027244960293219,0.9945326817348809,future_unobserved_candidate,graph,33
C08389FD6C6,CF4A6A0344F,moisture-gradient ion transport,ion migration,transport_mechanism,transport_mechanism,0.7488869428634644,44,18,18,44,15,5,5,15,0.3333333333333333,9,4,13,1.6666666666666667,1.0,20,4,12,0.24,2.8968805148468686,792,2,1,1,0,0,1,2026,2027-2029,0,0.9387471124485111,0.5881964224414855,0.9656200366524129,0.8970824679291386,0.9786194257788637,future_unobserved_candidate,graph,41
C45C8AAD12E,C9B6878E079,charge-transfer resistance engineering,photothermal-thermoelectric coupling,electrode_interface,device_mechanism,0.2679034471511841,59,28,28,59,19,14,14,19,0.7368421052631579,9,7,16,2.0,1.0,35,8,19,0.27941176470588236,5.162480075044224,1652,2,1,0,0,0,1,2026,2027-2029,0,0.9583657981221649,0.5928638144006652,0.9682223579718998,0.8965216860109958,0.9800855222968845,future_unobserved_candidate,graph,44
C3002C089A5,CEA29EF1A99,ionic thermodiffusion (Soret effect),thermal-gradient heat-transfer control,transport_mechanism,device_mechanism,0.31740042567253113,67,28,28,67,38,17,17,38,0.4473684210526316,18,5,23,2.6666666666666665,-1.0,31,16,16,0.20253164556962025,4.2332280168383125,1876,2,1,0,0,0,1,2026,2027-2029,0,0.9903616662188726,0.42275000317138994,0.9001099572388516,0.8962370189370801,0.9305742211362249,future_unobserved_candidate,graph,45
CE6FC512ED2,CF066042424,dynamic crosslinked gel network,interpenetrating-network thermogalvanic hydrogel,gel_microstructure,gel_microstructure,0.6205392479896545,43,19,19,43,11,2,2,11,0.18181818181818182,7,1,8,1.0,0.0,4,3,14,0.2916666666666667,3.533345368768308,817,2,1,1,0,0,1,2026,2027-2029,0,0.8927917847679058,0.3284844404218249,0.8111912034208918,0.8946890653634698,0.8642638973732437,future_unobserved_candidate,graph,47
C46747A02A1,C5E47CC0A62,ion-pairing and complexation,Hofmeister/chaotropic effect,solvation_entropy,gel_microstructure,0.3616507053375244,60,23,23,60,17,8,8,17,0.47058823529411764,12,5,17,3.0,1.0,10,8,14,0.2028985507246377,3.643176136052481,1380,2,1,0,0,0,1,2026,2027-2029,0,0.936100386972966,0.6079980887613573,0.9698839340256566,0.8940464263897373,0.980543677458766,future_unobserved_candidate,graph,50
CEA29EF1A99,CFBB5A400A1,thermal-gradient heat-transfer control,cation-anion thermodiffusion asymmetry,device_mechanism,transport_mechanism,0.3272450566291809,28,47,28,47,17,16,16,17,0.9411764705882353,5,11,16,-1.0,2.0,16,5,14,0.22950819672131148,3.6677511152516624,1316,2,1,0,0,0,1,2026,2027-2029,0,0.9836734897019525,0.6428046762046288,0.9793036041539401,0.8924569334147833,0.9866218692730604,future_unobserved_candidate,graph,52
C7932B1CE8C,C84C6A613D4,chaotropic polymer-water disruption,cellulose nanofiber scaffold,gel_microstructure,gel_microstructure,0.3826296925544739,32,38,32,38,13,11,11,13,0.8461538461538461,4,3,7,-1.3333333333333333,-1.3333333333333333,8,8,17,0.32075471698113206,4.351929447245347,1216,2,1,1,0,0,1,2026,2027-2029,0,0.9722652463108672,0.3594672528767879,0.8476725717776421,0.8913402565668906,0.8919975565058034,future_unobserved_candidate,graph,54
C78D65254F9,CC022D91D01,phase transition,solvation entropy,phase_or_species_transition,solvation_entropy,0.2710900902748108,55,31,31,55,19,11,11,19,0.5789473684210527,10,11,21,1.3333333333333333,3.6666666666666665,10,2,16,0.22857142857142856,4.2053020850730425,1705,2,1,0,0,0,1,2026,2027-2029,0,0.9844812601370888,0.7443704738242904,0.9902015882712278,0.8903787416004887,0.9934636530238241,future_unobserved_candidate,graph,56
CBA7A0F0CA3,CE4B0E242E7,thermogalvanic redox conversion,interfacial charge transfer,device_mechanism,electrode_interface,0.2246285080909729,113,40,40,113,90,11,11,90,0.12222222222222222,34,4,38,1.3333333333333333,0.6666666666666666,32,35,32,0.2644628099173554,8.971054452452014,4520,2,1,0,0,0,1,2026,2027-2029,0,0.9999532385033644,0.2885527717685165,0.765791081246182,0.8899389126450825,0.828588882101405,future_unobserved_candidate,graph,57
C3002C089A5,C41BE9B5F0E,ionic thermodiffusion (Soret effect),solvation-shell remodeling,transport_mechanism,solvation_entropy,0.29772406816482544,67,21,21,67,38,8,8,38,0.21052631578947367,18,4,22,2.6666666666666665,0.3333333333333333,31,9,15,0.2054794520547945,3.8384878314940893,1407,2,1,0,0,0,1,2026,2027-2029,0,0.9840955563545065,0.4291639421174343,0.9044838118509468,0.8881099572388516,0.9333842394624313,future_unobserved_candidate,graph,58
C10C4FF4B6C,CE2D00B183C,hydrogen bonding,redox-kinetics enhancement,solvation_entropy,electrode_interface,0.24290847778320312,37,50,37,50,15,11,11,15,0.7333333333333333,7,7,14,-0.3333333333333333,1.6666666666666667,5,32,19,0.27941176470588236,5.01629023693932,1850,2,1,0,0,0,1,2026,2027-2029,0,0.9895055557806048,0.5076483841546373,0.9490409285277948,0.8870910201588271,0.9671960904092852,future_unobserved_candidate,graph,61
C41BE9B5F0E,C46747A02A1,solvation-shell remodeling,ion-pairing and complexation,solvation_entropy,solvation_entropy,0.6205043792724609,21,60,21,60,8,17,8,17,0.47058823529411764,4,12,16,0.3333333333333333,3.0,9,10,12,0.17391304347826086,2.9760061091592096,1260,2,1,1,0,0,1,2026,2027-2029,0,0.9762795326536213,0.7561810628961908,0.990788026878436,0.8868307880268784,0.9937385461209529,future_unobserved_candidate,graph,62
C10C4FF4B6C,C45C8AAD12E,hydrogen bonding,charge-transfer resistance engineering,solvation_entropy,electrode_interface,0.22828373312950134,37,59,37,59,15,19,15,19,0.7894736842105263,7,9,16,-0.3333333333333333,2.0,5,35,21,0.28,5.694611789345245,2183,2,1,0,0,0,1,2026,2027-2029,0,0.9909818447660098,0.6566585817345972,0.9816737935247404,0.8849138668295662,0.9878741600488699,future_unobserved_candidate,graph,65
C10D3798CF7,C188B56F6F1,selective solvation,ion-selectivity membrane transport,solvation_entropy,transport_mechanism,0.37613850831985474,41,33,33,41,18,18,18,18,1.0,10,6,16,2.0,0.0,26,32,12,0.1935483870967742,3.212639550306831,1353,2,1,0,0,0,1,2026,2027-2029,0,0.9747228802824783,0.6388137125047225,0.9777031154551007,0.8844923640806354,0.9851863164324984,future_unobserved_candidate,graph,66
C3E342044B1,CBA7A0F0CA3,Cu-based n/p redox thermocell,thermogalvanic redox conversion,redox_chemistry,device_mechanism,0.5172231793403625,14,113,14,113,3,90,3,90,0.03333333333333333,2,34,36,0.3333333333333333,1.3333333333333333,4,32,14,0.12389380530973451,4.228867005229482,1582,2,1,0,0,0,1,2026,2027-2029,0,0.9925687970425838,0.6153833865484318,0.9753573610262676,0.8843848503359805,0.9838729383017716,future_unobserved_candidate,graph,67
C00DD823894,CB56BB4DDB0,organic redox molecular design,carbon-electrode redox interface,redox_chemistry,electrode_interface,0.48271772265434265,22,39,22,39,11,14,11,14,0.7857142857142857,9,4,13,2.6666666666666665,-0.3333333333333333,12,28,11,0.22,2.8901353508232406,858,2,1,0,0,0,1,2026,2027-2029,0,0.9382128736237746,0.45599528904992864,0.9177519853390348,0.8834184483811851,0.9438149053145999,future_unobserved_candidate,graph,69
C3E342044B1,CCAABE058E7,Cu-based n/p redox thermocell,ferri/ferrocyanide redox chemistry,redox_chemistry,redox_chemistry,0.5096473097801208,14,101,14,101,3,77,3,77,0.03896103896103896,2,31,33,0.3333333333333333,4.666666666666667,4,35,13,0.12745098039215685,3.934852901434276,1414,2,1,1,0,0,1,2026,2027-2029,0,0.990138596179288,0.6378833383323294,0.9784605986560782,0.8821576053756873,0.9854306658521685,future_unobserved_candidate,graph,70
C08389FD6C6,C5E47CC0A62,moisture-gradient ion transport,Hofmeister/chaotropic effect,transport_mechanism,gel_microstructure,0.37032467126846313,44,23,23,44,15,8,8,15,0.5333333333333333,9,5,14,1.6666666666666667,1.0,20,8,12,0.21818181818181817,2.928109683240185,1012,2,1,0,0,0,1,2026,2027-2029,0,0.9332680913523879,0.5578423949172597,0.9597434331093463,0.8802296884544899,0.9735186316432498,future_unobserved_candidate,graph,73
C10C4FF4B6C,CFBB5A400A1,hydrogen bonding,cation-anion thermodiffusion asymmetry,solvation_entropy,transport_mechanism,0.28424760699272156,37,47,37,47,15,16,15,16,0.9375,7,11,18,-0.3333333333333333,2.0,5,5,14,0.2,3.493307930845107,1739,2,1,0,0,0,1,2026,2027-2029,0,0.9904109240243145,0.6815146933534031,0.984899205864386,0.8786780696395847,0.9892486255345144,future_unobserved_candidate,graph,77
C08389FD6C6,CE4B0E242E7,moisture-gradient ion transport,interfacial charge transfer,transport_mechanism,electrode_interface,0.30105096101760864,44,40,40,44,15,11,11,15,0.7333333333333333,9,4,13,1.6666666666666667,0.6666666666666666,20,35,14,0.2,3.5557239342975233,1760,2,1,0,0,0,1,2026,2027-2029,0,0.9777658211037401,0.45643730051843145,0.9211484422724495,0.8786646304215028,0.9455100794135614,future_unobserved_candidate,graph,78
CE4B0E242E7,CF4A6A0344F,interfacial charge transfer,ion migration,electrode_interface,transport_mechanism,0.4102306067943573,40,18,18,40,11,5,5,11,0.45454545454545453,4,4,8,0.6666666666666666,1.0,35,4,13,0.28888888888888886,3.2796669828068805,720,2,1,0,0,0,1,2026,2027-2029,0,0.8133903502367763,0.6080851552566423,0.9592791692119731,0.8784373854612094,0.9728772144166158,future_unobserved_candidate,graph,79
C5E47CC0A62,CB25BC3FC14,Hofmeister/chaotropic effect,double/interpenetrating network,gel_microstructure,gel_microstructure,0.2998230457305908,23,47,23,47,8,9,8,9,0.8888888888888888,5,6,11,1.0,1.0,8,4,14,0.25,3.470700216878031,1081,2,1,1,0,0,1,2026,2027-2029,0,0.9565109963966492,0.5953026990512564,0.9683567501527184,0.8783543066585217,0.9790470372632865,future_unobserved_candidate,graph,81
C10D3798CF7,CE2D00B183C,selective solvation,redox-kinetics enhancement,solvation_entropy,electrode_interface,0.2066980004310608,41,50,41,50,18,11,11,18,0.6111111111111112,10,7,17,2.0,1.6666666666666667,26,32,21,0.3,5.9513850778968385,2050,2,1,0,0,0,1,2026,2027-2029,0,0.9951920594382595,0.7031669938935414,0.9880513133781308,0.8782638973732437,0.991111789859499,future_unobserved_candidate,graph,82
C5E47CC0A62,CE6FC512ED2,Hofmeister/chaotropic effect,dynamic crosslinked gel network,gel_microstructure,gel_microstructure,0.31867170333862305,23,43,23,43,8,11,8,11,0.7272727272727273,5,7,12,1.0,1.0,8,4,13,0.24528301886792453,3.1937623234691737,989,2,1,1,0,0,1,2026,2027-2029,0,0.9589689212937843,0.6093229549984336,0.9722174709835063,0.8781783750763592,0.9813683567501528,future_unobserved_candidate,graph,83
C9B6878E079,CE4B0E242E7,photothermal-thermoelectric coupling,interfacial charge transfer,device_mechanism,electrode_interface,0.25936099886894226,28,40,28,40,14,11,11,14,0.7857142857142857,7,4,11,1.0,0.6666666666666666,8,35,15,0.2830188679245283,4.028466963437678,1120,2,1,0,0,0,1,2026,2027-2029,0,0.9535407617259506,0.41847096115121674,0.8953573610262676,0.8763567501527184,0.9266035430665852,future_unobserved_candidate,graph,88
CB56BB4DDB0,CFBB5A400A1,carbon-electrode redox interface,cation-anion thermodiffusion asymmetry,electrode_interface,transport_mechanism,0.2052115499973297,39,47,39,47,14,16,14,16,0.875,4,11,15,-0.3333333333333333,2.0,28,5,20,0.30303030303030304,5.326117058635147,1833,2,1,0,0,0,1,2026,2027-2029,0,0.9889496092805563,0.6421954562554127,0.9794379963347586,0.8754135613927917,0.9857361026267564,future_unobserved_candidate,graph,90
C188B56F6F1,C45C8AAD12E,ion-selectivity membrane transport,charge-transfer resistance engineering,transport_mechanism,electrode_interface,0.34250837564468384,33,59,33,59,18,19,18,19,0.9473684210526315,6,9,15,0.0,2.0,32,35,13,0.16455696202531644,3.443139092311968,1947,2,1,0,0,0,1,2026,2027-2029,0,0.9813543014631354,0.6758888632905135,0.9836285888821014,0.8744349419670128,0.9877825290164937,future_unobserved_candidate,graph,92
C45C8AAD12E,C6C09287FDB,charge-transfer resistance engineering,high-entropy redox/ion coupling,electrode_interface,solvation_entropy,0.26970428228378296,59,23,23,59,19,7,7,19,0.3684210526315789,9,4,13,2.0,1.0,35,31,14,0.20588235294117646,4.001800585653757,1357,2,1,0,0,0,1,2026,2027-2029,0,0.9307539934302663,0.6176388901712591,0.9708857666463042,0.8730568112400733,0.9799633475870495,future_unobserved_candidate,graph,96
C08389FD6C6,CEA29EF1A99,moisture-gradient ion transport,thermal-gradient heat-transfer control,transport_mechanism,device_mechanism,0.2535187602043152,44,28,28,44,15,17,15,17,0.8823529411764706,9,5,14,1.6666666666666667,-1.0,20,16,14,0.2413793103448276,3.546620751146406,1232,2,1,0,0,0,1,2026,2027-2029,0,0.9477109188555192,0.6330196930703275,0.9747220525351252,0.8730421502748931,0.9824984728161271,future_unobserved_candidate,graph,97
CC022D91D01,CFBB5A400A1,solvation entropy,cation-anion thermodiffusion asymmetry,solvation_entropy,transport_mechanism,0.31921815872192383,31,47,31,47,11,16,11,16,0.6875,11,11,22,3.6666666666666665,2.0,2,5,12,0.18181818181818182,3.1539339076885327,1457,2,1,0,0,0,1,2026,2027-2029,0,0.9871006376173821,0.7350589609623001,0.9897373243738546,0.8729871716554672,0.9919059254734269,future_unobserved_candidate,graph,98
C10D3798CF7,C78D65254F9,selective solvation,phase transition,solvation_entropy,phase_or_species_transition,0.19485047459602356,41,55,41,55,18,19,18,19,0.9473684210526315,10,10,20,2.0,1.3333333333333333,26,10,20,0.2631578947368421,5.696964736383319,2255,2,1,0,0,0,1,2026,2027-2029,0,0.9957017563805507,0.6922650551436779,0.9863530849114234,0.8727697006719608,0.9891264508246794,future_unobserved_candidate,graph,99
C10C4FF4B6C,CE4B0E242E7,hydrogen bonding,interfacial charge transfer,solvation_entropy,electrode_interface,0.2480388730764389,37,40,37,40,15,11,11,15,0.7333333333333333,7,4,11,-0.3333333333333333,0.6666666666666666,5,35,15,0.24193548387096775,3.994206500190174,1480,2,1,0,0,0,1,2026,2027-2029,0,0.9783565661371875,0.4281196300270084,0.9030421502748931,0.8712987171655467,0.9307574832009774,future_unobserved_candidate,graph,102
C188B56F6F1,CC022D91D01,ion-selectivity membrane transport,solvation entropy,transport_mechanism,solvation_entropy,0.33959901332855225,33,31,31,33,18,11,11,18,0.6111111111111112,6,11,17,0.0,3.6666666666666665,32,2,11,0.20754716981132076,2.9043913930593206,1023,2,1,0,0,0,1,2026,2027-2029,0,0.9840862593472017,0.7054651880939864,0.9872693952351863,0.8710030543677458,0.9895235186316433,future_unobserved_candidate,graph,104
C46747A02A1,C4AF8816DD4,ion-pairing and complexation,ion-induced crystallization,solvation_entropy,phase_or_species_transition,0.5126309394836426,60,15,15,60,17,3,3,17,0.17647058823529413,12,2,14,3.0,0.3333333333333333,10,4,11,0.171875,2.7485668008591415,900,2,1,0,0,0,1,2026,2027-2029,0,0.8452875776567943,0.5340495645558814,0.9465485644471594,0.8703188759926695,0.9637751985339036,future_unobserved_candidate,graph,107
C6C09287FDB,C872881EC3C,high-entropy redox/ion coupling,gel-confined redox transport,solvation_entropy,gel_microstructure,0.3265998363494873,23,95,23,95,7,62,7,62,0.11290322580645161,4,46,50,1.0,10.333333333333334,31,6,14,0.1346153846153846,3.657430047069692,2185,2,1,0,0,0,1,2026,2027-2029,0,0.9996514500467653,0.7789644630662753,0.9952351863164326,0.8694709835064142,0.9957238851557728,future_unobserved_candidate,graph,108
CC028ABF9C6,CE2D00B183C,anti-freezing organohydrogel design,redox-kinetics enhancement,gel_microstructure,electrode_interface,0.1747027039527893,55,50,50,55,25,11,11,25,0.44,15,7,22,2.6666666666666665,1.6666666666666667,10,32,26,0.3291139240506329,7.150050772852312,2750,2,1,0,0,0,1,2026,2027-2029,0,0.9987772769556583,0.6985755760006985,0.9877703115455101,0.8694612095296274,0.9900122174709834,future_unobserved_candidate,graph,109
C08389FD6C6,C9B6878E079,moisture-gradient ion transport,photothermal-thermoelectric coupling,transport_mechanism,device_mechanism,0.20452193915843964,44,28,28,44,15,14,14,15,0.9333333333333333,9,7,16,1.6666666666666667,1.0,20,8,17,0.3090909090909091,4.352124567294848,1232,2,1,0,0,0,1,2026,2027-2029,0,0.9611241418420265,0.4806249430827284,0.9348075748320098,0.869435552840562,0.9558032987171654,future_unobserved_candidate,graph,110
C10D3798CF7,CFBB5A400A1,selective solvation,cation-anion thermodiffusion asymmetry,solvation_entropy,transport_mechanism,0.2806019186973572,41,47,41,47,18,16,16,18,0.8888888888888888,10,11,21,2.0,2.0,26,5,13,0.17333333333333334,3.4935003407531116,1927,2,1,0,0,0,1,2026,2027-2029,0,0.994516169353322,0.7941372752925262,0.995320708613317,0.8693292608430055,0.9958155161881491,future_unobserved_candidate,graph,111
C5E63317596,CE2D00B183C,hierarchical porous electrode interface,redox-kinetics enhancement,electrode_interface,electrode_interface,0.6026173830032349,17,50,17,50,4,11,4,11,0.36363636363636365,2,7,9,0.0,1.6666666666666667,5,32,11,0.19642857142857142,2.908626728355463,850,2,1,1,0,0,1,2026,2027-2029,0,0.9343831750417112,0.4448741858745718,0.910421502748931,0.8678228466707392,0.9365302382406842,future_unobserved_candidate,graph,117
C3002C089A5,C97F8E13D1A,ionic thermodiffusion (Soret effect),thermally regenerative electrochemical cycle,transport_mechanism,device_mechanism,0.354173481464386,67,24,24,67,38,14,14,38,0.3684210526315789,18,2,20,2.6666666666666665,-1.0,31,12,12,0.1518987341772152,3.0450753501901966,1608,2,1,0,0,0,1,2026,2027-2029,0,0.9725778852457146,0.3803432676970373,0.8672938301771533,0.8670592547342699,0.9053145998778254,future_unobserved_candidate,graph,119
CC022D91D01,CE2D00B183C,solvation entropy,redox-kinetics enhancement,solvation_entropy,electrode_interface,0.18787828087806702,31,50,31,50,11,11,11,11,1.0,11,7,18,3.6666666666666665,1.6666666666666667,2,32,18,0.2857142857142857,4.978231675484333,1550,2,1,0,0,0,1,2026,2027-2029,0,0.9848507021171458,0.3245646939865007,0.8135247403787416,0.8668906536346976,0.8631948686621869,future_unobserved_candidate,graph,121
C4C0E1A5F69,C7932B1CE8C,double-network hydrogel,chaotropic polymer-water disruption,gel_microstructure,gel_microstructure,0.5843173861503601,28,32,28,32,3,13,3,13,0.23076923076923078,2,4,6,0.3333333333333333,-1.3333333333333333,3,8,12,0.25,2.8378419467216354,896,2,1,1,0,0,1,2026,2027-2029,0,0.9100730591453073,0.42189034269450804,0.893292608430055,0.8656566890653634,0.923885155772755,future_unobserved_candidate,graph,126
C3002C089A5,C5CA44ABCFC,ionic thermodiffusion (Soret effect),redox-solvation hybrid entropy,transport_mechanism,solvation_entropy,0.2669132351875305,67,17,17,67,38,4,4,38,0.10526315789473684,18,4,22,2.6666666666666665,1.3333333333333333,31,2,13,0.18309859154929578,3.6140304015754823,1139,2,1,0,0,0,1,2026,2027-2029,0,0.9819706744355781,0.47135886199924987,0.9309102015882713,0.8654624312767257,0.9521686010995722,future_unobserved_candidate,graph,127
C3002C089A5,C4AF8816DD4,ionic thermodiffusion (Soret effect),ion-induced crystallization,transport_mechanism,phase_or_species_transition,0.3269718587398529,67,15,15,67,38,3,3,38,0.07894736842105263,18,2,20,2.6666666666666665,0.3333333333333333,31,4,12,0.17142857142857143,3.0708072368048085,1005,2,1,0,0,0,1,2026,2027-2029,0,0.9690916843715058,0.3513623859239033,0.8392669517409898,0.8645009163103237,0.8825290164935858,future_unobserved_candidate,graph,133
C5E47CC0A62,CC022D91D01,Hofmeister/chaotropic effect,solvation entropy,gel_microstructure,solvation_entropy,0.27189868688583374,23,31,23,31,8,11,8,11,0.7272727272727273,5,11,16,1.0,3.6666666666666665,8,2,12,0.2857142857142857,2.9796305285843787,713,2,1,0,0,0,1,2026,2027-2029,0,0.9498220632297808,0.5339989855242532,0.9554062309102016,0.864069639584606,0.9689065363469762,future_unobserved_candidate,graph,137
C872881EC3C,C97F8E13D1A,gel-confined redox transport,thermally regenerative electrochemical cycle,gel_microstructure,device_mechanism,0.266244113445282,95,24,24,95,62,14,14,62,0.22580645161290322,46,2,48,10.333333333333334,-1.0,6,12,15,0.14423076923076922,3.973774236893162,2280,2,1,0,0,0,1,2026,2027-2029,0,0.9996452315736928,0.2831230888553099,0.7561759315821625,0.8632791692119731,0.8191661576053757,future_unobserved_candidate,graph,139
C4AF8816DD4,CFBB5A400A1,ion-induced crystallization,cation-anion thermodiffusion asymmetry,phase_or_species_transition,transport_mechanism,0.29699909687042236,15,47,15,47,3,16,3,16,0.1875,2,11,13,0.3333333333333333,2.0,4,5,12,0.24,3.0708072368048085,705,2,1,0,0,0,1,2026,2027-2029,0,0.9157563555349947,0.7771106942053456,0.9879780085522297,0.863010384850336,0.9892180818570555,future_unobserved_candidate,graph,141
C00DD823894,C46747A02A1,organic redox molecular design,ion-pairing and complexation,redox_chemistry,solvation_entropy,0.20432551205158234,22,60,22,60,11,17,11,17,0.6470588235294118,9,12,21,2.6666666666666665,3.0,12,10,15,0.22388059701492538,3.9434159983217807,1320,2,1,0,0,0,1,2026,2027-2029,0,0.9825175248915211,0.7513682023297102,0.9908979841172878,0.8612767257177765,0.9914477703115455,future_unobserved_candidate,graph,143
C967653EA5F,CFBB5A400A1,thermosensitive crystallization,cation-anion thermodiffusion asymmetry,phase_or_species_transition,transport_mechanism,0.4633933901786804,17,47,17,47,4,16,4,16,0.25,3,11,14,0.6666666666666666,2.0,4,5,10,0.18518518518518517,2.5146434830838316,799,2,1,0,0,0,1,2026,2027-2029,0,0.9296582013443453,0.8154974781751447,0.991484422724496,0.8606206475259621,0.9916004886988394,future_unobserved_candidate,graph,147
C188B56F6F1,CE2D00B183C,ion-selectivity membrane transport,redox-kinetics enhancement,transport_mechanism,electrode_interface,0.2336476594209671,33,50,33,50,18,11,11,18,0.6111111111111112,6,7,13,0.0,1.6666666666666667,32,32,14,0.2028985507246377,3.647795109442038,1650,2,1,0,0,0,1,2026,2027-2029,0,0.9830075038802022,0.715967528714418,0.9879657910812462,0.8600012217470984,0.9887293830177153,future_unobserved_candidate,graph,154
C46747A02A1,C7932B1CE8C,ion-pairing and complexation,chaotropic polymer-water disruption,solvation_entropy,gel_microstructure,0.16407011449337006,60,32,32,60,17,13,13,17,0.7647058823529411,12,4,16,3.0,-1.3333333333333333,10,8,23,0.3333333333333333,6.1571770381195,1920,2,1,0,0,0,1,2026,2027-2029,0,0.9732029632670315,0.5536184431536,0.9622602321319487,0.8597153329260844,0.972846670739157,future_unobserved_candidate,graph,155
C10D3798CF7,C9B6878E079,selective solvation,photothermal-thermoelectric coupling,solvation_entropy,device_mechanism,0.25307193398475647,41,28,28,41,18,14,14,18,0.7777777777777778,10,7,17,2.0,1.0,26,8,12,0.21052631578947367,3.170721126180447,1148,2,1,0,0,0,1,2026,2027-2029,0,0.9698289444176361,0.7736529603048663,0.9917287721441662,0.8596847892486255,0.9914172266340867,future_unobserved_candidate,graph,156
C9B6878E079,CE2D00B183C,photothermal-thermoelectric coupling,redox-kinetics enhancement,device_mechanism,electrode_interface,0.20535066723823547,28,50,28,50,14,11,11,14,0.7857142857142857,7,7,14,1.0,1.6666666666666667,8,32,15,0.23809523809523808,3.9290857223185855,1400,2,1,0,0,0,1,2026,2027-2029,0,0.9731337179398185,0.4957703207843927,0.9424557116676848,0.8593011606597434,0.9595907147220525,future_unobserved_candidate,graph,160
C41BE9B5F0E,CC028ABF9C6,solvation-shell remodeling,anti-freezing organohydrogel design,solvation_entropy,gel_microstructure,0.21294742822647095,21,55,21,55,8,25,8,25,0.32,4,15,19,0.3333333333333333,2.6666666666666665,9,10,14,0.22580645161290322,3.5280960328175266,1155,2,1,0,0,0,1,2026,2027-2029,0,0.9725975240695612,0.8206202508000702,0.9950763591936469,0.8581514966401955,0.9939218081857055,future_unobserved_candidate,graph,164
C08389FD6C6,C41BE9B5F0E,moisture-gradient ion transport,solvation-shell remodeling,transport_mechanism,solvation_entropy,0.25244009494781494,44,21,21,44,15,8,8,15,0.5333333333333333,9,4,13,1.6666666666666667,0.3333333333333333,20,9,12,0.22641509433962265,3.31417088598169,924,2,1,0,0,0,1,2026,2027-2029,0,0.9303401154804657,0.58806691530395,0.9648136835675014,0.8575931582162493,0.9737935247403787,future_unobserved_candidate,graph,169
C46747A02A1,CB9E68D9D64,ion-pairing and complexation,GelMA ion-induced crystallization,solvation_entropy,phase_or_species_transition,0.39044857025146484,60,12,12,60,17,2,2,17,0.11764705882352941,12,1,13,3.0,0.0,10,4,11,0.18032786885245902,2.7485668008591415,720,2,1,0,0,0,1,2026,2027-2029,0,0.7940796771812481,0.36915771150952276,0.8421869273060476,0.8572559560171045,0.8835980452046427,future_unobserved_candidate,graph,173
C10C4FF4B6C,CB56BB4DDB0,hydrogen bonding,carbon-electrode redox interface,solvation_entropy,electrode_interface,0.25830116868019104,37,39,37,39,15,14,14,15,0.9333333333333333,7,4,11,-0.3333333333333333,-0.3333333333333333,5,28,13,0.20634920634920634,3.1878640985311244,1443,2,1,0,0,0,1,2026,2027-2029,0,0.9707395724147907,0.4206313974438274,0.8973610262675626,0.8570885766646303,0.9248930971288943,future_unobserved_candidate,graph,174
C41BE9B5F0E,CFBB5A400A1,solvation-shell remodeling,cation-anion thermodiffusion asymmetry,solvation_entropy,transport_mechanism,0.3142538368701935,21,47,21,47,8,16,8,16,0.5,4,11,15,0.3333333333333333,2.0,9,5,11,0.19298245614035087,2.7632792483615543,987,2,1,0,0,0,1,2026,2027-2029,0,0.9561061536264043,0.849630899834633,0.9948197923029932,0.8569847281612706,0.9933109346365303,future_unobserved_candidate,graph,175
C39430F06B7,CF2C5201A37,metal-oxide nanostructured electrode,porous-electrode area enhancement,electrode_interface,electrode_interface,0.5902464985847473,22,30,22,30,2,9,2,9,0.2222222222222222,1,4,5,0.3333333333333333,0.6666666666666666,8,28,12,0.3,3.031059804316764,660,2,1,1,0,0,1,2026,2027-2029,0,0.8613422036224141,0.3044177803924536,0.7774098961514966,0.8559425778863774,0.8341020158827123,future_unobserved_candidate,graph,179
C5CA44ABCFC,CCAABE058E7,redox-solvation hybrid entropy,ferri/ferrocyanide redox chemistry,solvation_entropy,redox_chemistry,0.3176363706588745,17,101,17,101,4,77,4,77,0.05194805194805195,4,31,35,1.3333333333333333,4.666666666666667,2,35,13,0.12380952380952381,3.5193563457084833,1717,2,1,0,0,0,1,2026,2027-2029,0,0.9847058336131428,0.7590282301228948,0.9917532070861331,0.8559425778863774,0.9907910812461821,future_unobserved_candidate,graph,180
C17A556FB4A,C3002C089A5,double-network hydrogel mechanics,ionic thermodiffusion (Soret effect),gel_microstructure,transport_mechanism,0.18994006514549255,22,67,22,67,2,38,2,38,0.05263157894736842,2,18,20,0.6666666666666666,2.6666666666666665,1,31,16,0.2191780821917808,4.010436708458631,1474,2,1,0,0,0,1,2026,2027-2029,0,0.9627191114313056,0.6720177591360817,0.9815638362858888,0.8557116676847891,0.9842394624312767,future_unobserved_candidate,graph,181
C08389FD6C6,CE2D00B183C,moisture-gradient ion transport,redox-kinetics enhancement,transport_mechanism,electrode_interface,0.16421732306480408,44,50,44,50,15,11,11,15,0.7333333333333333,9,7,16,1.6666666666666667,1.6666666666666667,20,32,20,0.2702702702702703,5.209667193745912,2200,2,1,0,0,0,1,2026,2027-2029,0,0.9927053912521951,0.5169072215524784,0.9525106902871106,0.8556982284667074,0.9654245571166769,future_unobserved_candidate,graph,182
C45C8AAD12E,CA8C62A4868,charge-transfer resistance engineering,redox reaction entropy,electrode_interface,solvation_entropy,0.13460172712802887,59,66,59,66,19,31,19,31,0.6129032258064516,9,17,26,2.0,3.6666666666666665,35,26,34,0.37362637362637363,9.732029964840784,3894,2,1,0,0,0,1,2026,2027-2029,0,0.9994784021400002,0.6747643745039459,0.9851924251679901,0.8547232742822235,0.9860720830788027,future_unobserved_candidate,graph,187
C3002C089A5,C967653EA5F,ionic thermodiffusion (Soret effect),thermosensitive crystallization,transport_mechanism,phase_or_species_transition,0.34103336930274963,67,17,17,67,38,4,4,38,0.10526315789473684,18,3,21,2.6666666666666665,0.6666666666666666,31,4,11,0.1506849315068493,2.787601903493229,1139,2,1,0,0,0,1,2026,2027-2029,0,0.9746830342665965,0.473373947610648,0.9316188149053146,0.8535577275503972,0.9507635919364691,future_unobserved_candidate,graph,194
C00DD823894,C275FB7C4B0,organic redox molecular design,iodide/triiodide redox chemistry,redox_chemistry,redox_chemistry,0.5952603220939636,22,32,22,32,11,12,11,12,0.9166666666666666,9,3,12,2.6666666666666665,0.0,12,11,9,0.2,2.342788202480797,704,2,1,1,0,0,1,2026,2027-2029,0,0.9432121406002728,0.24062272424574496,0.6761026267562614,0.8531777642028101,0.7523518631643249,future_unobserved_candidate,graph,195
C188B56F6F1,C78D65254F9,ion-selectivity membrane transport,phase transition,transport_mechanism,phase_or_species_transition,0.1587248593568802,33,55,33,55,18,19,18,19,0.9473684210526315,6,10,16,0.0,1.3333333333333333,32,10,19,0.2753623188405797,5.108485148746264,1815,2,1,0,0,0,1,2026,2027-2029,0,0.988336316036771,0.6601086891211411,0.9815516188149053,0.8531618814905316,0.983689676237019,future_unobserved_candidate,graph,196
C6B063A770B,CBA7A0F0CA3,supramolecular host-guest redox entropy,thermogalvanic redox conversion,solvation_entropy,device_mechanism,0.3686075210571289,13,113,13,113,3,90,3,90,0.03333333333333333,0,34,34,-0.3333333333333333,1.3333333333333333,10,32,12,0.10526315789473684,3.5755043973854956,1469,2,1,0,0,0,1,2026,2027-2029,0,0.9874701356879585,0.5420822855003476,0.9608307880268784,0.8531105681124007,0.9704642638973732,future_unobserved_candidate,graph,197
C45C8AAD12E,C539540C36B,charge-transfer resistance engineering,nanochannel-confined ion transport,electrode_interface,transport_mechanism,0.3824614882469177,59,22,22,59,19,3,3,19,0.15789473684210525,9,3,12,2.0,1.0,35,2,11,0.15714285714285714,2.6193237767752118,1298,2,1,0,0,0,1,2026,2027-2029,0,0.8818438273233634,0.6706532281139589,0.9743310934636531,0.8530678069639583,0.9791386682956629,future_unobserved_candidate,graph,198
C78D65254F9,CF4A6A0344F,phase transition,ion migration,phase_or_species_transition,transport_mechanism,0.19312815368175507,55,18,18,55,19,5,5,19,0.2631578947368421,10,4,14,1.3333333333333333,1.0,10,4,15,0.25862068965517243,3.791295952888317,990,2,1,0,0,0,1,2026,2027-2029,0,0.9084982448383203,0.7693814788425769,0.9865241295051924,0.8518387293830176,0.9860720830788027,future_unobserved_candidate,graph,205
C4C0E1A5F69,C9B6878E079,double-network hydrogel,photothermal-thermoelectric coupling,gel_microstructure,device_mechanism,0.23341208696365356,28,28,28,28,3,14,3,14,0.21428571428571427,2,7,9,0.3333333333333333,1.0,3,8,14,0.3333333333333333,3.5650919919980435,784,2,1,0,0,0,1,2026,2027-2029,0,0.8875198891353051,0.505262941828982,0.9398289554062309,0.8514135613927917,0.9562003665241295,future_unobserved_candidate,graph,208
C10C4FF4B6C,CF066042424,hydrogen bonding,interpenetrating-network thermogalvanic hydrogel,solvation_entropy,gel_microstructure,0.3651317358016968,37,19,19,37,15,2,2,15,0.13333333333333333,7,1,8,-0.3333333333333333,0.0,5,3,11,0.24444444444444444,2.720432174755449,703,2,1,0,0,0,1,2026,2027-2029,0,0.8909992477116084,0.37094770815604317,0.8520586438607208,0.8513769089798411,0.8906536346976177,future_unobserved_candidate,graph,209
C3E342044B1,C872881EC3C,Cu-based n/p redox thermocell,gel-confined redox transport,redox_chemistry,gel_microstructure,0.379656583070755,14,95,14,95,3,62,3,62,0.04838709677419355,2,46,48,0.3333333333333333,10.333333333333334,4,6,11,0.11224489795918367,3.156714545518628,1330,2,1,0,0,0,1,2026,2027-2029,0,0.9991594882907177,0.7770532594803703,0.9946120952962737,0.8513598045204643,0.9920586438607208,future_unobserved_candidate,graph,210
C5E47CC0A62,C78D65254F9,Hofmeister/chaotropic effect,phase transition,gel_microstructure,phase_or_species_transition,0.18963468074798584,23,55,23,55,8,19,8,19,0.42105263157894735,5,10,15,1.0,1.3333333333333333,8,10,15,0.23809523809523808,3.785128398747377,1265,2,1,0,0,0,1,2026,2027-2029,0,0.9577453917173685,0.8117501433181141,0.9936591325595601,0.8511716554673183,0.9912950519242516,future_unobserved_candidate,graph,211
C84C6A613D4,CB56BB4DDB0,cellulose nanofiber scaffold,carbon-electrode redox interface,gel_microstructure,electrode_interface,0.220560222864151,38,39,38,39,11,14,11,14,0.7857142857142857,3,4,7,-1.3333333333333333,-0.3333333333333333,8,28,17,0.2833333333333333,4.37935753909204,1482,2,1,0,0,0,1,2026,2027-2029,0,0.9551867648864403,0.3484575952902698,0.8348564447159438,0.8511545510079414,0.8756261453879046,future_unobserved_candidate,graph,212
C7932B1CE8C,C9B6878E079,chaotropic polymer-water disruption,photothermal-thermoelectric coupling,gel_microstructure,device_mechanism,0.20664921402931213,32,28,28,32,13,14,13,14,0.9285714285714286,4,7,11,-1.3333333333333333,1.0,8,8,14,0.30434782608695654,3.68754042207909,896,2,1,0,0,0,1,2026,2027-2029,0,0.9498269433851019,0.4278364870446129,0.9005497861942577,0.8510922419059254,0.9258094074526573,future_unobserved_candidate,graph,213
C45C8AAD12E,CC022D91D01,charge-transfer resistance engineering,solvation entropy,electrode_interface,solvation_entropy,0.15069127082824707,59,31,31,59,19,11,11,19,0.5789473684210527,9,11,20,2.0,3.6666666666666665,35,2,18,0.25,4.998620787871765,1829,2,1,0,0,0,1,2026,2027-2029,0,0.9826353691597968,0.7125567409995209,0.987623701893708,0.8498802687843616,0.986682956627978,future_unobserved_candidate,graph,215
C08389FD6C6,C6C09287FDB,moisture-gradient ion transport,high-entropy redox/ion coupling,transport_mechanism,solvation_entropy,0.37698543071746826,44,23,23,44,15,7,7,15,0.4666666666666667,9,4,13,1.6666666666666667,1.0,20,31,10,0.17543859649122806,2.4508762471330523,1012,2,1,0,0,0,1,2026,2027-2029,0,0.9281312231869218,0.5272141820177785,0.9510690287110568,0.8497568723274282,0.963714111178986,future_unobserved_candidate,graph,217
C17A556FB4A,CBA7A0F0CA3,double-network hydrogel mechanics,thermogalvanic redox conversion,gel_microstructure,device_mechanism,0.1850397139787674,22,113,22,113,2,90,2,90,0.022222222222222223,2,34,36,0.6666666666666666,1.3333333333333333,1,32,20,0.17391304347826086,5.323382628964364,2486,2,1,0,0,0,1,2026,2027-2029,0,0.9939008277611993,0.5864101091188216,0.9693219303604154,0.849546731826512,0.9750152718387294,future_unobserved_candidate,graph,219
C9B6878E079,CB56BB4DDB0,photothermal-thermoelectric coupling,carbon-electrode redox interface,device_mechanism,electrode_interface,0.19174668192863464,28,39,28,39,14,14,14,14,1.0,7,4,11,1.0,-0.3333333333333333,8,28,15,0.28846153846153844,3.8610770932399037,1092,2,1,0,0,0,1,2026,2027-2029,0,0.9440679521908553,0.41051957487932883,0.8898472816127061,0.849512522907758,0.9183262064752596,future_unobserved_candidate,graph,221
C78D65254F9,CE4B0E242E7,phase transition,interfacial charge transfer,phase_or_species_transition,electrode_interface,0.15270546078681946,55,40,40,55,19,11,11,19,0.5789473684210527,10,4,14,1.3333333333333333,0.6666666666666666,10,35,20,0.26666666666666666,5.210833493556732,2200,2,1,0,0,0,1,2026,2027-2029,0,0.9821108732413306,0.6813442082545504,0.9841661576053757,0.8494929749541845,0.9841783750763592,future_unobserved_candidate,graph,222
