layer_recommendation_rank,concept_u_id,concept_v_id,concept_u,concept_v,u_type,v_type,semantic_similarity,degree_u,degree_v,degree_min,degree_max,document_frequency_u,document_frequency_v,frequency_min,frequency_max,frequency_balance,recent_frequency_u,recent_frequency_v,recent_frequency_sum,trend_u,trend_v,age_u,age_v,common_neighbors,jaccard,adamic_adar,preferential_attachment,shortest_path,same_component,same_type,material_material_pair,material_mechanism_pair,mechanism_mechanism_pair,tg_history_frequency_u,tg_history_frequency_v,tg_history_frequency_sum,tg_both_concepts_seen,cutoff_year,future_window,future_edge_label,logistic_score,random_forest_score,ml_score,graph_score,hybrid_score,predicted_class,hybrid_rank,concept_u_layer,concept_v_layer,pair_layer,pair_layer_name,task
1,C2866DCD56B,C621A7A9629,PEDOT,polyurethane (PU),material_entity,material_entity,0.6088621616363525,44,8,8,44,55,5,5,55,0.0909090909090909,34,5,39,6.0,1.6666666666666667,10,2,7,0.1555555555555555,2.330242949724476,352,1,1,1,1,0,0,2,0,2,0,2022,2023-2026,0,0.5296321522699793,0.303251561681152,0.9403946002076842,0.6442990654205607,0.9086188992731048,1,12,M,M,M-M,material-material,iTE-to-TG
2,C6181968680,CDF78985483,graphene,nanocomposite,material_entity,material_system,0.3817625641822815,28,21,21,28,19,13,13,19,0.6842105263157895,12,7,19,3.0,0.3333333333333333,10,5,9,0.225,3.00017294243898,588,1,1,0,1,0,0,6,1,7,1,2022,2023-2026,0,0.7388901287707661,0.1855957124220648,0.8769470404984424,0.7045067497403945,0.8743509865005192,1,29,M,M,M-M,material-material,iTE-to-TG
3,C2866DCD56B,C3F66DD37CA,PEDOT,H2O,material_entity,material_entity,0.3368484377861023,44,11,11,44,55,4,4,55,0.0727272727272727,34,2,36,6.0,0.6666666666666666,10,8,5,0.1,1.8474634566628576,484,1,1,1,1,0,0,2,2,4,1,2022,2023-2026,0,0.4629745658481387,0.2794421116238506,0.92398753894081,0.5303219106957424,0.8583592938733126,1,42,M,M,M-M,material-material,iTE-to-TG
4,C2866DCD56B,CDDD624085F,PEDOT,deep-eutectic eutogel electrolyte,material_entity,material_system,0.3502462208271026,44,11,11,44,55,4,4,55,0.0727272727272727,34,1,35,6.0,0.0,10,7,8,0.1702127659574468,2.6545009052907886,484,1,1,0,1,0,0,2,0,2,0,2022,2023-2026,0,0.3863697292542543,0.1914081209895836,0.8623052959501557,0.6653997923156801,0.8525441329179646,1,45,M,M,M-M,material-material,iTE-to-TG
5,C3970EB273E,C9910E60ABA,gelatin,carbon nanotube,material_entity,material_entity,0.3244827091693878,21,28,21,28,7,33,7,33,0.2121212121212121,7,20,27,2.3333333333333335,4.666666666666667,2,13,6,0.1395348837209302,2.3382350099676934,588,1,1,1,1,0,0,4,11,15,1,2022,2023-2026,0,0.6341029662243931,0.204424975573749,0.8898234683281413,0.5973416407061267,0.8523364485981308,1,46,M,M,M-M,material-material,iTE-to-TG
6,C2866DCD56B,C7802AE4324,PEDOT,deep eutectic solvent,material_entity,material_system,0.3269493877887726,44,11,11,44,55,4,4,55,0.0727272727272727,34,1,35,6.0,0.0,10,7,8,0.1702127659574468,2.6545009052907886,484,1,1,0,1,0,0,2,0,2,0,2022,2023-2026,0,0.3786733731544726,0.1900828368986745,0.8607476635514019,0.6627829698857736,0.8500519210799585,1,48,M,M,M-M,material-material,iTE-to-TG
7,C3970EB273E,C78B8F896F7,gelatin,polyacrylamide (PAM),material_entity,material_entity,0.5049944519996643,21,9,9,21,7,3,3,7,0.4285714285714285,7,3,10,2.3333333333333335,1.0,2,0,3,0.1111111111111111,1.080845430228495,189,1,1,1,1,0,0,4,2,6,1,2022,2023-2026,0,0.8829860669819289,0.3366464627058825,0.9665628245067498,0.3713084112149533,0.8377985462097612,0,62,M,M,M-M,material-material,iTE-to-TG
8,C1DF01A6473,C3F66DD37CA,PEDOT:PSS,H2O,material_entity,material_entity,0.3124342858791351,36,11,11,36,46,4,4,46,0.0869565217391304,30,2,32,6.333333333333333,0.6666666666666666,10,8,5,0.119047619047619,1.832665513323679,396,1,1,1,1,0,0,0,2,2,0,2022,2023-2026,0,0.3851690425633811,0.1933756883511454,0.8659397715472481,0.5236552440290758,0.8085150571131879,0,101,M,M,M-M,material-material,iTE-to-TG
9,C4B2BA55977,C7B823B5BB0,KNO3,poly(vinyl alcohol) (PVA),material_entity,material_entity,0.3960339426994324,10,22,10,22,2,11,2,11,0.1818181818181818,2,6,8,0.6666666666666666,1.3333333333333333,2,8,4,0.1428571428571428,1.4410199836531667,220,1,1,1,1,0,0,2,2,4,1,2022,2023-2026,0,0.5094347241931801,0.2172728068489367,0.8954309449636553,0.4198442367601246,0.7995846313603323,0,113,M,M,M-M,material-material,iTE-to-TG
10,C06F57A9BCA,C9910E60ABA,polymer electrolyte,carbon nanotube,material_system,material_entity,0.2942856848239898,13,28,13,28,9,33,9,33,0.2727272727272727,4,20,24,0.6666666666666666,4.666666666666667,19,13,4,0.1081081081081081,1.1968545152218155,364,1,1,0,1,0,0,2,11,13,1,2022,2023-2026,0,0.3014268016110233,0.2195520133893164,0.8842159916926272,0.4298234683281411,0.7937694704049845,0,119,M,M,M-M,material-material,iTE-to-TG
11,C6D6399FFC8,CDBBD5033EA,HfS2,HfSe2,material_entity,material_entity,0.9735228419303894,9,9,9,9,2,2,2,2,1.0,2,2,4,0.6666666666666666,0.6666666666666666,2,2,8,0.8,3.7790356582513978,81,1,1,1,1,0,0,0,0,0,0,2022,2023-2026,0,0.8814706620250881,0.1202377142982037,0.7850467289719627,0.6638629283489097,0.7860851505711319,0,127,M,M,M-M,material-material,iTE-to-TG
12,C2866DCD56B,C2AB2ABA9A6,PEDOT,dimethyl sulfoxide (DMSO),material_entity,material_entity,0.2866294682025909,44,12,12,44,55,7,7,55,0.1272727272727272,34,1,35,6.0,-1.3333333333333333,10,9,8,0.1666666666666666,2.5076870894774004,528,1,1,1,1,0,0,2,1,3,1,2022,2023-2026,0,0.3973284625133035,0.1398509532347706,0.7910695742471443,0.6489511941848389,0.7858774662512982,0,128,M,M,M-M,material-material,iTE-to-TG
13,C06F57A9BCA,C7B823B5BB0,polymer electrolyte,poly(vinyl alcohol) (PVA),material_system,material_entity,0.5189489722251892,13,22,13,22,9,11,9,11,0.8181818181818182,4,6,10,0.6666666666666666,1.3333333333333333,19,8,7,0.25,2.872365035098781,286,1,1,0,1,0,0,2,2,4,1,2022,2023-2026,0,0.5185145692573018,0.1321390352139807,0.7911734164070613,0.647227414330218,0.7858774662512981,0,130,M,M,M-M,material-material,iTE-to-TG
14,C1DF01A6473,CDDD624085F,PEDOT:PSS,deep-eutectic eutogel electrolyte,material_entity,material_system,0.3447910249233246,36,11,11,36,46,4,4,46,0.0869565217391304,30,1,31,6.333333333333333,0.0,10,7,7,0.175,2.158804614988622,396,1,1,0,1,0,0,0,0,0,0,2022,2023-2026,0,0.4291497354316266,0.1438539505077399,0.7973520249221183,0.6158151609553479,0.7833852544132919,0,132,M,M,M-M,material-material,iTE-to-TG
15,C9642D16DCA,CDF78985483,graphene oxide,nanocomposite,material_entity,material_system,0.3802064657211303,18,21,18,21,9,13,9,13,0.6923076923076923,5,7,12,1.0,0.3333333333333333,10,5,7,0.21875,2.188511234084975,378,1,1,0,1,0,0,4,1,5,1,2022,2023-2026,0,0.5962226867775782,0.1397419907755203,0.8024922118380062,0.601111111111111,0.7819314641744548,0,133,M,M,M-M,material-material,iTE-to-TG
16,C1DF01A6473,C7802AE4324,PEDOT:PSS,deep eutectic solvent,material_entity,material_system,0.3370741605758667,36,11,11,36,46,4,4,46,0.0869565217391304,30,1,31,6.333333333333333,0.0,10,7,7,0.175,2.158804614988622,396,1,1,0,1,0,0,0,0,0,0,2022,2023-2026,0,0.4265075854164151,0.1438539505077399,0.7970404984423676,0.615441329179647,0.7819314641744548,0,134,M,M,M-M,material-material,iTE-to-TG
17,C1DF01A6473,C9910E60ABA,PEDOT:PSS,carbon nanotube,material_entity,material_entity,0.4067261517047882,36,28,28,36,46,33,33,46,0.717391304347826,30,20,50,6.333333333333333,4.666666666666667,10,13,14,0.28,4.648823831304995,1008,1,1,1,1,0,0,0,11,11,0,2022,2023-2026,0,0.515329312875991,0.1020437940187771,0.7311526479750778,0.8380269989615784,0.7800623052959501,0,136,M,M,M-M,material-material,iTE-to-TG
18,C2866DCD56B,C37031A3390,PEDOT,cellulose,material_entity,material_entity,0.4413255155086517,44,22,22,44,55,12,12,55,0.2181818181818181,34,10,44,6.0,2.6666666666666665,10,5,8,0.1379310344827586,2.3310510127556032,968,1,1,1,1,0,0,2,1,3,1,2022,2023-2026,0,0.3771703927434118,0.1227651077790706,0.7662512980269989,0.676552440290758,0.7738317757009345,0,146,M,M,M-M,material-material,iTE-to-TG
19,C2866DCD56B,C9910E60ABA,PEDOT,carbon nanotube,material_entity,material_entity,0.4305654764175415,44,28,28,44,55,33,33,55,0.6,34,20,54,6.0,4.666666666666667,10,13,16,0.2857142857142857,5.2733469274599525,1232,1,1,1,1,0,0,2,11,13,1,2022,2023-2026,0,0.5503963208517253,0.0926826232088401,0.708515057113188,0.8627206645898233,0.7651090342679128,0,154,M,M,M-M,material-material,iTE-to-TG
20,C6181968680,CF840763400,graphene,TiO2,material_entity,material_entity,0.4228570759296417,28,9,9,28,19,21,19,21,0.9047619047619048,12,2,14,3.0,-1.0,10,18,4,0.1212121212121212,1.1150220667992945,252,1,1,1,1,0,0,6,1,7,1,2022,2023-2026,0,0.5404203266247645,0.1805990978613178,0.8593977154724818,0.4135410176531671,0.7644859813084112,0,155,M,M,M-M,material-material,iTE-to-TG
21,C2DA63DEF6B,CF00FA35255,NO3,HNO3,material_entity,material_entity,0.7886918187141418,7,7,7,7,2,2,2,2,1.0,0,0,0,0.0,0.0,15,15,6,0.75,1.9566905708390188,49,1,1,1,1,0,0,1,0,1,0,2022,2023-2026,0,0.4088711050460509,0.1538661038276857,0.8067497403946002,0.5286708203530633,0.7634475597092419,0,156,M,M,M-M,material-material,iTE-to-TG
22,C06F57A9BCA,C7802AE4324,polymer electrolyte,deep eutectic solvent,material_system,material_system,0.5795574188232422,13,11,11,13,9,4,4,9,0.4444444444444444,4,1,5,0.6666666666666666,0.0,19,7,5,0.2631578947368421,1.5710317919035046,143,1,1,1,1,0,0,2,0,2,0,2022,2023-2026,0,0.2216082591915113,0.1701948660826783,0.8223260643821391,0.4900519210799585,0.7632398753894082,0,157,M,M,M-M,material-material,iTE-to-TG
23,C1AAB990F48,C9910E60ABA,SiO2,carbon nanotube,material_entity,material_entity,0.3570426106452942,3,28,3,28,4,33,4,33,0.1212121212121212,3,20,23,0.6666666666666666,4.666666666666667,4,13,2,0.0689655172413793,0.6144584062557255,84,1,1,1,1,0,0,1,11,12,1,2022,2023-2026,0,0.597463629438483,0.2168861036565158,0.8980269989615784,0.2957528556593977,0.7595015576323987,0,160,M,M,M-M,material-material,iTE-to-TG
24,C06F57A9BCA,C9642D16DCA,polymer electrolyte,graphene oxide,material_system,material_entity,0.2922075390815735,13,18,13,18,9,9,9,9,1.0,4,5,9,0.6666666666666666,1.0,19,10,2,0.0689655172413793,0.5861012960030875,234,1,1,0,1,0,0,2,4,6,1,2022,2023-2026,0,0.4762444772917797,0.2270658917837525,0.9009345794392524,0.2752855659397715,0.7565939771547249,0,164,M,M,M-M,material-material,iTE-to-TG
25,C1DF01A6473,C2AB2ABA9A6,PEDOT:PSS,dimethyl sulfoxide (DMSO),material_entity,material_entity,0.2928932011127472,36,12,12,36,46,7,7,46,0.1521739130434782,30,1,31,6.333333333333333,-1.3333333333333333,10,9,8,0.2,2.492889146138222,432,1,1,1,1,0,0,0,1,1,0,2022,2023-2026,0,0.3393072992696304,0.1199007565722204,0.7527518172377986,0.6514226375908618,0.7547248182762202,0,167,M,M,M-M,material-material,iTE-to-TG
1,C6181968680,CE6FC512ED2,graphene,dynamic crosslinked gel network,material_entity,gel_microstructure,0.2073949128389358,28,26,26,28,19,9,9,19,0.4736842105263157,12,7,19,3.0,1.6666666666666667,10,3,11,0.2558139534883721,3.312105189530183,728,1,1,0,0,1,0,6,2,8,1,2022,2023-2026,0,0.8643905316296338,0.2516560114859075,0.9398753894080996,0.7012980269989615,0.9264797507788164,1,4,M,S,M-S,material-structure,iTE-to-TG
2,C3DA2C4151E,C84C6A613D4,aqueous electrolyte,cellulose nanofiber scaffold,material_system,gel_microstructure,0.2309776693582534,7,25,7,25,2,17,2,17,0.1176470588235294,1,15,16,0.3333333333333333,4.333333333333333,9,5,6,0.2307692307692307,2.265531952032143,175,1,1,0,0,1,0,5,3,8,1,2022,2023-2026,0,0.8386865421516176,0.2889983555186473,0.9481827622014538,0.5403115264797508,0.8843198338525442,1,21,M,S,M-S,material-structure,iTE-to-TG
3,CAEB010ACF4,CB25BC3FC14,polyethylene glycol (PEG),double/interpenetrating network,material_entity,gel_microstructure,0.2434688508510589,20,10,10,20,7,2,2,7,0.2857142857142857,3,2,5,0.3333333333333333,0.6666666666666666,8,0,7,0.3043478260869565,2.6839782423982896,200,1,1,0,0,1,0,0,1,1,0,2022,2023-2026,0,0.5993668458153094,0.2462538317747913,0.922429906542056,0.5627933541017653,0.8693665628245068,1,38,M,S,M-S,material-structure,iTE-to-TG
4,CAEB010ACF4,CE6FC512ED2,polyethylene glycol (PEG),dynamic crosslinked gel network,material_entity,gel_microstructure,0.3593156933784485,20,26,20,26,7,9,7,9,0.7777777777777778,3,7,10,0.3333333333333333,1.6666666666666667,8,3,12,0.3529411764705882,4.636036069468076,520,1,1,0,0,1,0,0,2,2,0,2022,2023-2026,0,0.6719312594336463,0.1507001778433822,0.8191069574247145,0.7489096573208723,0.8380062305295951,0,61,M,S,M-S,material-structure,iTE-to-TG
5,C5E63317596,CAEB010ACF4,hierarchical porous electrode interface,polyethylene glycol (PEG),electrode_interface,material_entity,0.1460233330726623,13,20,13,20,2,7,2,7,0.2857142857142857,2,3,5,0.6666666666666666,0.3333333333333333,0,8,7,0.2692307692307692,2.7284014790502615,260,1,1,0,0,1,0,2,0,2,0,2022,2023-2026,0,0.6463204426653517,0.191899024192778,0.8785046728971962,0.5368120456905503,0.8234683281412253,0,80,S,M,M-S,material-structure,iTE-to-TG
6,C06F57A9BCA,CC028ABF9C6,polymer electrolyte,anti-freezing organohydrogel design,material_system,gel_microstructure,0.218975692987442,13,37,13,37,9,15,9,15,0.6,4,7,11,0.6666666666666666,1.0,19,15,5,0.1111111111111111,1.7214190374655551,481,1,1,0,0,1,0,2,6,8,1,2022,2023-2026,0,0.5780177627221214,0.2392350508312034,0.9137071651090344,0.4490031152647975,0.8213914849428868,0,84,M,S,M-S,material-structure,iTE-to-TG
7,C696BC0A1E1,C9642D16DCA,carbon electrode,graphene oxide,electrode_interface,material_entity,0.4446695744991302,10,18,10,18,3,9,3,9,0.3333333333333333,0,5,5,-0.3333333333333333,1.0,9,10,3,0.12,1.0184316125047443,180,1,1,0,0,1,0,1,4,5,1,2022,2023-2026,0,0.6733605379699467,0.330557457345082,0.9548286604361372,0.3456905503634475,0.821183800623053,0,85,S,M,M-S,material-structure,iTE-to-TG
8,CB56BB4DDB0,CDF78985483,carbon-electrode redox interface,nanocomposite,electrode_interface,material_system,0.1187748834490776,13,21,13,21,5,13,5,13,0.3846153846153846,1,7,8,-0.3333333333333333,0.3333333333333333,9,5,4,0.1333333333333333,1.3804739951652716,273,1,1,0,0,1,0,7,1,8,1,2022,2023-2026,0,0.746761835453097,0.2812951231830402,0.941017653167186,0.3435202492211838,0.8103842159916927,0,97,S,M,M-S,material-structure,iTE-to-TG
9,C621A7A9629,CC028ABF9C6,polyurethane (PU),anti-freezing organohydrogel design,material_entity,gel_microstructure,0.2491991519927978,8,37,8,37,5,15,5,15,0.3333333333333333,5,7,12,1.6666666666666667,1.0,2,15,5,0.125,1.7078372734362848,296,1,1,0,0,1,0,0,6,6,0,2022,2023-2026,0,0.771055644284052,0.1738723682362577,0.8607476635514019,0.4517341640706125,0.7806853582554518,0,135,M,S,M-S,material-structure,iTE-to-TG
10,C65E336E20C,C84C6A613D4,TEMPO,cellulose nanofiber scaffold,material_entity,gel_microstructure,0.1880980879068374,6,25,6,25,2,17,2,17,0.1176470588235294,2,15,17,0.6666666666666666,4.333333333333333,0,5,5,0.1923076923076923,1.9728380391092737,150,1,1,0,0,1,0,0,3,3,0,2022,2023-2026,0,0.7213394987208211,0.168422558831587,0.8497403946002078,0.4682658359293872,0.7775700934579439,0,141,M,S,M-S,material-structure,iTE-to-TG
11,C6181968680,CC028ABF9C6,graphene,anti-freezing organohydrogel design,material_entity,gel_microstructure,0.0855512097477912,28,37,28,37,19,15,15,19,0.7894736842105263,12,7,19,3.0,1.0,10,15,11,0.2037037037037037,3.20937029478779,1036,1,1,0,0,1,0,6,6,12,1,2022,2023-2026,0,0.8003510660339066,0.1124229606492527,0.7670820353063343,0.6578089304257527,0.7707165109034269,0,148,M,S,M-S,material-structure,iTE-to-TG
12,C2DA63DEF6B,CC028ABF9C6,NO3,anti-freezing organohydrogel design,material_entity,gel_microstructure,0.1703425645828247,7,37,7,37,2,15,2,15,0.1333333333333333,0,7,7,0.0,1.0,15,15,5,0.1282051282051282,1.7766186283756658,259,1,1,0,0,1,0,1,6,7,1,2022,2023-2026,0,0.5121433259012022,0.1787356692097371,0.8562824506749741,0.4051194184839044,0.7590861889927311,0,162,M,S,M-S,material-structure,iTE-to-TG
13,C7713A07951,CB56BB4DDB0,urea,carbon-electrode redox interface,material_entity,electrode_interface,0.1165920495986938,15,13,13,15,4,5,4,5,0.8,0,1,1,-0.3333333333333333,-0.3333333333333333,13,9,5,0.217391304347826,2.046808904738067,195,1,1,0,0,1,0,2,7,9,1,2022,2023-2026,0,0.7776284578462799,0.1505365198146246,0.8234683281412254,0.4189408099688473,0.7393561786085151,0,183,M,S,M-S,material-structure,iTE-to-TG
14,C2866DCD56B,C84C6A613D4,PEDOT,cellulose nanofiber scaffold,material_entity,gel_microstructure,0.2286047339439392,44,25,25,44,55,17,17,55,0.3090909090909091,34,15,49,6.0,4.333333333333333,10,5,11,0.1896551724137931,3.307125835333483,1100,1,1,0,0,1,0,2,3,5,1,2022,2023-2026,0,0.6958702455649826,0.0855955584132144,0.7057113187954309,0.7339044652128763,0.7370716510903428,0,188,M,S,M-S,material-structure,iTE-to-TG
15,C1DF01A6473,C84C6A613D4,PEDOT:PSS,cellulose nanofiber scaffold,material_entity,gel_microstructure,0.2240039855241775,36,25,25,36,46,17,17,46,0.3695652173913043,30,15,45,6.333333333333333,4.333333333333333,10,5,10,0.196078431372549,2.9638691532412538,900,1,1,0,0,1,0,0,3,3,0,2022,2023-2026,0,0.6557252174879258,0.0843412538554915,0.6993769470404985,0.7067912772585668,0.7277258566978192,0,202,M,S,M-S,material-structure,iTE-to-TG
16,C1E4ABFFD92,CC028ABF9C6,BMIMBF4,anti-freezing organohydrogel design,material_entity,gel_microstructure,0.2022828906774521,6,37,6,37,2,15,2,15,0.1333333333333333,0,7,7,-0.6666666666666666,1.0,5,15,5,0.131578947368421,1.496055086629641,222,1,1,0,0,1,0,0,6,6,0,2022,2023-2026,0,0.4513797266675818,0.1604658992107292,0.8168224299065421,0.3866147455867082,0.7246105919003116,0,210,M,S,M-S,material-structure,iTE-to-TG
17,C6181968680,C696BC0A1E1,graphene,carbon electrode,material_entity,electrode_interface,0.4380359649658203,28,10,10,28,19,3,3,19,0.1578947368421052,12,0,12,3.0,-0.3333333333333333,10,9,3,0.0857142857142857,1.0643062402655248,280,1,1,0,0,1,0,6,1,7,1,2022,2023-2026,0,0.8527455942056151,0.1440345490074408,0.8219106957424716,0.3712357217030114,0.7221183800623053,0,215,M,S,M-S,material-structure,iTE-to-TG
18,C4CEC954E12,CC028ABF9C6,platinum electrode,anti-freezing organohydrogel design,material_entity,gel_microstructure,0.2048119008541107,22,37,22,37,9,15,9,15,0.6,1,7,8,-0.3333333333333333,1.0,26,15,7,0.1346153846153846,2.3958195342460566,814,1,1,0,0,1,0,6,6,12,1,2022,2023-2026,0,0.3372411433835126,0.1134776430831943,0.7412253374870198,0.5406542056074766,0.7142263759086189,0,230,M,S,M-S,material-structure,iTE-to-TG
19,C1E4ABFFD92,CE6FC512ED2,BMIMBF4,dynamic crosslinked gel network,material_entity,gel_microstructure,0.2301318645477295,6,26,6,26,2,9,2,9,0.2222222222222222,0,7,7,-0.6666666666666666,1.6666666666666667,5,3,3,0.1034482758620689,0.8782924805232455,156,1,1,0,0,1,0,0,2,2,0,2022,2023-2026,0,0.587680488437928,0.1631222090633767,0.8311526479750778,0.2864901349948079,0.7007268951194184,0,242,M,S,M-S,material-structure,iTE-to-TG
20,C2AB2ABA9A6,C84C6A613D4,dimethyl sulfoxide (DMSO),cellulose nanofiber scaffold,material_entity,gel_microstructure,0.1300344914197921,12,25,12,25,7,17,7,17,0.4117647058823529,1,15,16,-1.3333333333333333,4.333333333333333,9,5,3,0.088235294117647,0.7756511767861864,300,1,1,0,0,1,0,1,3,4,1,2022,2023-2026,0,0.4332900463207426,0.1644618183654846,0.8252336448598131,0.285233644859813,0.6978193146417446,0,246,M,S,M-S,material-structure,iTE-to-TG
21,C2866DCD56B,CC028ABF9C6,PEDOT,anti-freezing organohydrogel design,material_entity,gel_microstructure,0.2236578166484832,44,37,37,44,55,15,15,55,0.2727272727272727,34,7,41,6.0,1.0,10,15,16,0.2461538461538461,5.454626909039344,1628,1,1,0,0,1,0,2,6,8,1,2022,2023-2026,0,0.5074495843428325,0.0576720685555538,0.6138110072689512,0.8098650051921079,0.6874350986500519,0,254,M,S,M-S,material-structure,iTE-to-TG
22,C311C0E1A8F,CB56BB4DDB0,SbCl3,carbon-electrode redox interface,material_entity,electrode_interface,0.1119974851608276,12,13,12,13,4,5,4,5,0.8,1,1,2,0.0,-0.3333333333333333,13,9,5,0.25,2.013648673425078,156,1,1,0,0,1,0,0,7,7,0,2022,2023-2026,0,0.6672818035768855,0.0802661649392138,0.6905503634475596,0.4210488058151609,0.6280373831775701,0,315,M,S,M-S,material-structure,iTE-to-TG
23,C962BA9CB74,CC028ABF9C6,TeO2,anti-freezing organohydrogel design,material_entity,gel_microstructure,0.1374800354242324,21,37,21,37,6,15,6,15,0.4,0,7,7,0.0,1.0,15,15,8,0.16,2.8708683025799164,777,1,1,0,0,1,0,0,6,6,0,2022,2023-2026,0,0.1673693146101187,0.0585811660087941,0.5909657320872274,0.5639979231568016,0.6024922118380063,0,355,M,S,M-S,material-structure,iTE-to-TG
24,C696BC0A1E1,C7713A07951,carbon electrode,urea,electrode_interface,material_entity,0.1320078819990158,10,15,10,15,3,4,3,4,0.75,0,0,0,-0.3333333333333333,-0.3333333333333333,9,13,5,0.25,2.0023856680860956,150,1,1,0,0,1,0,1,2,3,1,2022,2023-2026,0,0.6382241106538197,0.0656874048433119,0.6472481827622014,0.4163966770508826,0.5946002076843198,0,364,S,M,M-S,material-structure,iTE-to-TG
25,C075A0D1B79,CC028ABF9C6,Sb2Te3,anti-freezing organohydrogel design,material_entity,gel_microstructure,0.2418058812618255,17,37,17,37,9,15,9,15,0.6,1,7,8,-0.3333333333333333,1.0,12,15,6,0.125,1.7506386177082227,629,1,1,0,0,1,0,0,6,6,0,2022,2023-2026,0,0.2768909574264627,0.0609521054402468,0.6077881619937694,0.4849221183800623,0.5892004153686397,0,369,M,S,M-S,material-structure,iTE-to-TG
1,C4B2BA55977,C7932B1CE8C,KNO3,chaotropic polymer-water disruption,material_entity,gel_microstructure,0.1484483033418655,10,17,10,17,2,4,2,4,0.5,2,2,4,0.6666666666666666,0.0,2,4,6,0.2857142857142857,2.0679485123441186,170,1,1,0,0,1,0,2,5,7,1,2022,2023-2026,0,0.9312672864662904,0.4737818573686709,0.987435098650052,0.4704049844236759,0.8847352024922119,1,20,M,P,M-P,material-physicochemical mechanism,iTE-to-TG
2,C3970EB273E,CA8C62A4868,gelatin,redox reaction entropy,material_entity,solvation_entropy,0.0810289531946182,21,19,19,21,7,7,7,7,1.0,7,4,11,2.3333333333333335,0.6666666666666666,2,8,6,0.1764705882352941,1.82617448645454,399,1,1,0,0,1,0,4,11,15,1,2022,2023-2026,0,0.9799649753485512,0.340796048821756,0.97331256490135,0.4597819314641744,0.8718587746625129,1,35,M,P,M-P,material-physicochemical mechanism,iTE-to-TG
3,C6181968680,C7932B1CE8C,graphene,chaotropic polymer-water disruption,material_entity,gel_microstructure,0.1059188544750213,28,17,17,28,19,4,4,19,0.2105263157894736,12,2,14,3.0,0.0,10,4,5,0.125,1.5248392833597442,476,1,1,0,0,1,0,6,5,11,1,2022,2023-2026,0,0.889381827768724,0.4005811272058291,0.9764278296988578,0.4065316718587746,0.8544132917964694,1,44,M,P,M-P,material-physicochemical mechanism,iTE-to-TG
4,C08389FD6C6,C9642D16DCA,moisture-gradient ion transport,graphene oxide,transport_mechanism,material_entity,0.0532318167388439,33,18,18,33,27,9,9,27,0.3333333333333333,17,5,22,3.6666666666666665,1.0,20,10,8,0.1860465116279069,2.335081248856851,594,1,1,0,0,1,0,4,4,8,1,2022,2023-2026,0,0.6053884691874172,0.2115090863594298,0.8944963655244029,0.5667497403946001,0.85067497403946,1,47,P,M,M-P,material-physicochemical mechanism,iTE-to-TG
5,C275FB7C4B0,CDF78985483,iodide/triiodide redox chemistry,nanocomposite,redox_chemistry,material_system,0.0422836877405643,21,21,21,21,18,13,13,18,0.7222222222222222,9,7,16,1.6666666666666667,0.3333333333333333,12,5,6,0.1666666666666666,2.1773512435933915,441,1,1,0,0,1,0,8,1,9,1,2022,2023-2026,0,0.8257901320070719,0.2306072519996929,0.9215991692627206,0.4946417445482866,0.8456905503634476,1,51,P,M,M-P,material-physicochemical mechanism,iTE-to-TG
6,C6210B1A223,C872881EC3C,reduced graphene oxide,gel-confined redox transport,material_entity,gel_microstructure,0.1178820580244064,7,19,7,19,3,8,3,8,0.375,3,8,11,1.0,2.6666666666666665,2,2,4,0.1818181818181818,1.1785180068361372,133,1,1,0,0,1,0,3,7,10,1,2022,2023-2026,0,0.9594734145558116,0.5642649718725038,0.9954309449636553,0.3376947040498442,0.8448598130841122,1,53,M,P,M-P,material-physicochemical mechanism,iTE-to-TG
7,C275FB7C4B0,C37031A3390,iodide/triiodide redox chemistry,cellulose,redox_chemistry,material_entity,0.0595256239175796,21,22,21,22,18,12,12,18,0.6666666666666666,9,10,19,1.6666666666666667,2.6666666666666665,12,5,6,0.1621621621621621,2.8500771091490877,462,1,1,0,0,1,0,8,1,9,1,2022,2023-2026,0,0.826813203596629,0.1974668134351632,0.8936656282450675,0.540301142263759,0.8388369678089305,0,59,P,M,M-P,material-physicochemical mechanism,iTE-to-TG
8,C10C4FF4B6C,C6181968680,hydrogen bonding,graphene,solvation_entropy,material_entity,0.157698780298233,18,28,18,28,8,19,8,19,0.4210526315789473,3,12,15,0.3333333333333333,3.0,18,10,5,0.1219512195121951,1.5318191509633117,504,1,1,0,0,1,0,5,6,11,1,2022,2023-2026,0,0.5663807239046155,0.2862358394313552,0.933852544132918,0.4262097611630321,0.8307372793354103,0,72,P,M,M-P,material-physicochemical mechanism,iTE-to-TG
9,C5DEA4DF37C,CFBB5A400A1,Zn4Sb3,cation-anion thermodiffusion asymmetry,material_entity,transport_mechanism,0.1335853636264801,8,8,8,8,5,5,5,5,1.0,4,3,7,1.0,0.6666666666666666,5,6,4,0.3333333333333333,1.1051071389349547,64,1,1,0,0,1,0,0,3,3,0,2022,2023-2026,0,0.8616884740516102,0.4080361890182934,0.9759086188992732,0.3382346832814122,0.8301142263759086,0,73,M,P,M-P,material-physicochemical mechanism,iTE-to-TG
10,C10C4FF4B6C,C4B2BA55977,hydrogen bonding,KNO3,solvation_entropy,material_entity,0.2269980609416961,18,10,10,18,8,2,2,8,0.25,3,2,5,0.3333333333333333,0.6666666666666666,18,2,4,0.1666666666666666,1.4185591805406457,180,1,1,0,0,1,0,5,2,7,1,2022,2023-2026,0,0.7261781767540666,0.3159362005580718,0.9511941848390448,0.3746313603322949,0.8299065420560748,0,74,P,M,M-P,material-physicochemical mechanism,iTE-to-TG
11,C275FB7C4B0,CCFD9A81EEE,iodide/triiodide redox chemistry,solid electrolyte,redox_chemistry,material_system,0.2095546275377273,21,11,11,21,18,8,8,18,0.4444444444444444,9,3,12,1.6666666666666667,0.6666666666666666,12,25,3,0.1034482758620689,1.270160320926264,231,1,1,0,0,1,0,8,1,9,1,2022,2023-2026,0,0.542204245845816,0.453712215566026,0.963343717549325,0.3369055036344755,0.8230529595015577,0,81,P,M,M-P,material-physicochemical mechanism,iTE-to-TG
12,C188B56F6F1,C37031A3390,ion-selectivity membrane transport,cellulose,transport_mechanism,material_entity,0.0976446121931076,42,22,22,42,23,12,12,23,0.5217391304347826,11,10,21,2.0,2.6666666666666665,23,5,13,0.2549019607843137,4.756471715471733,924,1,1,0,0,1,0,9,1,10,1,2022,2023-2026,0,0.5582512447609304,0.1441261687076688,0.8079958463136033,0.7150259605399791,0.8228452751817238,0,83,P,M,M-P,material-physicochemical mechanism,iTE-to-TG
13,C08389FD6C6,C621A7A9629,moisture-gradient ion transport,polyurethane (PU),transport_mechanism,material_entity,0.1246134117245674,33,8,8,33,27,5,5,27,0.1851851851851851,17,5,22,3.6666666666666665,1.6666666666666667,20,2,5,0.1388888888888889,1.698775499342468,264,1,1,0,0,1,0,4,0,4,0,2022,2023-2026,0,0.5967086396139302,0.2432206028789526,0.9175493250259604,0.4347248182762201,0.8209761163032192,0,86,P,M,M-P,material-physicochemical mechanism,iTE-to-TG
14,C3002C089A5,C5DEA4DF37C,ionic thermodiffusion (Soret effect),Zn4Sb3,transport_mechanism,material_entity,0.208962082862854,46,8,8,46,42,5,5,42,0.119047619047619,26,4,30,5.666666666666667,1.0,23,5,5,0.1020408163265306,1.5661793676429934,368,1,1,0,0,1,0,15,0,15,0,2022,2023-2026,0,0.8997082985653302,0.212302108458074,0.9110072689511942,0.4548078920041537,0.8209761163032191,0,87,P,M,M-P,material-physicochemical mechanism,iTE-to-TG
15,C3DA2C4151E,C539540C36B,aqueous electrolyte,nanochannel-confined ion transport,material_system,transport_mechanism,0.2443941533565521,7,16,7,16,2,4,2,4,0.5,1,3,4,0.3333333333333333,0.6666666666666666,9,4,6,0.3529411764705882,2.215525659089708,112,1,1,0,0,1,0,5,0,5,0,2022,2023-2026,0,0.8412801890175695,0.1836218018432559,0.880269989615784,0.5094704049844236,0.8186915887850468,0,88,M,P,M-P,material-physicochemical mechanism,iTE-to-TG
16,C438FE53FF1,CC5968B917E,lithium chloride (LiCl),convection and mass transport,material_entity,transport_mechanism,0.0610382929444313,6,11,6,11,4,8,4,8,0.5,2,2,4,0.3333333333333333,0.3333333333333333,23,23,4,0.3076923076923077,1.2639687680903082,66,1,1,0,0,1,0,2,11,13,1,2022,2023-2026,0,0.5891938567243437,0.319750267169071,0.9471443406022846,0.3278193146417445,0.8091381100726897,0,100,M,P,M-P,material-physicochemical mechanism,iTE-to-TG
17,C00DD823894,C77E2C49599,organic redox molecular design,bacterial cellulose,redox_chemistry,material_entity,0.1575884819030761,10,6,6,10,8,3,3,8,0.375,3,3,6,0.3333333333333333,1.0,9,0,3,0.2307692307692307,1.1922935469797256,60,1,1,0,0,1,0,2,0,2,0,2022,2023-2026,0,0.6893824508326661,0.3254034235498685,0.9537902388369678,0.3130633437175493,0.8076843198338526,0,105,P,M,M-P,material-physicochemical mechanism,iTE-to-TG
18,C7932B1CE8C,CAEB010ACF4,chaotropic polymer-water disruption,polyethylene glycol (PEG),gel_microstructure,material_entity,0.3453268408775329,17,20,17,20,4,7,4,7,0.5714285714285714,2,3,5,0.0,0.3333333333333333,4,8,4,0.1212121212121212,1.229943454600599,340,1,1,0,0,1,0,5,0,5,0,2022,2023-2026,0,0.6712769100706322,0.2344932653930945,0.915264797507788,0.3937590861889927,0.8060228452751818,0,106,P,M,M-P,material-physicochemical mechanism,iTE-to-TG
19,C3002C089A5,C438FE53FF1,ionic thermodiffusion (Soret effect),lithium chloride (LiCl),transport_mechanism,material_entity,0.2672818303108215,46,6,6,46,42,4,4,42,0.0952380952380952,26,2,28,5.666666666666667,0.3333333333333333,23,23,4,0.0833333333333333,1.468890200348567,276,1,1,0,0,1,0,15,2,17,1,2022,2023-2026,0,0.8440091852323031,0.2057799107327714,0.9029075804776738,0.4220041536863966,0.8047767393561787,0,107,P,M,M-P,material-physicochemical mechanism,iTE-to-TG
20,C590DF9EFD4,CBFAB31D6E6,organohydrogel,electrostatic interaction,material_system,solvation_entropy,0.1696915179491043,7,16,7,16,2,6,2,6,0.3333333333333333,2,3,5,0.6666666666666666,0.6666666666666666,1,7,3,0.15,1.300702432350314,112,1,1,0,0,1,0,1,1,2,1,2022,2023-2026,0,0.8168351475213933,0.2557290421459067,0.939460020768432,0.3008930425752855,0.7933541017653167,0,120,M,P,M-P,material-physicochemical mechanism,iTE-to-TG
21,C3F66DD37CA,C46747A02A1,H2O,ion-pairing and complexation,material_entity,solvation_entropy,0.3099153637886047,11,31,11,31,4,16,4,16,0.25,2,8,10,0.6666666666666666,1.0,8,11,3,0.0769230769230769,0.7756511767861864,341,1,1,0,0,1,0,2,4,6,1,2022,2023-2026,0,0.6931915318866938,0.2409935447409122,0.9204569055036343,0.3283800623052959,0.7852544132917965,0,131,M,P,M-P,material-physicochemical mechanism,iTE-to-TG
22,C6181968680,CE4B0E242E7,graphene,interfacial charge transfer,material_entity,electrode_interface,0.1916893571615219,28,35,28,35,19,21,19,21,0.9047619047619048,12,8,20,3.0,1.3333333333333333,10,29,6,0.1052631578947368,1.874663536226332,980,1,1,0,0,1,0,6,6,12,1,2022,2023-2026,0,0.5616589671702507,0.1644536954135359,0.8325025960539979,0.5134267912772585,0.7800623052959501,0,137,M,P,M-P,material-physicochemical mechanism,iTE-to-TG
23,C08389FD6C6,C5FBBE86551,moisture-gradient ion transport,polyvinylidene fluoride (PVDF),transport_mechanism,material_entity,0.1444381922483444,33,3,3,33,27,5,5,27,0.1851851851851851,17,4,21,3.6666666666666665,1.0,20,3,1,0.0285714285714285,0.6213349345596119,99,1,1,0,0,1,0,4,3,7,1,2022,2023-2026,0,0.8054084520052572,0.2958287318061833,0.9503634475597093,0.2067082035306334,0.7784008307372794,0,139,P,M,M-P,material-physicochemical mechanism,iTE-to-TG
24,C7507F5D319,C872881EC3C,ClO4,gel-confined redox transport,material_entity,gel_microstructure,0.15031498670578,4,19,4,19,2,8,2,8,0.25,2,8,10,0.6666666666666666,2.6666666666666665,0,2,2,0.0952380952380952,0.7463262895333811,76,1,1,0,0,1,0,0,7,7,0,2022,2023-2026,0,0.8944701862044853,0.2673783439371417,0.9469366562824506,0.2173520249221183,0.7777777777777778,0,140,M,P,M-P,material-physicochemical mechanism,iTE-to-TG
25,C188B56F6F1,C7B823B5BB0,ion-selectivity membrane transport,poly(vinyl alcohol) (PVA),transport_mechanism,material_entity,0.0639442130923271,42,22,22,42,23,11,11,23,0.4782608695652174,11,6,17,2.0,1.3333333333333333,23,8,9,0.1636363636363636,3.266469934721702,924,1,1,0,0,1,0,9,2,11,1,2022,2023-2026,0,0.4811457658363525,0.1354924110754466,0.7912772585669783,0.6157736240913809,0.7771547248182762,0,142,P,M,M-P,material-physicochemical mechanism,iTE-to-TG
1,C5E63317596,CE6FC512ED2,hierarchical porous electrode interface,dynamic crosslinked gel network,electrode_interface,gel_microstructure,0.2397240549325943,13,26,13,26,2,9,2,9,0.2222222222222222,2,7,9,0.6666666666666666,1.6666666666666667,0,3,8,0.2580645161290322,3.0837407420685117,338,1,1,0,0,0,1,2,2,4,1,2022,2023-2026,0,0.950083220529992,0.3244197074599976,0.9666666666666668,0.6236967808930425,0.9214953271028038,1,7,S,S,S-S,structure-structure,iTE-to-TG
2,C5E63317596,CB25BC3FC14,hierarchical porous electrode interface,double/interpenetrating network,electrode_interface,gel_microstructure,0.3161391615867615,13,10,10,13,2,2,2,2,1.0,2,2,4,0.6666666666666666,0.6666666666666666,0,0,8,0.5333333333333333,2.9563739365953947,130,1,1,0,0,0,1,2,1,3,1,2022,2023-2026,0,0.9895944107719586,0.2858665098246126,0.954932502596054,0.6031152647975078,0.906957424714434,1,13,S,S,S-S,structure-structure,iTE-to-TG
3,C5E63317596,CC028ABF9C6,hierarchical porous electrode interface,anti-freezing organohydrogel design,electrode_interface,gel_microstructure,0.194715604186058,13,37,13,37,2,15,2,15,0.1333333333333333,2,7,9,0.6666666666666666,1.0,0,15,7,0.1627906976744186,2.785271786336738,481,1,1,0,0,0,1,2,6,8,1,2022,2023-2026,0,0.9004925623416885,0.2577685937015552,0.9456905503634476,0.5569989615784008,0.8882658359293873,1,17,S,S,S-S,structure-structure,iTE-to-TG
1,C7932B1CE8C,CE6FC512ED2,chaotropic polymer-water disruption,dynamic crosslinked gel network,gel_microstructure,gel_microstructure,0.5335185527801514,17,26,17,26,4,9,4,9,0.4444444444444444,2,7,9,0.0,1.6666666666666667,4,3,6,0.1621621621621621,1.8415286885786948,442,1,1,1,0,0,1,5,2,7,1,2022,2023-2026,0,0.9439916165452352,0.4601528464020182,0.9869158878504672,0.5499273104880581,0.9125649013499482,1,10,P,S,S-P,structure-physicochemical mechanism,iTE-to-TG
2,C00DD823894,C84C6A613D4,organic redox molecular design,cellulose nanofiber scaffold,redox_chemistry,gel_microstructure,0.1698009669780731,10,25,10,25,8,17,8,17,0.4705882352941176,3,15,18,0.3333333333333333,4.333333333333333,9,5,5,0.1666666666666666,2.096654183757269,250,1,1,0,0,0,1,2,3,5,1,2022,2023-2026,0,0.8986580895567845,0.4143333568718105,0.9791277258566976,0.4791277258566977,0.8836967808930426,1,23,P,S,S-P,structure-physicochemical mechanism,iTE-to-TG
3,CBFAB31D6E6,CC028ABF9C6,electrostatic interaction,anti-freezing organohydrogel design,solvation_entropy,gel_microstructure,0.1755702495574951,16,37,16,37,6,15,6,15,0.4,3,7,10,0.6666666666666666,1.0,7,15,7,0.1521739130434782,2.590251951506251,592,1,1,0,0,0,1,1,6,7,1,2022,2023-2026,0,0.8221562512242183,0.2475881390839165,0.9343717549325026,0.5444859813084112,0.8735202492211839,1,31,P,S,S-P,structure-physicochemical mechanism,iTE-to-TG
4,C188B56F6F1,CE6FC512ED2,ion-selectivity membrane transport,dynamic crosslinked gel network,transport_mechanism,gel_microstructure,0.0943566262722015,42,26,26,42,23,9,9,23,0.391304347826087,11,7,18,2.0,1.6666666666666667,23,3,13,0.2363636363636363,4.858072863957723,1092,1,1,0,0,0,1,9,2,11,1,2022,2023-2026,0,0.7934521636343752,0.1810382265203441,0.8731048805815161,0.708006230529595,0.8726895119418484,1,33,P,S,S-P,structure-physicochemical mechanism,iTE-to-TG
5,C539540C36B,C84C6A613D4,nanochannel-confined ion transport,cellulose nanofiber scaffold,transport_mechanism,gel_microstructure,0.1793832927942276,16,25,16,25,4,17,4,17,0.2352941176470588,3,15,18,0.6666666666666666,4.333333333333333,4,5,6,0.1714285714285714,2.418756534179653,400,1,1,0,0,0,1,0,3,3,0,2022,2023-2026,0,0.7548816616632528,0.2019361908701334,0.8946002076843198,0.5431775700934579,0.8425752855659397,1,54,P,S,S-P,structure-physicochemical mechanism,iTE-to-TG
6,C8AD5B453CC,CE6FC512ED2,ion diffusion,dynamic crosslinked gel network,transport_mechanism,gel_microstructure,0.1230416148900985,42,26,26,42,19,9,9,19,0.4736842105263157,12,7,19,3.0,1.6666666666666667,23,3,9,0.1525423728813559,2.8481035416996514,1092,1,1,0,0,0,1,2,2,4,1,2022,2023-2026,0,0.6488465992342152,0.1838275554089788,0.8711318795430945,0.6152855659397716,0.8415368639667704,0,55,P,S,S-P,structure-physicochemical mechanism,iTE-to-TG
7,C78D65254F9,CE6FC512ED2,phase transition,dynamic crosslinked gel network,phase_or_species_transition,gel_microstructure,0.1206558123230934,51,26,26,51,48,9,9,48,0.1875,17,7,24,1.3333333333333333,1.6666666666666667,19,3,7,0.1,2.1645319653943846,1326,1,1,0,0,0,1,5,2,7,1,2022,2023-2026,0,0.2895676581633196,0.2363529219935039,0.8936656282450675,0.5369262720664589,0.8373831775700935,0,63,P,S,S-P,structure-physicochemical mechanism,iTE-to-TG
8,C188B56F6F1,CB25BC3FC14,ion-selectivity membrane transport,double/interpenetrating network,transport_mechanism,gel_microstructure,0.1780344545841217,42,10,10,42,23,2,2,23,0.0869565217391304,11,2,13,2.0,0.6666666666666666,23,0,8,0.1818181818181818,3.2053596699879887,420,1,1,0,0,0,1,9,1,10,1,2022,2023-2026,0,0.8863103485165811,0.1564126366433267,0.8360332294911734,0.5988265835929387,0.8083073727933541,0,102,P,S,S-P,structure-physicochemical mechanism,iTE-to-TG
9,C188B56F6F1,CC028ABF9C6,ion-selectivity membrane transport,anti-freezing organohydrogel design,transport_mechanism,gel_microstructure,0.0663753226399421,42,37,37,42,23,15,15,23,0.6521739130434783,11,7,18,2.0,1.0,23,15,15,0.234375,5.528493038902948,1554,1,1,0,0,0,1,9,6,15,1,2022,2023-2026,0,0.6396960049273387,0.1238612330730984,0.7838006230529595,0.7271651090342678,0.7995846313603323,0,114,P,S,S-P,structure-physicochemical mechanism,iTE-to-TG
10,C845F498233,CC028ABF9C6,ion-dipole interaction,anti-freezing organohydrogel design,solvation_entropy,gel_microstructure,0.1170232370495796,5,37,5,37,2,15,2,15,0.1333333333333333,1,7,8,0.0,1.0,3,15,3,0.0769230769230769,1.2770017069738362,185,1,1,0,0,0,1,1,6,7,1,2022,2023-2026,0,0.8777502555710434,0.2589270910211281,0.9447559709241952,0.2689096573208723,0.788785046728972,0,125,P,S,S-P,structure-physicochemical mechanism,iTE-to-TG
11,C8AD5B453CC,CC028ABF9C6,ion diffusion,anti-freezing organohydrogel design,transport_mechanism,gel_microstructure,0.0207484699785709,42,37,37,42,19,15,15,19,0.7894736842105263,12,7,19,3.0,1.0,23,15,11,0.1617647058823529,3.378041676703299,1554,1,1,0,0,0,1,2,6,8,1,2022,2023-2026,0,0.4510470368682472,0.0954803940231253,0.7148494288681204,0.6506438213914849,0.7246105919003116,0,211,P,S,S-P,structure-physicochemical mechanism,iTE-to-TG
12,C41DA9D5B12,CB56BB4DDB0,convection-resolved resistance decomposition,carbon-electrode redox interface,transport_mechanism,electrode_interface,0.2254849970340728,6,13,6,13,2,5,2,5,0.4,1,1,2,0.3333333333333333,-0.3333333333333333,9,9,5,0.3571428571428571,1.7956414546712267,78,1,1,0,0,0,1,1,7,8,1,2022,2023-2026,0,0.9535427558827496,0.120920908962356,0.7914849428868121,0.4391173416407061,0.7196261682242991,0,221,P,S,S-P,structure-physicochemical mechanism,iTE-to-TG
13,C520B85DE7A,C84C6A613D4,grain-boundary scattering,cellulose nanofiber scaffold,solid_state_mechanism,gel_microstructure,0.1304157078266143,6,25,6,25,3,17,3,17,0.1764705882352941,2,15,17,0.6666666666666666,4.333333333333333,6,5,3,0.1071428571428571,1.3733217123462054,150,1,1,0,0,0,1,0,3,3,0,2022,2023-2026,0,0.8255122863789263,0.1448964534689882,0.822429906542056,0.3159916926272066,0.7038421599169263,0,241,P,S,S-P,structure-physicochemical mechanism,iTE-to-TG
14,CBF24CD6AF1,CE6FC512ED2,electronic-structure modulation,dynamic crosslinked gel network,solid_state_mechanism,gel_microstructure,0.2454649806022644,74,26,26,74,147,9,9,147,0.0612244897959183,51,7,58,5.0,1.6666666666666667,29,3,8,0.0869565217391304,2.343831177409523,1924,1,1,0,0,0,1,0,2,2,0,2022,2023-2026,0,0.0119540912991952,0.0953176858217576,0.6545171339563863,0.6336344755970924,0.674558670820353,0,269,P,S,S-P,structure-physicochemical mechanism,iTE-to-TG
15,CE6FC512ED2,CF4A6A0344F,dynamic crosslinked gel network,ion migration,gel_microstructure,transport_mechanism,0.1257532238960266,26,27,26,27,9,17,9,17,0.5294117647058824,7,9,16,1.6666666666666667,2.3333333333333335,3,29,4,0.0816326530612244,1.0154089147014378,702,1,1,0,0,0,1,2,1,3,1,2022,2023-2026,0,0.383673016755771,0.1139175597003638,0.7470404984423675,0.3451401869158879,0.6523364485981308,0,290,S,P,S-P,structure-physicochemical mechanism,iTE-to-TG
16,C84C6A613D4,CC3BA67827F,cellulose nanofiber scaffold,ionic-electronic coupling,gel_microstructure,transport_mechanism,0.0583490058779716,25,39,25,39,17,27,17,27,0.6296296296296297,15,11,26,4.333333333333333,2.3333333333333335,5,29,6,0.1034482758620689,1.6852679259379464,975,1,1,0,0,0,1,3,0,3,0,2022,2023-2026,0,0.4823569939580355,0.0466765213123826,0.5764278296988578,0.4740913811007269,0.5609553478712357,0,400,S,P,S-P,structure-physicochemical mechanism,iTE-to-TG
17,C41DA9D5B12,C696BC0A1E1,convection-resolved resistance decomposition,carbon electrode,transport_mechanism,electrode_interface,0.2150699943304062,6,10,6,10,2,3,2,3,0.6666666666666666,1,0,1,0.3333333333333333,-0.3333333333333333,9,9,4,0.3333333333333333,1.4900289614550308,60,1,1,0,0,0,1,1,1,2,1,2022,2023-2026,0,0.9216710492620056,0.0325082768460212,0.515472481827622,0.3771028037383177,0.4803738317757008,0,491,P,S,S-P,structure-physicochemical mechanism,iTE-to-TG
18,CBF24CD6AF1,CC028ABF9C6,electronic-structure modulation,anti-freezing organohydrogel design,solid_state_mechanism,gel_microstructure,0.0898027494549751,74,37,37,74,147,15,15,147,0.1020408163265306,51,7,58,5.0,1.0,29,15,14,0.1443298969072164,4.32520640757402,2738,1,1,0,0,0,1,0,6,6,0,2022,2023-2026,0,0.0030867139883522,0.0195691858355939,0.305607476635514,0.7226375908618898,0.4137071651090342,0,584,P,S,S-P,structure-physicochemical mechanism,iTE-to-TG
19,CC028ABF9C6,CC3BA67827F,anti-freezing organohydrogel design,ionic-electronic coupling,gel_microstructure,transport_mechanism,0.0300060156732797,37,39,37,39,15,27,15,27,0.5555555555555556,7,11,18,1.0,2.3333333333333335,15,29,9,0.1343283582089552,2.5422023511805247,1443,1,1,0,0,0,1,6,0,6,0,2022,2023-2026,0,0.052373771185314,0.0195595648832536,0.3265835929387332,0.5820249221183801,0.3875389408099688,0,624,S,P,S-P,structure-physicochemical mechanism,iTE-to-TG
20,C84C6A613D4,CBF24CD6AF1,cellulose nanofiber scaffold,electronic-structure modulation,gel_microstructure,solid_state_mechanism,0.1204525083303451,25,74,25,74,17,147,17,147,0.1156462585034013,15,51,66,4.333333333333333,5.0,5,29,9,0.1,2.7738541666599237,1850,1,1,0,0,0,1,3,0,3,0,2022,2023-2026,0,0.02210891433518,0.0117332794037689,0.238006230529595,0.6313811007268952,0.3300103842159916,0,701,S,P,S-P,structure-physicochemical mechanism,iTE-to-TG
21,CC028ABF9C6,CFE4361F368,anti-freezing organohydrogel design,charge-carrier mobility,gel_microstructure,solid_state_mechanism,0.0776493921875953,37,43,37,43,15,36,15,36,0.4166666666666667,7,13,20,1.0,1.6666666666666667,15,27,9,0.1267605633802817,2.7504249282609132,1591,1,1,0,0,0,1,6,0,6,0,2022,2023-2026,0,0.0433286542142572,0.0065294307133464,0.1589823468328141,0.5997507788161993,0.2573208722741433,0,788,S,P,S-P,structure-physicochemical mechanism,iTE-to-TG
1,C08389FD6C6,C539540C36B,moisture-gradient ion transport,nanochannel-confined ion transport,transport_mechanism,transport_mechanism,0.6501357555389404,33,16,16,33,27,4,4,27,0.1481481481481481,17,3,20,3.6666666666666665,0.6666666666666666,20,4,8,0.1951219512195122,3.1134003247576834,528,1,1,1,0,0,1,4,0,4,0,2022,2023-2026,0,0.8180222194440772,0.2494564107829099,0.9349948078920042,0.7083800623052959,0.9235721703011422,1,5,P,P,P-P,physicochemical mechanism-physicochemical mechanism,iTE-to-TG
2,C275FB7C4B0,CBFAB31D6E6,iodide/triiodide redox chemistry,electrostatic interaction,redox_chemistry,solvation_entropy,0.2178097069263458,21,16,16,21,18,6,6,18,0.3333333333333333,9,3,12,1.6666666666666667,0.6666666666666666,12,7,5,0.15625,1.8482468388345727,336,1,1,0,0,0,1,8,1,9,1,2022,2023-2026,0,0.9274401609974112,0.5729677791034676,0.9947040498442368,0.468307372793354,0.8899273104880582,1,15,P,P,P-P,physicochemical mechanism-physicochemical mechanism,iTE-to-TG
3,C00DD823894,C275FB7C4B0,organic redox molecular design,iodide/triiodide redox chemistry,redox_chemistry,redox_chemistry,0.5952603220939636,10,21,10,21,8,18,8,18,0.4444444444444444,3,9,12,0.3333333333333333,1.6666666666666667,9,12,4,0.1481481481481481,1.5207522857327769,210,1,1,1,0,0,1,2,8,10,1,2022,2023-2026,0,0.9263125748199856,0.5405365877390012,0.9908618899273104,0.4580581516095534,0.8834890965732087,1,24,P,P,P-P,physicochemical mechanism-physicochemical mechanism,iTE-to-TG
4,C3002C089A5,CC5968B917E,ionic thermodiffusion (Soret effect),convection and mass transport,transport_mechanism,transport_mechanism,0.3277872204780578,46,11,11,46,42,8,8,42,0.1904761904761904,26,2,28,5.666666666666667,0.3333333333333333,23,23,6,0.1176470588235294,2.2548455210090523,506,1,1,1,0,0,1,15,11,26,1,2022,2023-2026,0,0.9764900437374054,0.2181613752370994,0.92263759086189,0.5793561786085151,0.8755970924195222,1,27,P,P,P-P,physicochemical mechanism-physicochemical mechanism,iTE-to-TG
5,C8AD5B453CC,CC5968B917E,ion diffusion,convection and mass transport,transport_mechanism,transport_mechanism,0.5085238218307495,42,11,11,42,19,8,8,19,0.4210526315789473,12,2,14,3.0,0.3333333333333333,23,23,7,0.1521739130434782,2.6340514668758495,462,1,1,1,0,0,1,2,11,13,1,2022,2023-2026,0,0.7827356413103684,0.2062317679197527,0.9004153686396678,0.6210176531671858,0.8701973001038422,1,36,P,P,P-P,physicochemical mechanism-physicochemical mechanism,iTE-to-TG
6,C10D3798CF7,CF203EF8121,selective solvation,Eastman entropy of transfer,solvation_entropy,solvation_entropy,0.6834225654602051,9,10,9,10,3,7,3,7,0.4285714285714285,2,2,4,0.3333333333333333,-1.0,3,5,3,0.1875,1.01657498481083,90,1,1,1,0,0,1,6,2,8,1,2022,2023-2026,0,0.9789773108440224,0.5922708165384112,0.998442367601246,0.3695950155763239,0.8581516095534788,1,43,P,P,P-P,physicochemical mechanism-physicochemical mechanism,iTE-to-TG
7,C5E47CC0A62,CBFAB31D6E6,Hofmeister/chaotropic effect,electrostatic interaction,gel_microstructure,solvation_entropy,0.3215691447257995,12,16,12,16,3,6,3,6,0.5,2,3,5,0.3333333333333333,0.6666666666666666,4,7,3,0.12,1.41217117033822,192,1,1,0,0,0,1,2,1,3,1,2022,2023-2026,0,0.9218294017334904,0.4930960184064328,0.9875389408099688,0.3585877466251298,0.8471443406022846,1,50,P,P,P-P,physicochemical mechanism-physicochemical mechanism,iTE-to-TG
8,C2378F90E64,C6C09287FDB,anharmonic phonon transport,high-entropy redox/ion coupling,solid_state_mechanism,solvation_entropy,0.2587409019470215,29,7,7,29,29,4,4,29,0.1379310344827586,16,4,20,2.6666666666666665,1.3333333333333333,9,2,4,0.125,1.3239829346412966,203,1,1,0,0,0,1,0,2,2,0,2022,2023-2026,0,0.8208572849176621,0.302713107035574,0.9538940809968848,0.4052959501557631,0.8400830737279334,0,57,P,P,P-P,physicochemical mechanism-physicochemical mechanism,iTE-to-TG
9,C188B56F6F1,C275FB7C4B0,ion-selectivity membrane transport,iodide/triiodide redox chemistry,transport_mechanism,redox_chemistry,0.2424048036336898,42,21,21,42,23,18,18,23,0.782608695652174,11,9,20,2.0,1.6666666666666667,23,12,6,0.1052631578947368,2.4145030065821755,882,1,1,0,0,0,1,9,8,17,1,2022,2023-2026,0,0.8827860732692789,0.183148002249247,0.8814122533748702,0.5657009345794392,0.8398753894080997,0,58,P,P,P-P,physicochemical mechanism-physicochemical mechanism,iTE-to-TG
10,C78D65254F9,CBFAB31D6E6,phase transition,electrostatic interaction,phase_or_species_transition,solvation_entropy,0.2095927000045776,51,16,16,51,48,6,6,48,0.125,17,3,20,1.3333333333333333,0.6666666666666666,19,7,5,0.0806451612903225,1.3401376559500775,816,1,1,0,0,0,1,5,1,6,1,2022,2023-2026,0,0.3246679447155097,0.3484122081161998,0.9369678089304256,0.4387227414330217,0.8373831775700935,0,64,P,P,P-P,physicochemical mechanism-physicochemical mechanism,iTE-to-TG
11,C08389FD6C6,C96681C9193,moisture-gradient ion transport,ion channels,transport_mechanism,transport_mechanism,0.6929123401641846,33,12,12,33,27,2,2,27,0.074074074074074,17,1,18,3.6666666666666665,0.0,20,3,6,0.1538461538461538,1.7120376366818153,396,1,1,1,0,0,1,4,1,5,1,2022,2023-2026,0,0.9104131534818768,0.1777618423249873,0.8740394600207684,0.5676635514018691,0.8334371754932502,0,70,P,P,P-P,physicochemical mechanism-physicochemical mechanism,iTE-to-TG
12,C555F4672C1,C6C09287FDB,configurational-entropy modulation,high-entropy redox/ion coupling,phase_or_species_transition,solvation_entropy,0.6008002758026123,7,7,7,7,4,4,4,4,1.0,3,4,7,0.6666666666666666,1.3333333333333333,4,2,2,0.1666666666666666,0.5092763869829747,49,1,1,0,0,0,1,0,2,2,0,2022,2023-2026,0,0.9744041591024536,0.4268321192068957,0.9851505711318796,0.3087954309449636,0.8261682242990654,0,78,P,P,P-P,physicochemical mechanism-physicochemical mechanism,iTE-to-TG
13,C63ED77BD64,C6C09287FDB,band engineering,high-entropy redox/ion coupling,solid_state_mechanism,solvation_entropy,0.1596034616231918,8,7,7,8,5,4,4,5,0.8,4,4,8,1.0,1.3333333333333333,3,2,3,0.25,0.8062505913563448,56,1,1,0,0,0,1,0,2,2,0,2022,2023-2026,0,0.9518803519578518,0.5043145319544086,0.9904465212876428,0.2968847352024922,0.8259605399792316,0,79,P,P,P-P,physicochemical mechanism-physicochemical mechanism,iTE-to-TG
14,C78D65254F9,CC5968B917E,phase transition,convection and mass transport,phase_or_species_transition,transport_mechanism,0.2148225903511047,51,11,11,51,48,8,8,48,0.1666666666666666,17,2,19,1.3333333333333333,0.3333333333333333,19,23,4,0.0689655172413793,1.5773058829045128,561,1,1,0,0,0,1,5,11,16,1,2022,2023-2026,0,0.4395143075193229,0.2893513044343302,0.9275181723779854,0.4183385254413291,0.8228452751817238,0,82,P,P,P-P,physicochemical mechanism-physicochemical mechanism,iTE-to-TG
15,C188B56F6F1,C96681C9193,ion-selectivity membrane transport,ion channels,transport_mechanism,transport_mechanism,0.8086344003677368,42,12,12,42,23,2,2,23,0.0869565217391304,11,1,12,2.0,0.0,23,3,10,0.2272727272727272,3.8620242321709775,504,1,1,1,0,0,1,9,1,10,1,2022,2023-2026,0,0.9130931613796864,0.1220168068119432,0.7919003115264798,0.7436656282450675,0.8153686396677051,0,91,P,P,P-P,physicochemical mechanism-physicochemical mechanism,iTE-to-TG
16,C8AD5B453CC,C96681C9193,ion diffusion,ion channels,transport_mechanism,transport_mechanism,0.7847217321395874,42,12,12,42,19,2,2,19,0.1052631578947368,12,1,13,3.0,0.0,23,3,11,0.2558139534883721,4.134982652580375,504,1,1,1,0,0,1,2,1,3,1,2022,2023-2026,0,0.8441430533167902,0.1156283892863053,0.7777777777777778,0.7651194184839043,0.801453790238837,0,110,P,P,P-P,physicochemical mechanism-physicochemical mechanism,iTE-to-TG
17,C8AD5B453CC,CF203EF8121,ion diffusion,Eastman entropy of transfer,transport_mechanism,solvation_entropy,0.4624205827713012,42,10,10,42,19,7,7,19,0.3684210526315789,12,2,14,3.0,-1.0,23,5,2,0.04,0.575847237008349,420,1,1,0,0,0,1,2,2,4,1,2022,2023-2026,0,0.8179261572977359,0.2455766740290092,0.93208722741433,0.3325752855659398,0.7960539979231568,0,116,P,P,P-P,physicochemical mechanism-physicochemical mechanism,iTE-to-TG
18,C58F3B85353,CA8C62A4868,thermoresponsive micellization p/n conversion,redox reaction entropy,phase_or_species_transition,solvation_entropy,0.2518406510353088,4,19,4,19,2,7,2,7,0.2857142857142857,1,4,5,0.0,0.6666666666666666,5,8,1,0.0454545454545454,0.4342944819032517,76,1,1,0,0,0,1,1,11,12,1,2022,2023-2026,0,0.9731967048612172,0.3793763050191564,0.9765316718587748,0.1853790238836967,0.7923156801661475,0,121,P,P,P-P,physicochemical mechanism-physicochemical mechanism,iTE-to-TG
19,C10C4FF4B6C,C6775C55BEF,hydrogen bonding,superionic transition,solvation_entropy,solid_state_mechanism,0.2744835317134857,18,14,14,18,8,15,8,15,0.5333333333333333,3,2,5,0.3333333333333333,-0.6666666666666666,18,18,3,0.1034482758620689,0.7615705021281693,252,1,1,0,0,0,1,5,0,5,0,2022,2023-2026,0,0.4559298559063492,0.2993766545690322,0.9329179646936656,0.3017653167185877,0.7869158878504673,0,126,P,P,P-P,physicochemical mechanism-physicochemical mechanism,iTE-to-TG
20,C08389FD6C6,CF4A6A0344F,moisture-gradient ion transport,ion migration,transport_mechanism,transport_mechanism,0.7488869428634644,33,27,27,33,27,17,17,27,0.6296296296296297,17,9,26,3.6666666666666665,2.3333333333333335,20,29,7,0.1320754716981132,3.2209853676979443,891,1,1,1,0,0,1,4,1,5,1,2022,2023-2026,0,0.4958060028427103,0.1104226947067802,0.7461059190031152,0.699730010384216,0.7682242990654206,0,150,P,P,P-P,physicochemical mechanism-physicochemical mechanism,iTE-to-TG
21,C8AD5B453CC,CF4A6A0344F,ion diffusion,ion migration,transport_mechanism,transport_mechanism,0.8940117955207825,42,27,27,42,19,17,17,19,0.8947368421052632,12,9,21,3.0,2.3333333333333335,23,29,14,0.2545454545454545,4.6053291613333736,1134,1,1,1,0,0,1,2,1,3,1,2022,2023-2026,0,0.3865386905431079,0.0982588197214663,0.7147455867082035,0.8345898234683281,0.7669781931464175,0,151,P,P,P-P,physicochemical mechanism-physicochemical mechanism,iTE-to-TG
22,C2378F90E64,CBFAB31D6E6,anharmonic phonon transport,electrostatic interaction,solid_state_mechanism,solvation_entropy,0.2223376184701919,29,16,16,29,29,6,6,29,0.2068965517241379,16,3,19,2.6666666666666665,0.6666666666666666,9,7,6,0.1538461538461538,1.6581719899429903,464,1,1,0,0,0,1,0,1,1,0,2022,2023-2026,0,0.642823303375453,0.1340330521985961,0.7980269989615785,0.5060332294911734,0.7511941848390447,0,172,P,P,P-P,physicochemical mechanism-physicochemical mechanism,iTE-to-TG
23,C275FB7C4B0,C520B85DE7A,iodide/triiodide redox chemistry,grain-boundary scattering,redox_chemistry,solid_state_mechanism,0.0693268179893493,21,6,6,21,18,3,3,18,0.1666666666666666,9,2,11,1.6666666666666667,0.6666666666666666,12,6,3,0.125,1.35553044087296,126,1,1,0,0,0,1,8,0,8,0,2022,2023-2026,0,0.8761354327548709,0.1919073180621678,0.8913811007268951,0.2913084112149532,0.7509865005192108,0,173,P,P,P-P,physicochemical mechanism-physicochemical mechanism,iTE-to-TG
24,C520B85DE7A,CB314592CFB,grain-boundary scattering,precipitation and species redistribution,solid_state_mechanism,phase_or_species_transition,0.2160434126853943,6,11,6,11,3,5,3,5,0.6,2,3,5,0.6666666666666666,1.0,6,6,1,0.0625,0.369269373068855,66,1,1,0,0,0,1,0,0,0,0,2022,2023-2026,0,0.8629208160129401,0.2170095082422178,0.912564901349948,0.1727933541017653,0.738110072689512,0,187,P,P,P-P,physicochemical mechanism-physicochemical mechanism,iTE-to-TG
25,CB727037BDD,CBFAB31D6E6,lattice thermal-conductivity suppression,electrostatic interaction,solid_state_mechanism,solvation_entropy,0.1975789666175842,37,16,16,37,54,6,6,54,0.1111111111111111,25,3,28,3.6666666666666665,0.6666666666666666,18,7,6,0.1276595744680851,1.6459932794383136,592,1,1,0,0,0,1,0,1,1,0,2022,2023-2026,0,0.3717684887512013,0.1311225700737035,0.7779854620976118,0.5042782969885774,0.7273104880581516,0,203,P,P,P-P,physicochemical mechanism-physicochemical mechanism,iTE-to-TG
1,C275FB7C4B0,CEA29EF1A99,iodide/triiodide redox chemistry,thermal-gradient heat-transfer control,redox_chemistry,device_mechanism,0.0168948471546173,21,16,16,21,18,13,13,18,0.7222222222222222,9,7,16,1.6666666666666667,1.0,12,9,7,0.2333333333333333,2.457605129395706,336,1,1,0,0,0,1,8,8,16,1,2022,2023-2026,0,0.9721801877706472,0.5190447962168796,0.9922118380062306,0.5382242990654206,0.911318795430945,1,11,P,O,other,device/other,iTE-to-TG
2,C3002C089A5,CEA29EF1A99,ionic thermodiffusion (Soret effect),thermal-gradient heat-transfer control,transport_mechanism,device_mechanism,0.3174004256725311,46,16,16,46,42,13,13,42,0.3095238095238095,26,7,33,5.666666666666667,1.0,23,9,4,0.0689655172413793,1.2731551386780593,736,1,1,0,0,0,1,15,8,23,1,2022,2023-2026,0,0.9876459198544298,0.3574691059633151,0.9763239875389408,0.4581931464174454,0.8728971962616823,1,32,P,O,other,device/other,iTE-to-TG
3,C8AD5B453CC,CBA7A0F0CA3,ion diffusion,thermogalvanic redox conversion,transport_mechanism,device_mechanism,0.1931621432304382,42,24,24,42,19,11,11,19,0.5789473684210527,12,7,19,3.0,1.0,23,5,6,0.1,2.1645995232212902,1008,1,1,0,0,0,1,2,41,43,1,2022,2023-2026,0,0.9984846563510884,0.235190090911337,0.933644859813084,0.5308930425752856,0.8656282450674975,1,40,P,O,other,device/other,iTE-to-TG
4,CBFAB31D6E6,CEA29EF1A99,electrostatic interaction,thermal-gradient heat-transfer control,solvation_entropy,device_mechanism,0.0281407237052917,16,16,16,16,6,13,6,13,0.4615384615384615,3,7,10,0.6666666666666666,1.0,7,9,4,0.1428571428571428,1.603729634755778,256,1,1,0,0,0,1,1,8,9,1,2022,2023-2026,0,0.893202432383015,0.5589016573385933,0.9907580477673936,0.3603115264797507,0.8498442367601247,1,49,P,O,other,device/other,iTE-to-TG
5,C188B56F6F1,CEA29EF1A99,ion-selectivity membrane transport,thermal-gradient heat-transfer control,transport_mechanism,device_mechanism,0.167332261800766,42,16,16,42,23,13,13,23,0.5652173913043478,11,7,18,2.0,1.0,23,9,3,0.0545454545454545,1.0906234997787672,672,1,1,0,0,0,1,9,8,17,1,2022,2023-2026,0,0.8953632566099933,0.4178986766230045,0.9797507788161994,0.3411838006230528,0.8361370716510903,0,68,P,O,other,device/other,iTE-to-TG
6,C5B8C057FAD,CEA29EF1A99,metal oxide,thermal-gradient heat-transfer control,material_system,device_mechanism,0.0298880506306886,13,16,13,16,9,13,9,13,0.6923076923076923,4,7,11,1.0,1.0,21,9,3,0.1153846153846153,1.4085515361209875,208,1,1,0,0,1,0,2,8,10,1,2022,2023-2026,0,0.7166775867406846,0.3811276340441318,0.963447559709242,0.3030218068535826,0.8122533748701973,0,93,M,O,other,device/other,iTE-to-TG
7,CDF78985483,CEA29EF1A99,nanocomposite,thermal-gradient heat-transfer control,material_system,device_mechanism,-0.0277387537062168,21,16,16,21,13,13,13,13,1.0,7,7,14,0.3333333333333333,1.0,5,9,3,0.088235294117647,0.9098267813161924,336,1,1,0,0,1,0,1,8,9,1,2022,2023-2026,0,0.7856931462331549,0.2534027393904812,0.936967808930426,0.2798026998961578,0.7858774662512981,0,129,M,O,other,device/other,iTE-to-TG
8,C2378F90E64,CEA29EF1A99,anharmonic phonon transport,thermal-gradient heat-transfer control,solid_state_mechanism,device_mechanism,0.4215161502361297,29,16,16,29,29,13,13,29,0.4482758620689655,16,7,23,2.6666666666666665,1.0,9,9,4,0.0975609756097561,1.1402524837791197,464,1,1,0,0,0,1,0,8,8,0,2022,2023-2026,0,0.8605687591287325,0.163637216314589,0.8467289719626169,0.4471858774662512,0.7667705088265836,0,152,P,O,other,device/other,iTE-to-TG
9,C3848258807,CEA29EF1A99,Al2O3,thermal-gradient heat-transfer control,material_entity,device_mechanism,-0.003877175040543,8,16,8,16,8,13,8,13,0.6153846153846154,3,7,10,0.6666666666666666,1.0,27,9,1,0.0434782608695652,0.267546386419054,128,1,1,0,0,1,0,0,8,8,0,2022,2023-2026,0,0.4088839849546183,0.1748876309662874,0.8433021806853583,0.1481931464174454,0.683073727933541,0,261,M,O,other,device/other,iTE-to-TG
10,C9AFE334F36,CEA29EF1A99,phonon scattering,thermal-gradient heat-transfer control,solid_state_mechanism,device_mechanism,0.3997048735618591,49,16,16,49,49,13,13,49,0.2653061224489796,18,7,25,1.6666666666666667,1.0,29,9,7,0.1206896551724138,2.6199550214164273,784,1,1,0,0,0,1,0,8,8,0,2022,2023-2026,0,0.2151208324608975,0.0539125639549748,0.5835929387331257,0.6338836967808931,0.6174454828660436,0,334,P,O,other,device/other,iTE-to-TG
11,CB02CED7099,CEA29EF1A99,carrier-concentration optimization,thermal-gradient heat-transfer control,solid_state_mechanism,device_mechanism,0.2621484696865082,63,16,16,63,83,13,13,83,0.1566265060240964,28,7,35,2.6666666666666665,1.0,30,9,8,0.1126760563380281,3.0250498853167795,1008,1,1,0,0,0,1,0,8,8,0,2022,2023-2026,0,0.0752274442771263,0.053700167886794,0.5607476635514018,0.6594807892004153,0.6070612668743509,0,349,P,O,other,device/other,iTE-to-TG
