layer_rank,concept_u_id,concept_v_id,concept_u,concept_v,u_type,v_type,semantic_similarity,degree_u,degree_v,degree_min,degree_max,document_frequency_u,document_frequency_v,frequency_min,frequency_max,frequency_balance,recent_frequency_u,recent_frequency_v,recent_frequency_sum,trend_u,trend_v,age_u,age_v,common_neighbors,jaccard,adamic_adar,preferential_attachment,shortest_path,same_component,same_type,material_material_pair,material_mechanism_pair,mechanism_mechanism_pair,tg_history_frequency_u,tg_history_frequency_v,tg_history_frequency_sum,tg_both_concepts_seen,cutoff_year,future_window,future_edge_label,logistic_score,random_forest_score,ml_score,graph_score,hybrid_score,predicted_class,hybrid_rank,concept_u_layer,concept_v_layer,pair_layer,pair_layer_name
1,C275FB7C4B0,CEA29EF1A99,iodide/triiodide redox chemistry,thermal-gradient heat-transfer control,redox_chemistry,device_mechanism,0.0168948471546173,21,16,16,21,18,13,13,18,0.7222222222222222,9,7,16,1.6666666666666667,1.0,12,9,7,0.2333333333333333,2.457605129395706,336,1,1,0,0,0,1,8,8,16,1,2022,2023-2026,0,0.9721801877706472,0.5190447962168796,0.9922118380062306,0.5382242990654206,0.911318795430945,1,11,P,O,other,device/other
2,C3002C089A5,CEA29EF1A99,ionic thermodiffusion (Soret effect),thermal-gradient heat-transfer control,transport_mechanism,device_mechanism,0.3174004256725311,46,16,16,46,42,13,13,42,0.3095238095238095,26,7,33,5.666666666666667,1.0,23,9,4,0.0689655172413793,1.2731551386780593,736,1,1,0,0,0,1,15,8,23,1,2022,2023-2026,0,0.9876459198544298,0.3574691059633151,0.9763239875389408,0.4581931464174454,0.8728971962616823,1,32,P,O,other,device/other
3,C8AD5B453CC,CBA7A0F0CA3,ion diffusion,thermogalvanic redox conversion,transport_mechanism,device_mechanism,0.1931621432304382,42,24,24,42,19,11,11,19,0.5789473684210527,12,7,19,3.0,1.0,23,5,6,0.1,2.1645995232212902,1008,1,1,0,0,0,1,2,41,43,1,2022,2023-2026,0,0.9984846563510884,0.235190090911337,0.933644859813084,0.5308930425752856,0.8656282450674975,1,40,P,O,other,device/other
4,CBFAB31D6E6,CEA29EF1A99,electrostatic interaction,thermal-gradient heat-transfer control,solvation_entropy,device_mechanism,0.0281407237052917,16,16,16,16,6,13,6,13,0.4615384615384615,3,7,10,0.6666666666666666,1.0,7,9,4,0.1428571428571428,1.603729634755778,256,1,1,0,0,0,1,1,8,9,1,2022,2023-2026,0,0.893202432383015,0.5589016573385933,0.9907580477673936,0.3603115264797507,0.8498442367601247,1,49,P,O,other,device/other
5,C188B56F6F1,CEA29EF1A99,ion-selectivity membrane transport,thermal-gradient heat-transfer control,transport_mechanism,device_mechanism,0.167332261800766,42,16,16,42,23,13,13,23,0.5652173913043478,11,7,18,2.0,1.0,23,9,3,0.0545454545454545,1.0906234997787672,672,1,1,0,0,0,1,9,8,17,1,2022,2023-2026,0,0.8953632566099933,0.4178986766230045,0.9797507788161994,0.3411838006230528,0.8361370716510903,0,68,P,O,other,device/other
6,C5B8C057FAD,CEA29EF1A99,metal oxide,thermal-gradient heat-transfer control,material_system,device_mechanism,0.0298880506306886,13,16,13,16,9,13,9,13,0.6923076923076923,4,7,11,1.0,1.0,21,9,3,0.1153846153846153,1.4085515361209875,208,1,1,0,0,1,0,2,8,10,1,2022,2023-2026,0,0.7166775867406846,0.3811276340441318,0.963447559709242,0.3030218068535826,0.8122533748701973,0,93,M,O,other,device/other
7,CDF78985483,CEA29EF1A99,nanocomposite,thermal-gradient heat-transfer control,material_system,device_mechanism,-0.0277387537062168,21,16,16,21,13,13,13,13,1.0,7,7,14,0.3333333333333333,1.0,5,9,3,0.088235294117647,0.9098267813161924,336,1,1,0,0,1,0,1,8,9,1,2022,2023-2026,0,0.7856931462331549,0.2534027393904812,0.936967808930426,0.2798026998961578,0.7858774662512981,0,129,M,O,other,device/other
8,C2378F90E64,CEA29EF1A99,anharmonic phonon transport,thermal-gradient heat-transfer control,solid_state_mechanism,device_mechanism,0.4215161502361297,29,16,16,29,29,13,13,29,0.4482758620689655,16,7,23,2.6666666666666665,1.0,9,9,4,0.0975609756097561,1.1402524837791197,464,1,1,0,0,0,1,0,8,8,0,2022,2023-2026,0,0.8605687591287325,0.163637216314589,0.8467289719626169,0.4471858774662512,0.7667705088265836,0,152,P,O,other,device/other
9,C3848258807,CEA29EF1A99,Al2O3,thermal-gradient heat-transfer control,material_entity,device_mechanism,-0.003877175040543,8,16,8,16,8,13,8,13,0.6153846153846154,3,7,10,0.6666666666666666,1.0,27,9,1,0.0434782608695652,0.267546386419054,128,1,1,0,0,1,0,0,8,8,0,2022,2023-2026,0,0.4088839849546183,0.1748876309662874,0.8433021806853583,0.1481931464174454,0.683073727933541,0,261,M,O,other,device/other
10,C9AFE334F36,CEA29EF1A99,phonon scattering,thermal-gradient heat-transfer control,solid_state_mechanism,device_mechanism,0.3997048735618591,49,16,16,49,49,13,13,49,0.2653061224489796,18,7,25,1.6666666666666667,1.0,29,9,7,0.1206896551724138,2.6199550214164273,784,1,1,0,0,0,1,0,8,8,0,2022,2023-2026,0,0.2151208324608975,0.0539125639549748,0.5835929387331257,0.6338836967808931,0.6174454828660436,0,334,P,O,other,device/other
11,CB02CED7099,CEA29EF1A99,carrier-concentration optimization,thermal-gradient heat-transfer control,solid_state_mechanism,device_mechanism,0.2621484696865082,63,16,16,63,83,13,13,83,0.1566265060240964,28,7,35,2.6666666666666665,1.0,30,9,8,0.1126760563380281,3.0250498853167795,1008,1,1,0,0,0,1,0,8,8,0,2022,2023-2026,0,0.0752274442771263,0.053700167886794,0.5607476635514018,0.6594807892004153,0.6070612668743509,0,349,P,O,other,device/other
