domain,claim_id,relation_id,paper_id,scope,decision_source,review_status,prior_relation_audit,history,verdict,issues,reason
iTE,iTE:P0391:r003,P0391:r003,P0391,mechanical_environmental_stability,"{""run"": ""full_extraction_v1"", ""action"": ""unchanged""}",not_targeted_by_full_audit_v1,False,"[""full_audit_v1/historical_exclusions.json"", ""initial_graph_v1/contacted_papers.json""]",supported,[],
iTE,iTE:P0431:r002,P0431:r002,P0431,application_sensing,"{""run"": ""full_extraction_v1"", ""action"": ""unchanged""}",not_targeted_by_full_audit_v1,False,[],partial,"[""assertion""]",The abstract presents the enabled mechanism as an author claim and demonstrates a functional device; 'proposes' does not establish hypothesis status.
iTE,iTE:P0435:r011,P0435:r011,P0435,intrinsic_material_mechanism,"{""run"": ""full_extraction_v1"", ""action"": ""unchanged""}",not_targeted_by_full_audit_v1,False,"[""initial_graph_v1/contacted_papers.json""]",partial,"[""conditions""]",The interaction mechanism is supported for the lignin–PVA hydrogel matrix; that material context is missing.
iTE,iTE:P0437:r009,P0437:r009,P0437,thermodynamics,"{""run"": ""full_extraction_v1"", ""action"": ""unchanged""}",not_targeted_by_full_audit_v1,False,"[""initial_graph_v1/contacted_papers.json""]",supported,[],
iTE,iTE:P0452:r003,P0452:r003,P0452,thermodynamics,"{""run"": ""full_extraction_v1"", ""action"": ""unchanged""}",not_targeted_by_full_audit_v1,False,[],supported,[],
iTE,iTE:P0463:r012,P0463:r012,P0463,thermodynamics,"{""run"": ""full_extraction_v1"", ""action"": ""unchanged""}",not_targeted_by_full_audit_v1,False,"[""full_audit_v1/historical_exclusions.json"", ""initial_graph_v1/contacted_papers.json""]",partial,"[""conditions"", ""joint_factors""]","High thermovoltage depends on local voltages accumulating in series within the hierarchical hydrogel, not confined thermodiffusion alone."
iTE,iTE:P0478:r001,P0478:r001,P0478,intrinsic_material_mechanism,"{""run"": ""full_extraction_v1"", ""action"": ""unchanged""}",not_targeted_by_full_audit_v1,False,"[""initial_graph_v1/contacted_papers.json""]",supported,[],
iTE,iTE:P0489:r006,P0489:r006,P0489,intrinsic_material_mechanism,"{""run"": ""full_extraction_v1"", ""action"": ""unchanged""}",not_targeted_by_full_audit_v1,False,[],partial,"[""endpoint""]",Formamide treatment removes insulating PSS; the stated object instead makes it remove the removal process.
iTE,iTE:P0501:r012,P0501:r012,P0501,mechanical_environmental_stability,"{""run"": ""full_extraction_v1"", ""action"": ""unchanged""}",not_targeted_by_full_audit_v1,False,"[""initial_graph_v1/contacted_papers.json""]",supported,[],
iTE,iTE:P0505:r001,P0505:r001,P0505,mechanical_environmental_stability,"{""run"": ""full_extraction_v1"", ""action"": ""unchanged""}",not_targeted_by_full_audit_v1,False,"[""initial_graph_v1/contacted_papers.json""]",supported,[],
iTE,iTE:P0512:r013,P0512:r013,P0512,application_sensing,"{""run"": ""full_extraction_v1"", ""action"": ""unchanged""}",not_targeted_by_full_audit_v1,False,"[""initial_graph_v1/contacted_papers.json""]",out_of_scope,"[""scope""]","This is generic prospective application promise, not an application finding."
iTE,iTE:P0531:r016,P0531:r016,P0531,mechanical_environmental_stability,"{""run"": ""full_extraction_v1"", ""action"": ""unchanged""}",not_targeted_by_full_audit_v1,False,"[""full_audit_v1/contacted_papers.json"", ""initial_graph_v1/contacted_papers.json""]",supported,[],
iTE,iTE:P0533:r001,P0533:r001,P0533,mechanical_environmental_stability,"{""run"": ""full_extraction_v1"", ""action"": ""unchanged""}",not_targeted_by_full_audit_v1,False,"[""initial_graph_v1/contacted_papers.json""]",partial,"[""assertion""]","The strategy's stated design purpose is an author claim, not an explicitly proposed scientific hypothesis."
iTE,iTE:P0541:r002,P0541:r002,P0541,electrode_interface_kinetics,"{""run"": ""full_extraction_v1"", ""action"": ""unchanged""}",not_targeted_by_full_audit_v1,False,"[""initial_graph_v1/contacted_papers.json""]",supported,[],
iTE,iTE:P0594:r006,P0594:r006,P0594,thermodynamics,"{""run"": ""full_extraction_v1"", ""action"": ""unchanged""}",not_targeted_by_full_audit_v1,False,"[""initial_graph_v1/contacted_papers.json""]",supported,[],
iTE,iTE:P0605:r007,P0605:r007,P0605,ion_mass_transport,"{""run"": ""full_extraction_v1"", ""action"": ""unchanged""}",not_targeted_by_full_audit_v1,False,"[""initial_graph_v1/contacted_papers.json""]",supported,[],
iTE,iTE:P0609:r009,P0609:r009,P0609,device_thermal_management,"{""run"": ""full_extraction_v1"", ""action"": ""unchanged""}",not_targeted_by_full_audit_v1,False,[],supported,[],
iTE,iTE:P0610:r004,P0610:r004,P0610,intrinsic_material_mechanism,"{""run"": ""full_extraction_v1"", ""action"": ""unchanged""}",not_targeted_by_full_audit_v1,False,"[""initial_graph_v1/contacted_papers.json""]",partial,"[""conditions""]",The bonding structure is a result of the PSO/DFT study; the record omits its computational qualification.
iTE,iTE:P0613:r004,P0613:r004,P0613,mechanical_environmental_stability,"{""run"": ""full_extraction_v1"", ""action"": ""unchanged""}",not_targeted_by_full_audit_v1,False,"[""full_audit_v1/historical_exclusions.json"", ""initial_graph_v1/contacted_papers.json""]",supported,[],
iTE,iTE:P0631:r004,P0631:r004,P0631,intrinsic_material_mechanism,"{""run"": ""full_extraction_v1"", ""action"": ""unchanged""}",not_targeted_by_full_audit_v1,False,"[""full_audit_v1/contacted_papers.json"", ""initial_graph_v1/contacted_papers.json""]",supported,[],
iTE,iTE:P0637:r007,P0637:r007,P0637,device_thermal_management,"{""run"": ""full_extraction_v1"", ""action"": ""unchanged""}",not_targeted_by_full_audit_v1,False,"[""initial_graph_v1/contacted_papers.json""]",partial,"[""conditions""]",The 82 mV result requires the stated temperature difference of 15.8 K; conductivity lowering is specifically achieved via heat treatment.
iTE,iTE:P0656:r002,P0656:r002,P0656,thermodynamics,"{""run"": ""full_extraction_v1"", ""action"": ""unchanged""}",not_targeted_by_full_audit_v1,False,"[""full_audit_v1/historical_exclusions.json"", ""initial_graph_v1/contacted_papers.json""]",supported,[],
iTE,iTE:P0715:r012,P0715:r012,P0715,intrinsic_material_mechanism,"{""run"": ""full_extraction_v1"", ""action"": ""unchanged""}",not_targeted_by_full_audit_v1,False,"[""full_audit_v1/contacted_papers.json"", ""initial_graph_v1/contacted_papers.json""]",supported,[],
iTE,iTE:P0720:r008,P0720:r008,P0720,intrinsic_material_mechanism,"{""run"": ""full_extraction_v1"", ""action"": ""unchanged""}",not_targeted_by_full_audit_v1,False,"[""full_audit_v1/historical_exclusions.json"", ""initial_graph_v1/contacted_papers.json""]",supported,[],
iTE,iTE:P0766:r004,P0766:r004,P0766,ion_mass_transport,"{""run"": ""full_extraction_v1"", ""action"": ""unchanged""}",not_targeted_by_full_audit_v1,False,"[""initial_graph_v1/contacted_papers.json""]",partial,"[""scope"", ""conditions""]","This concerns orbital-order-dependent thermoelectric behavior, not ion/mass transport. The suppression is specifically temperature-induced."
iTE,iTE:P0769:r002,P0769:r002,P0769,ion_mass_transport,"{""run"": ""full_extraction_v1"", ""action"": ""unchanged""}",not_targeted_by_full_audit_v1,False,"[""initial_graph_v1/contacted_papers.json""]",supported,[],
iTE,iTE:P0770:r006,P0770:r006,P0770,device_thermal_management,"{""run"": ""full_extraction_v1"", ""action"": ""unchanged""}",not_targeted_by_full_audit_v1,False,"[""full_audit_v1/historical_exclusions.json"", ""full_audit_v1/contacted_papers.json""]",supported,[],
iTE,iTE:P0772:r023,P0772:r023,P0772,application_sensing,"{""run"": ""full_extraction_v1"", ""action"": ""unchanged""}",not_targeted_by_full_audit_v1,False,"[""initial_graph_v1/contacted_papers.json""]",out_of_scope,"[""scope""]","Generic prospective application, without a demonstrated strain-sensing finding."
iTE,iTE:P0774:r004,P0774:r004,P0774,ion_mass_transport,"{""run"": ""full_extraction_v1"", ""action"": ""unchanged""}",not_targeted_by_full_audit_v1,False,"[""initial_graph_v1/contacted_papers.json""]",supported,[],
iTE,iTE:P0809:r016,P0809:r016,P0809,intrinsic_material_mechanism,"{""run"": ""full_extraction_v1"", ""action"": ""unchanged""}",not_targeted_by_full_audit_v1,False,[],supported,[],
iTE,iTE:P0821:r010,P0821:r010,P0821,ion_mass_transport,"{""run"": ""full_extraction_v1"", ""action"": ""unchanged""}",not_targeted_by_full_audit_v1,False,"[""full_audit_v1/contacted_papers.json"", ""initial_graph_v1/contacted_papers.json""]",supported,[],
iTE,iTE:P0830:r018,P0830:r018,P0830,intrinsic_material_mechanism,"{""run"": ""full_extraction_v1"", ""action"": ""unchanged""}",not_targeted_by_full_audit_v1,False,"[""full_audit_v1/contacted_papers.json"", ""initial_graph_v1/contacted_papers.json"", ""full_retrieval_rrf_v1/diagnostic_packet.json""]",supported,[],
iTE,iTE:P0834:r006,P0834:r006,P0834,ion_mass_transport,"{""run"": ""full_extraction_v1"", ""action"": ""unchanged""}",not_targeted_by_full_audit_v1,False,"[""full_audit_v1/contacted_papers.json""]",supported,[],
iTE,iTE:P0836:r003,P0836:r003,P0836,device_thermal_management,"{""run"": ""full_extraction_v1"", ""action"": ""unchanged""}",not_targeted_by_full_audit_v1,False,[],supported,[],
iTE,iTE:P0851:r006,P0851:r006,P0851,ion_mass_transport,"{""run"": ""full_extraction_v1"", ""action"": ""unchanged""}",not_targeted_by_full_audit_v1,False,"[""full_audit_v1/historical_exclusions.json"", ""initial_graph_v1/contacted_papers.json""]",supported,[],
iTE,iTE:P0871:r007,P0871:r007,P0871,intrinsic_material_mechanism,"{""run"": ""full_extraction_v1"", ""action"": ""unchanged""}",not_targeted_by_full_audit_v1,False,[],supported,[],
iTE,iTE:P0879:r004,P0879:r004,P0879,intrinsic_material_mechanism,"{""run"": ""full_extraction_v1"", ""action"": ""unchanged""}",not_targeted_by_full_audit_v1,False,[],supported,[],
iTE,iTE:P0880:r015,P0880:r015,P0880,mechanical_environmental_stability,"{""run"": ""full_extraction_v1"", ""action"": ""unchanged""}",not_targeted_by_full_audit_v1,False,"[""full_audit_v1/contacted_papers.json"", ""initial_graph_v1/contacted_papers.json""]",supported,[],
iTE,iTE:P0937:r004,P0937:r004,P0937,intrinsic_material_mechanism,"{""run"": ""full_extraction_v1"", ""action"": ""unchanged""}",not_targeted_by_full_audit_v1,False,"[""initial_graph_v1/contacted_papers.json""]",supported,[],
iTE,iTE:P0952:r002,P0952:r002,P0952,intrinsic_material_mechanism,"{""run"": ""full_extraction_v1"", ""action"": ""unchanged""}",not_targeted_by_full_audit_v1,False,"[""full_audit_v1/historical_exclusions.json"", ""initial_graph_v1/contacted_papers.json""]",supported,[],
iTE,iTE:P0970:r015,P0970:r015,P0970,application_sensing,"{""run"": ""full_extraction_v1"", ""action"": ""unchanged""}",not_targeted_by_full_audit_v1,False,"[""initial_graph_v1/contacted_papers.json""]",out_of_scope,"[""scope""]",The extracted endpoint is generic application promise; the supporting concrete properties are separate findings.
iTE,iTE:P0977:r008,P0977:r008,P0977,mechanical_environmental_stability,"{""run"": ""full_extraction_v1"", ""action"": ""unchanged""}",not_targeted_by_full_audit_v1,False,"[""initial_graph_v1/contacted_papers.json""]",supported,[],
iTE,iTE:P1012:r003,P1012:r003,P1012,intrinsic_material_mechanism,"{""run"": ""full_extraction_v1"", ""action"": ""unchanged""}",not_targeted_by_full_audit_v1,False,"[""initial_graph_v1/contacted_papers.json""]",supported,[],
iTE,iTE:P1019:r002,P1019:r002,P1019,intrinsic_material_mechanism,"{""run"": ""full_extraction_v1"", ""action"": ""unchanged""}",not_targeted_by_full_audit_v1,False,"[""initial_graph_v1/contacted_papers.json""]",supported,[],
iTE,iTE:P1035:r004,P1035:r004,P1035,ion_mass_transport,"{""run"": ""full_extraction_v1"", ""action"": ""unchanged""}",not_targeted_by_full_audit_v1,False,"[""initial_graph_v1/contacted_papers.json""]",supported,[],
iTE,iTE:P1039:r002,P1039:r002,P1039,intrinsic_material_mechanism,"{""run"": ""full_extraction_v1"", ""action"": ""unchanged""}",not_targeted_by_full_audit_v1,False,"[""full_audit_v1/historical_exclusions.json"", ""initial_graph_v1/contacted_papers.json""]",supported,[],
iTE,iTE:P1056:r006,P1056:r006,P1056,device_thermal_management,"{""run"": ""full_extraction_v1"", ""action"": ""unchanged""}",not_targeted_by_full_audit_v1,False,"[""full_audit_v1/historical_exclusions.json"", ""initial_graph_v1/contacted_papers.json""]",supported,[],
iTE,iTE:P1065:r003,P1065:r003,P1065,intrinsic_material_mechanism,"{""run"": ""full_extraction_v1"", ""action"": ""unchanged""}",not_targeted_by_full_audit_v1,False,"[""initial_graph_v1/contacted_papers.json""]",supported,[],
iTE,iTE:P1072:r008,P1072:r008,P1072,intrinsic_material_mechanism,"{""run"": ""full_extraction_v1"", ""action"": ""unchanged""}",not_targeted_by_full_audit_v1,False,"[""initial_graph_v1/contacted_papers.json""]",supported,[],
iTE,iTE:P1101:r022,P1101:r022,P1101,thermodynamics,"{""run"": ""full_extraction_v1"", ""action"": ""unchanged""}",not_targeted_by_full_audit_v1,False,"[""full_audit_v1/contacted_papers.json"", ""initial_graph_v1/contacted_papers.json""]",supported,[],
iTE,iTE:P1104:r013,P1104:r013,P1104,application_sensing,"{""run"": ""full_extraction_v1"", ""action"": ""unchanged""}",not_targeted_by_full_audit_v1,False,"[""full_audit_v1/contacted_papers.json"", ""initial_graph_v1/contacted_papers.json""]",supported,[],
iTE,iTE:P1152:r006,P1152:r006,P1152,intrinsic_material_mechanism,"{""run"": ""full_extraction_v1"", ""action"": ""unchanged""}",not_targeted_by_full_audit_v1,False,"[""initial_graph_v1/contacted_papers.json""]",partial,"[""conditions""]",Omits the YbMg2Bi2−xSbx solid-solution context and the shift toward Sb-rich compositions.
iTE,iTE:P1182:r009,P1182:r009,P1182,thermodynamics,"{""run"": ""full_extraction_v1"", ""action"": ""unchanged""}",not_targeted_by_full_audit_v1,False,"[""full_audit_v1/contacted_papers.json"", ""initial_graph_v1/contacted_papers.json""]",supported,[],
iTE,iTE:P1184:r004,P1184:r004,P1184,intrinsic_material_mechanism,"{""run"": ""full_extraction_v1"", ""action"": ""unchanged""}",not_targeted_by_full_audit_v1,False,"[""initial_graph_v1/contacted_papers.json""]",supported,[],
iTE,iTE:P1203:r013,P1203:r013,P1203,intrinsic_material_mechanism,"{""run"": ""full_extraction_v1"", ""action"": ""unchanged""}",not_targeted_by_full_audit_v1,False,"[""initial_graph_v1/contacted_papers.json""]",supported,[],
iTE,iTE:P1222:r012,P1222:r012,P1222,intrinsic_material_mechanism,"{""run"": ""full_extraction_v1"", ""action"": ""unchanged""}",not_targeted_by_full_audit_v1,False,"[""full_audit_v1/contacted_papers.json"", ""initial_graph_v1/contacted_papers.json""]",supported,[],
iTE,iTE:P1238:r007,P1238:r007,P1238,intrinsic_material_mechanism,"{""run"": ""full_extraction_v1"", ""action"": ""unchanged""}",not_targeted_by_full_audit_v1,False,"[""initial_graph_v1/contacted_papers.json""]",supported,[],
iTE,iTE:P1282:r007,P1282:r007,P1282,ion_mass_transport,"{""run"": ""full_extraction_v1"", ""action"": ""unchanged""}",not_targeted_by_full_audit_v1,False,"[""full_audit_v1/historical_exclusions.json"", ""initial_graph_v1/contacted_papers.json""]",uncertain,"[""evidence""]","The influence on ionic conductivity is explicit, but the abstract does not resolve whether this is an own-work finding or synthesis of prior studies."
iTE,iTE:P1335:r007,P1335:r007,P1335,mechanical_environmental_stability,"{""run"": ""full_extraction_v1"", ""action"": ""unchanged""}",not_targeted_by_full_audit_v1,False,"[""full_audit_v1/contacted_papers.json""]",supported,[],
iTE,iTE:P1353:r010,P1353:r010,P1353,measurement_method_model,"{""response_path"": ""runs/repair_033/response.json"", ""response_sha256"": ""d816d549deda219ff4ab9ee0e739c5d865b90b3dd04c655c8cd322f347848b70"", ""input_sha256"": ""2f1bd19bb42ec7598feabd8f1436ae39141f0c66cb4d6e0fcdc00fd899d17f47"", ""model"": ""gpt-6-astra"", ""job_id"": ""repair_033"", ""action"": ""keep""}",model_reviewed_supported_single_pass,False,"[""full_audit_v1/contacted_papers.json"", ""initial_graph_v1/contacted_papers.json""]",supported,[],
iTE,iTE:P1379:r002,P1379:r002,P1379,device_thermal_management,"{""run"": ""full_extraction_v1"", ""action"": ""unchanged""}",not_targeted_by_full_audit_v1,False,[],partial,"[""scope"", ""conditions""]","The voltage is supported, but arises from ionic-solution infiltration under ambient conditions; device thermal management is not supported."
iTE,iTE:P1404:r011,P1404:r011,P1404,application_sensing,"{""response_path"": ""runs/repair_034/response.json"", ""response_sha256"": ""2491179f4a2b9dc81106bfb76dec86bf9abed9f6609f3ef7de46f72ecf1e9bf4"", ""input_sha256"": ""54c1f66c2948b3d0b8a4a564f5b6452eb767a8a6629bd1ef224f55ea0f04763c"", ""model"": ""gpt-6-astra"", ""job_id"": ""repair_034"", ""action"": ""keep""}",model_reviewed_supported_single_pass,False,"[""full_audit_v1/contacted_papers.json"", ""initial_graph_v1/contacted_papers.json""]",partial,"[""scope""]","The demonstrated application is waste-heat energy harvesting and powering devices, not sensing."
iTE,iTE:P1419:r001,P1419:r001,P1419,intrinsic_material_mechanism,"{""run"": ""full_extraction_v1"", ""action"": ""unchanged""}",not_targeted_by_full_audit_v1,False,"[""full_audit_v1/contacted_papers.json"", ""initial_graph_v1/contacted_papers.json""]",out_of_scope,"[""scope""]","This extracts sample preparation from a methods description, without a substantive finding about the preparation process."
iTE,iTE:P1423:r006,P1423:r006,P1423,intrinsic_material_mechanism,"{""run"": ""full_extraction_v1"", ""action"": ""unchanged""}",not_targeted_by_full_audit_v1,False,"[""full_audit_v1/contacted_papers.json"", ""initial_graph_v1/contacted_papers.json""]",partial,"[""conditions""]",Omits the specific manganite and A-site divalent-doping context in which Mn2+ introduction changes the ratio.
iTE,iTE:P1426:r006,P1426:r006,P1426,intrinsic_material_mechanism,"{""run"": ""full_extraction_v1"", ""action"": ""unchanged""}",not_targeted_by_full_audit_v1,False,"[""initial_graph_v1/contacted_papers.json""]",supported,[],
iTE,iTE:P1458:r002,P1458:r002,P1458,measurement_method_model,"{""run"": ""full_extraction_v1"", ""action"": ""unchanged""}",not_targeted_by_full_audit_v1,False,"[""initial_graph_v1/contacted_papers.json""]",supported,[],
iTE,iTE:P1460:r007,P1460:r007,P1460,thermodynamics,"{""run"": ""full_extraction_v1"", ""action"": ""unchanged""}",not_targeted_by_full_audit_v1,False,[],supported,[],
iTE,iTE:P1463:r002,P1463:r002,P1463,measurement_method_model,"{""run"": ""full_extraction_v1"", ""action"": ""unchanged""}",not_targeted_by_full_audit_v1,False,"[""full_audit_v1/contacted_papers.json"", ""initial_graph_v1/contacted_papers.json""]",supported,[],
iTE,iTE:P1463:r003,P1463:r003,P1463,mechanical_environmental_stability,"{""run"": ""full_extraction_v1"", ""action"": ""unchanged""}",not_targeted_by_full_audit_v1,False,"[""full_audit_v1/contacted_papers.json"", ""initial_graph_v1/contacted_papers.json""]",supported,[],
iTE,iTE:P1466:r009,P1466:r009,P1466,intrinsic_material_mechanism,"{""run"": ""full_extraction_v1"", ""action"": ""unchanged""}",not_targeted_by_full_audit_v1,False,"[""initial_graph_v1/contacted_papers.json""]",partial,"[""conditions""]",The relation omits that the lattice softening is induced by Ge doping in the studied n-type PbTe system.
iTE,iTE:P1485:r001,P1485:r001,P1485,intrinsic_material_mechanism,"{""run"": ""full_extraction_v1"", ""action"": ""unchanged""}",not_targeted_by_full_audit_v1,False,"[""initial_graph_v1/contacted_papers.json""]",supported,[],
iTE,iTE:P1498:r011,P1498:r011,P1498,thermodynamics,"{""run"": ""full_extraction_v1"", ""action"": ""unchanged""}",not_targeted_by_full_audit_v1,False,"[""full_audit_v1/contacted_papers.json"", ""initial_graph_v1/contacted_papers.json""]",supported,[],
iTE,iTE:P1547:r002,P1547:r002,P1547,thermodynamics,"{""run"": ""full_extraction_v1"", ""action"": ""unchanged""}",not_targeted_by_full_audit_v1,False,"[""initial_graph_v1/contacted_papers.json"", ""exploratory_match_v1/contacted_papers.json""]",supported,[],
iTE,iTE:P1607:r004,P1607:r004,P1607,intrinsic_material_mechanism,"{""run"": ""full_extraction_v1"", ""action"": ""unchanged""}",not_targeted_by_full_audit_v1,False,"[""full_audit_v1/historical_exclusions.json""]",supported,[],
iTE,iTE:P1608:r017,P1608:r017,P1608,mechanical_environmental_stability,"{""run"": ""full_extraction_v1"", ""action"": ""unchanged""}",not_targeted_by_full_audit_v1,False,"[""initial_graph_v1/contacted_papers.json""]",supported,[],
iTE,iTE:P1617:r001,P1617:r001,P1617,thermodynamics,"{""run"": ""full_extraction_v1"", ""action"": ""unchanged""}",not_targeted_by_full_audit_v1,False,"[""initial_graph_v1/contacted_papers.json""]",supported,[],
iTE,iTE:P1627:r013,P1627:r013,P1627,device_thermal_management,"{""run"": ""full_extraction_v1"", ""action"": ""unchanged""}",not_targeted_by_full_audit_v1,False,"[""full_audit_v1/contacted_papers.json""]",supported,[],
iTE,iTE:P1633:r003,P1633:r003,P1633,intrinsic_material_mechanism,"{""run"": ""full_extraction_v1"", ""action"": ""unchanged""}",not_targeted_by_full_audit_v1,False,"[""full_audit_v1/contacted_papers.json"", ""initial_graph_v1/contacted_papers.json""]",supported,[],
iTE,iTE:P1638:r008,P1638:r008,P1638,intrinsic_material_mechanism,"{""run"": ""full_extraction_v1"", ""action"": ""unchanged""}",not_targeted_by_full_audit_v1,False,"[""initial_graph_v1/contacted_papers.json""]",partial,"[""conditions""]",The low-temperature context is omitted.
iTE,iTE:P1675:r004,P1675:r004,P1675,intrinsic_material_mechanism,"{""run"": ""full_extraction_v1"", ""action"": ""unchanged""}",not_targeted_by_full_audit_v1,False,"[""initial_graph_v1/contacted_papers.json""]",partial,"[""conditions""]",The dependence is stated for LiNbO3 crystal growth from a stirred melt; this material and growth context is omitted.
iTE,iTE:P1711:r007,P1711:r007,P1711,device_thermal_management,"{""run"": ""full_extraction_v1"", ""action"": ""unchanged""}",not_targeted_by_full_audit_v1,False,"[""initial_graph_v1/contacted_papers.json""]",supported,[],
iTE,iTE:P1713:r007,P1713:r007,P1713,measurement_method_model,"{""run"": ""full_extraction_v1"", ""action"": ""unchanged""}",not_targeted_by_full_audit_v1,False,"[""initial_graph_v1/contacted_papers.json""]",out_of_scope,"[""scope""]","This records a method used to determine properties, without a substantive property finding."
iTE,iTE:P1754:r003,P1754:r003,P1754,measurement_method_model,"{""run"": ""full_extraction_v1"", ""action"": ""unchanged""}",not_targeted_by_full_audit_v1,False,"[""full_audit_v1/contacted_papers.json"", ""initial_graph_v1/contacted_papers.json""]",supported,[],
iTE,iTE:P1766:r017,P1766:r017,P1766,intrinsic_material_mechanism,"{""run"": ""full_extraction_v1"", ""action"": ""unchanged""}",not_targeted_by_full_audit_v1,False,"[""initial_graph_v1/contacted_papers.json""]",out_of_scope,"[""scope""]","Earth-abundant constituents describe ingredient availability, rather than a concrete material property or mechanism."
iTE,iTE:P1768:r006,P1768:r006,P1768,intrinsic_material_mechanism,"{""run"": ""full_extraction_v1"", ""action"": ""unchanged""}",not_targeted_by_full_audit_v1,False,[],supported,[],
iTE,iTE:P1789:r008,P1789:r008,P1789,intrinsic_material_mechanism,"{""run"": ""full_extraction_v1"", ""action"": ""unchanged""}",not_targeted_by_full_audit_v1,True,"[""full_audit_v1/contacted_papers.json"", ""initial_graph_v1/contacted_papers.json""]",supported,[],
iTE,iTE:P1807:r002,P1807:r002,P1807,intrinsic_material_mechanism,"{""run"": ""full_extraction_v1"", ""action"": ""unchanged""}",not_targeted_by_full_audit_v1,False,"[""full_audit_v1/historical_exclusions.json""]",supported,[],
iTE,iTE:P1843:r008,P1843:r008,P1843,intrinsic_material_mechanism,"{""run"": ""full_extraction_v1"", ""action"": ""unchanged""}",not_targeted_by_full_audit_v1,False,"[""initial_graph_v1/contacted_papers.json""]",supported,[],
iTE,iTE:P1849:r015,P1849:r015,P1849,intrinsic_material_mechanism,"{""run"": ""full_extraction_v1"", ""action"": ""unchanged""}",not_targeted_by_full_audit_v1,False,"[""initial_graph_v1/contacted_papers.json""]",supported,[],
iTE,iTE:P1855:r007,P1855:r007,P1855,mechanical_environmental_stability,"{""run"": ""full_extraction_v1"", ""action"": ""unchanged""}",not_targeted_by_full_audit_v1,False,"[""initial_graph_v1/contacted_papers.json""]",supported,[],
iTE,iTE:P1872:r011,P1872:r011,P1872,other_adjacent_domain,"{""run"": ""full_extraction_v1"", ""action"": ""unchanged""}",not_targeted_by_full_audit_v1,False,[],supported,[],
iTE,iTE:P1880:r004,P1880:r004,P1880,electrode_interface_kinetics,"{""run"": ""full_extraction_v1"", ""action"": ""unchanged""}",not_targeted_by_full_audit_v1,False,[],supported,[],
iTE,iTE:P1883:r006,P1883:r006,P1883,intrinsic_material_mechanism,"{""run"": ""full_extraction_v1"", ""action"": ""unchanged""}",not_targeted_by_full_audit_v1,False,"[""initial_graph_v1/contacted_papers.json""]",supported,[],
iTE,iTE:P1893:r002,P1893:r002,P1893,thermodynamics,"{""run"": ""full_extraction_v1"", ""action"": ""unchanged""}",not_targeted_by_full_audit_v1,False,"[""initial_graph_v1/contacted_papers.json""]",supported,[],
iTE,iTE:P1934:r011,P1934:r011,P1934,intrinsic_material_mechanism,"{""run"": ""full_extraction_v1"", ""action"": ""unchanged""}",not_targeted_by_full_audit_v1,False,"[""full_audit_v1/historical_exclusions.json"", ""initial_graph_v1/contacted_papers.json""]",partial,"[""conditions""]","The relation omits the BiCuSeO host, making the substitution effect overly general."
iTE,iTE:P1940:r016,P1940:r016,P1940,other_adjacent_domain,"{""run"": ""full_extraction_v1"", ""action"": ""unchanged""}",not_targeted_by_full_audit_v1,False,"[""full_audit_v1/contacted_papers.json"", ""initial_graph_v1/contacted_papers.json""]",partial,"[""conditions""]",The Fe-rich compounds are members of the CuCr1−xFexO2 series; that sample identity is omitted.
iTE,iTE:P1945:r002,P1945:r002,P1945,intrinsic_material_mechanism,"{""run"": ""full_extraction_v1"", ""action"": ""unchanged""}",not_targeted_by_full_audit_v1,False,[],supported,[],
iTE,iTE:P1959:r016,P1959:r016,P1959,intrinsic_material_mechanism,"{""run"": ""full_extraction_v1"", ""action"": ""unchanged""}",not_targeted_by_full_audit_v1,False,"[""initial_graph_v1/contacted_papers.json""]",supported,[],
iTE,iTE:P1970:r019,P1970:r019,P1970,intrinsic_material_mechanism,"{""run"": ""full_extraction_v1"", ""action"": ""unchanged""}",not_targeted_by_full_audit_v1,False,"[""full_audit_v1/historical_exclusions.json"", ""full_audit_v1/contacted_papers.json"", ""initial_graph_v1/contacted_papers.json""]",partial,"[""conditions"", ""evidence""]",The relation omits the SrGaH5 first-principles study context and presents its explanation as an unrestricted temperature effect.
iTE,iTE:P1970:r014,P1970:r014,P1970,other_adjacent_domain,"{""run"": ""full_extraction_v1"", ""action"": ""unchanged""}",not_targeted_by_full_audit_v1,False,"[""full_audit_v1/historical_exclusions.json"", ""full_audit_v1/contacted_papers.json"", ""initial_graph_v1/contacted_papers.json""]",partial,"[""conditions""]","Computational attribution is preserved, but the SrGaH5 material and hydrostatic-strain context are omitted."
TG,TG:P0004:r003,P0004:r003,P0004,ion_mass_transport,"{""run"": ""full_extraction_v1"", ""action"": ""unchanged""}",not_targeted_by_full_audit_v1,False,"[""full_audit_v1/historical_exclusions.json""]",supported,[],
TG,TG:P0008:r011,P0008:r011,P0008,device_thermal_management,"{""run"": ""full_extraction_v1"", ""action"": ""unchanged""}",not_targeted_by_full_audit_v1,False,"[""full_audit_v1/historical_exclusions.json"", ""initial_graph_v1/contacted_papers.json""]",supported,[],
TG,TG:P0009:r009,P0009:r009,P0009,other_adjacent_domain,"{""run"": ""full_extraction_v1"", ""action"": ""unchanged""}",not_targeted_by_full_audit_v1,False,"[""full_audit_v1/historical_exclusions.json"", ""initial_graph_v1/contacted_papers.json""]",supported,[],
TG,TG:P0019:r010,P0019:r010,P0019,application_sensing,"{""run"": ""full_extraction_v1"", ""action"": ""unchanged""}",not_targeted_by_full_audit_v1,False,"[""full_audit_v1/historical_exclusions.json""]",supported,[],
TG,TG:P0020:r003,P0020:r003,P0020,thermodynamics,"{""run"": ""full_extraction_v1"", ""action"": ""unchanged""}",not_targeted_by_full_audit_v1,False,"[""full_audit_v1/historical_exclusions.json""]",supported,[],
TG,TG:P0021:r002,P0021:r002,P0021,ion_mass_transport,"{""run"": ""full_extraction_v1"", ""action"": ""unchanged""}",not_targeted_by_full_audit_v1,False,"[""full_audit_v1/historical_exclusions.json"", ""full_audit_v1/contacted_papers.json""]",supported,[],
TG,TG:P0021:r008,P0021:r008,P0021,application_sensing,"{""run"": ""full_extraction_v1"", ""action"": ""unchanged""}",not_targeted_by_full_audit_v1,False,"[""full_audit_v1/historical_exclusions.json"", ""full_audit_v1/contacted_papers.json""]",partial,"[""scope""]","Directly powering LEDs is supported, but this is a power-supply application, not sensing."
TG,TG:P0021:r003,P0021:r003,P0021,device_thermal_management,"{""run"": ""full_extraction_v1"", ""action"": ""unchanged""}",not_targeted_by_full_audit_v1,False,"[""full_audit_v1/historical_exclusions.json"", ""full_audit_v1/contacted_papers.json""]",supported,[],
TG,TG:P0026:r003,P0026:r003,P0026,intrinsic_material_mechanism,"{""run"": ""full_extraction_v1"", ""action"": ""unchanged""}",not_targeted_by_full_audit_v1,False,"[""full_audit_v1/historical_exclusions.json"", ""full_audit_v1/contacted_papers.json"", ""initial_graph_v1/contacted_papers.json""]",supported,[],
TG,TG:P0027:r007,P0027:r007,P0027,thermodynamics,"{""run"": ""full_extraction_v1"", ""action"": ""unchanged""}",not_targeted_by_full_audit_v1,False,"[""full_audit_v1/historical_exclusions.json""]",supported,[],
TG,TG:P0029:r004,P0029:r004,P0029,measurement_method_model,"{""run"": ""full_extraction_v1"", ""action"": ""unchanged""}",not_targeted_by_full_audit_v1,False,"[""full_audit_v1/historical_exclusions.json"", ""initial_graph_v1/contacted_papers.json""]",supported,[],
TG,TG:P0032:r006,P0032:r006,P0032,mechanical_environmental_stability,"{""run"": ""full_extraction_v1"", ""action"": ""unchanged""}",not_targeted_by_full_audit_v1,False,"[""full_audit_v1/historical_exclusions.json"", ""initial_graph_v1/contacted_papers.json""]",supported,[],
TG,TG:P0032:r002,P0032:r002,P0032,application_sensing,"{""run"": ""full_extraction_v1"", ""action"": ""unchanged""}",not_targeted_by_full_audit_v1,False,"[""full_audit_v1/historical_exclusions.json"", ""initial_graph_v1/contacted_papers.json""]",supported,[],
TG,TG:P0034:r008,P0034:r008,P0034,thermodynamics,"{""run"": ""full_extraction_v1"", ""action"": ""unchanged""}",not_targeted_by_full_audit_v1,False,"[""full_audit_v1/historical_exclusions.json""]",supported,[],
TG,TG:P0035:r004,P0035:r004,P0035,electrode_interface_kinetics,"{""run"": ""full_extraction_v1"", ""action"": ""unchanged""}",not_targeted_by_full_audit_v1,False,"[""full_audit_v1/historical_exclusions.json"", ""initial_graph_v1/contacted_papers.json""]",supported,[],
TG,TG:P0037:r003,P0037:r003,P0037,measurement_method_model,"{""run"": ""full_extraction_v1"", ""action"": ""unchanged""}",not_targeted_by_full_audit_v1,False,"[""full_audit_v1/historical_exclusions.json""]",out_of_scope,"[""scope""]",Lists a component included in the mathematical model without extracting a model finding.
TG,TG:P0042:r002,P0042:r002,P0042,device_thermal_management,"{""run"": ""full_extraction_v1"", ""action"": ""unchanged""}",not_targeted_by_full_audit_v1,False,"[""full_audit_v1/historical_exclusions.json"", ""full_audit_v1/contacted_papers.json"", ""initial_graph_v1/contacted_papers.json""]",supported,[],
TG,TG:P0053:r015,P0053:r015,P0053,electrode_interface_kinetics,"{""run"": ""full_extraction_v1"", ""action"": ""unchanged""}",not_targeted_by_full_audit_v1,False,"[""full_audit_v1/historical_exclusions.json"", ""full_audit_v1/contacted_papers.json"", ""initial_graph_v1/contacted_papers.json""]",supported,[],
TG,TG:P0057:r009,P0057:r009,P0057,device_thermal_management,"{""run"": ""full_extraction_v1"", ""action"": ""unchanged""}",not_targeted_by_full_audit_v1,False,"[""full_audit_v1/contacted_papers.json"", ""initial_graph_v1/contacted_papers.json""]",out_of_scope,"[""scope""]",Extracts a device assembly step rather than its reported thermal or electrical findings.
TG,TG:P0058:r002,P0058:r002,P0058,thermodynamics,"{""run"": ""full_extraction_v1"", ""action"": ""unchanged""}",not_targeted_by_full_audit_v1,False,"[""full_audit_v1/historical_exclusions.json""]",supported,[],
TG,TG:P0062:r005,P0062:r005,P0062,intrinsic_material_mechanism,"{""run"": ""full_extraction_v1"", ""action"": ""unchanged""}",not_targeted_by_full_audit_v1,False,"[""full_audit_v1/historical_exclusions.json"", ""initial_graph_v1/contacted_papers.json""]",supported,[],
TG,TG:P0066:r002,P0066:r002,P0066,mechanical_environmental_stability,"{""run"": ""full_extraction_v1"", ""action"": ""unchanged""}",not_targeted_by_full_audit_v1,False,"[""full_audit_v1/historical_exclusions.json""]",supported,[],
TG,TG:P0073:r008,P0073:r008,P0073,application_sensing,"{""run"": ""full_extraction_v1"", ""action"": ""unchanged""}",not_targeted_by_full_audit_v1,False,"[""full_audit_v1/historical_exclusions.json""]",supported,[],
TG,TG:P0080:r006,P0080:r006,P0080,application_sensing,"{""run"": ""full_extraction_v1"", ""action"": ""unchanged""}",not_targeted_by_full_audit_v1,False,"[""full_audit_v1/historical_exclusions.json"", ""full_audit_v1/contacted_papers.json""]",supported,[],
TG,TG:P0083:r012,P0083:r012,P0083,device_thermal_management,"{""run"": ""full_extraction_v1"", ""action"": ""unchanged""}",not_targeted_by_full_audit_v1,False,"[""full_audit_v1/historical_exclusions.json""]",supported,[],
TG,TG:P0084:r018,P0084:r018,P0084,application_sensing,"{""run"": ""full_extraction_v1"", ""action"": ""unchanged""}",not_targeted_by_full_audit_v1,False,"[""full_audit_v1/historical_exclusions.json"", ""full_audit_v1/contacted_papers.json"", ""initial_graph_v1/contacted_papers.json"", ""exploratory_match_v1/contacted_papers.json"", ""full_retrieval_rrf_v1/diagnostic_packet.json""]",supported,[],
TG,TG:P0087:r011,P0087:r011,P0087,measurement_method_model,"{""run"": ""full_extraction_v1"", ""action"": ""unchanged""}",not_targeted_by_full_audit_v1,False,[],out_of_scope,"[""scope""]","States the purpose of an introduced analysis method, without a quantification finding."
TG,TG:P0087:r012,P0087:r012,P0087,application_sensing,"{""run"": ""full_extraction_v1"", ""action"": ""unchanged""}",not_targeted_by_full_audit_v1,False,[],out_of_scope,"[""scope""]","States an analysis method's intended use, without a disease-risk assessment finding."
TG,TG:P0090:r008,P0090:r008,P0090,intrinsic_material_mechanism,"{""run"": ""full_extraction_v1"", ""action"": ""unchanged""}",not_targeted_by_full_audit_v1,False,"[""full_audit_v1/historical_exclusions.json"", ""full_audit_v1/contacted_papers.json"", ""initial_graph_v1/contacted_papers.json"", ""full_retrieval_rrf_v1/diagnostic_packet.json""]",out_of_scope,"[""scope""]",Generic low-cost characterization is not a concrete material property or mechanism finding.
TG,TG:P0091:audit_v1_a001,P0091:audit_v1_a001,P0091,intrinsic_material_mechanism,"{""response_path"": ""runs/repair_002/response.json"", ""response_sha256"": ""9a76bcc89f8cd754bccfc84a5376ea86392f9d64fdf2eada50601cad53ec9d1e"", ""input_sha256"": ""f6f82b708b314c91ea7bfd266999a09c9b9bc6a5ede2238d323dbcefa94ff6f8"", ""model"": ""gpt-6-astra"", ""job_id"": ""repair_002"", ""action"": ""add"", ""omission_reference_ids"": [""P0091:g001""], ""omission_link_status"": ""quote_overlap_candidate_links""}",model_repaired_not_independently_rechecked,False,"[""full_audit_v1/contacted_papers.json""]",supported,[],
TG,TG:P0097:r001,P0097:r001,P0097,application_sensing,"{""response_path"": ""runs/repair_003/response.json"", ""response_sha256"": ""537c492aff8c1409cf34abda3bc9400526c8f5974480677ddc1975f1e6e39924"", ""input_sha256"": ""b19380042657142fd6d134414f06db651e24775d503a33b579be78184ce8eff1"", ""model"": ""gpt-6-astra"", ""job_id"": ""repair_003"", ""action"": ""replace""}",model_repaired_not_independently_rechecked,False,"[""full_audit_v1/contacted_papers.json"", ""initial_graph_v1/contacted_papers.json""]",out_of_scope,"[""scope""]","Describes the research objective and investigated ingredients, not an established finding."
TG,TG:P0097:audit_v1_a002,P0097:audit_v1_a002,P0097,mechanical_environmental_stability,"{""response_path"": ""runs/repair_003/response.json"", ""response_sha256"": ""537c492aff8c1409cf34abda3bc9400526c8f5974480677ddc1975f1e6e39924"", ""input_sha256"": ""b19380042657142fd6d134414f06db651e24775d503a33b579be78184ce8eff1"", ""model"": ""gpt-6-astra"", ""job_id"": ""repair_003"", ""action"": ""add"", ""omission_reference_ids"": [""P0097:g001"", ""P0097:g002""], ""omission_link_status"": ""quote_overlap_candidate_links""}",model_repaired_not_independently_rechecked,False,"[""full_audit_v1/contacted_papers.json"", ""initial_graph_v1/contacted_papers.json""]",supported,[],
TG,TG:P0098:r002,P0098:r002,P0098,device_thermal_management,"{""response_path"": ""runs/repair_003/response.json"", ""response_sha256"": ""537c492aff8c1409cf34abda3bc9400526c8f5974480677ddc1975f1e6e39924"", ""input_sha256"": ""b19380042657142fd6d134414f06db651e24775d503a33b579be78184ce8eff1"", ""model"": ""gpt-6-astra"", ""job_id"": ""repair_003"", ""action"": ""keep""}",model_reviewed_supported_single_pass,False,"[""full_audit_v1/historical_exclusions.json"", ""full_audit_v1/contacted_papers.json""]",supported,[],
TG,TG:P0100:r003,P0100:r003,P0100,measurement_method_model,"{""run"": ""full_extraction_v1"", ""action"": ""unchanged""}",not_targeted_by_full_audit_v1,False,"[""full_audit_v1/historical_exclusions.json""]",out_of_scope,"[""scope""]",Describes an operating procedure without extracting a method capability or finding.
TG,TG:P0100:r001,P0100:r001,P0100,measurement_method_model,"{""run"": ""full_extraction_v1"", ""action"": ""unchanged""}",not_targeted_by_full_audit_v1,False,"[""full_audit_v1/historical_exclusions.json""]",supported,[],
TG,TG:P0104:r004,P0104:r004,P0104,thermodynamics,"{""run"": ""full_extraction_v1"", ""action"": ""unchanged""}",not_targeted_by_full_audit_v1,False,"[""full_audit_v1/contacted_papers.json"", ""initial_graph_v1/contacted_papers.json""]",supported,[],
TG,TG:P0112:r010,P0112:r010,P0112,measurement_method_model,"{""run"": ""full_extraction_v1"", ""action"": ""unchanged""}",not_targeted_by_full_audit_v1,False,"[""full_audit_v1/contacted_papers.json"", ""initial_graph_v1/contacted_papers.json"", ""exploratory_match_v1/contacted_papers.json""]",supported,[],
TG,TG:P0112:r004,P0112:r004,P0112,electrode_interface_kinetics,"{""run"": ""full_extraction_v1"", ""action"": ""unchanged""}",not_targeted_by_full_audit_v1,False,"[""full_audit_v1/contacted_papers.json"", ""initial_graph_v1/contacted_papers.json"", ""exploratory_match_v1/contacted_papers.json""]",supported,[],
TG,TG:P0114:r006,P0114:r006,P0114,thermodynamics,"{""run"": ""full_extraction_v1"", ""action"": ""unchanged""}",not_targeted_by_full_audit_v1,False,"[""full_audit_v1/contacted_papers.json""]",supported,[],
TG,TG:P0120:r008,P0120:r008,P0120,measurement_method_model,"{""run"": ""full_extraction_v1"", ""action"": ""unchanged""}",not_targeted_by_full_audit_v1,False,"[""initial_graph_v1/contacted_papers.json""]",out_of_scope,"[""scope""]","Reports an experiment's verification purpose, without a verification result or substantive method finding."
TG,TG:P0128:r002,P0128:r002,P0128,device_thermal_management,"{""run"": ""full_extraction_v1"", ""action"": ""unchanged""}",not_targeted_by_full_audit_v1,False,"[""full_audit_v1/contacted_papers.json"", ""initial_graph_v1/contacted_papers.json""]",supported,[],
TG,TG:P0128:r010,P0128:r010,P0128,device_thermal_management,"{""run"": ""full_extraction_v1"", ""action"": ""unchanged""}",not_targeted_by_full_audit_v1,False,"[""full_audit_v1/contacted_papers.json"", ""initial_graph_v1/contacted_papers.json""]",supported,[],Faithfully preserves the explicitly stated first-orientation result without correcting the source.
TG,TG:P0128:r016,P0128:r016,P0128,ion_mass_transport,"{""run"": ""full_extraction_v1"", ""action"": ""unchanged""}",not_targeted_by_full_audit_v1,False,"[""full_audit_v1/contacted_papers.json"", ""initial_graph_v1/contacted_papers.json""]",supported,[],
TG,TG:P0128:r007,P0128:r007,P0128,device_thermal_management,"{""run"": ""full_extraction_v1"", ""action"": ""unchanged""}",not_targeted_by_full_audit_v1,False,"[""full_audit_v1/contacted_papers.json"", ""initial_graph_v1/contacted_papers.json""]",supported,[],Faithfully preserves the explicitly stated latter-two-orientations result.
TG,TG:P0136:r015,P0136:r015,P0136,application_sensing,"{""run"": ""full_extraction_v1"", ""action"": ""unchanged""}",not_targeted_by_full_audit_v1,False,"[""full_audit_v1/historical_exclusions.json"", ""full_audit_v1/contacted_papers.json"", ""initial_graph_v1/contacted_papers.json""]",supported,[],
TG,TG:P0137:r010,P0137:r010,P0137,thermodynamics,"{""run"": ""full_extraction_v1"", ""action"": ""unchanged""}",not_targeted_by_full_audit_v1,False,"[""full_audit_v1/historical_exclusions.json"", ""initial_graph_v1/contacted_papers.json""]",supported,[],
TG,TG:P0142:r002,P0142:r002,P0142,intrinsic_material_mechanism,"{""run"": ""full_extraction_v1"", ""action"": ""unchanged""}",not_targeted_by_full_audit_v1,False,"[""full_audit_v1/historical_exclusions.json"", ""initial_graph_v1/contacted_papers.json""]",supported,[],
TG,TG:P0143:r009,P0143:r009,P0143,application_sensing,"{""run"": ""full_extraction_v1"", ""action"": ""unchanged""}",not_targeted_by_full_audit_v1,False,"[""full_audit_v1/historical_exclusions.json""]",supported,[],
TG,TG:P0143:r010,P0143:r010,P0143,application_sensing,"{""run"": ""full_extraction_v1"", ""action"": ""unchanged""}",not_targeted_by_full_audit_v1,False,"[""full_audit_v1/historical_exclusions.json""]",out_of_scope,"[""scope""]",Extracts generic future promise for robotics rather than a substantive application finding.
TG,TG:P0144:r001,P0144:r001,P0144,thermodynamics,"{""run"": ""full_extraction_v1"", ""action"": ""unchanged""}",not_targeted_by_full_audit_v1,False,"[""full_audit_v1/historical_exclusions.json""]",supported,[],
TG,TG:P0149:r004,P0149:r004,P0149,application_sensing,"{""run"": ""full_extraction_v1"", ""action"": ""unchanged""}",not_targeted_by_full_audit_v1,False,"[""full_audit_v1/historical_exclusions.json"", ""initial_graph_v1/contacted_papers.json""]",out_of_scope,"[""scope""]",Lists prospective applications; review attribution does not make generic future promise a finding.
TG,TG:P0157:r002,P0157:r002,P0157,intrinsic_material_mechanism,"{""run"": ""full_extraction_v1"", ""action"": ""unchanged""}",not_targeted_by_full_audit_v1,False,"[""full_audit_v1/historical_exclusions.json""]",out_of_scope,"[""scope""]","Extracts component integration alone, omitting the module's substantive sensing function."
TG,TG:P0166:r004,P0166:r004,P0166,intrinsic_material_mechanism,"{""run"": ""full_extraction_v1"", ""action"": ""unchanged""}",not_targeted_by_full_audit_v1,False,"[""full_audit_v1/historical_exclusions.json"", ""initial_graph_v1/contacted_papers.json""]",supported,[],
TG,TG:P0168:r009,P0168:r009,P0168,application_sensing,"{""run"": ""full_extraction_v1"", ""action"": ""unchanged""}",not_targeted_by_full_audit_v1,False,"[""full_audit_v1/contacted_papers.json""]",supported,[],
TG,TG:P0169:r005,P0169:r005,P0169,device_thermal_management,"{""run"": ""full_extraction_v1"", ""action"": ""unchanged""}",not_targeted_by_full_audit_v1,False,"[""full_audit_v1/historical_exclusions.json"", ""full_audit_v1/contacted_papers.json"", ""initial_graph_v1/contacted_papers.json""]",supported,[],
TG,TG:P0169:r008,P0169:r008,P0169,device_thermal_management,"{""run"": ""full_extraction_v1"", ""action"": ""unchanged""}",not_targeted_by_full_audit_v1,False,"[""full_audit_v1/historical_exclusions.json"", ""full_audit_v1/contacted_papers.json"", ""initial_graph_v1/contacted_papers.json""]",supported,[],
TG,TG:P0173:r013,P0173:r013,P0173,device_thermal_management,"{""run"": ""full_extraction_v1"", ""action"": ""unchanged""}",not_targeted_by_full_audit_v1,False,"[""full_audit_v1/historical_exclusions.json"", ""full_audit_v1/contacted_papers.json"", ""initial_graph_v1/contacted_papers.json""]",supported,[],
TG,TG:P0173:r008,P0173:r008,P0173,application_sensing,"{""run"": ""full_extraction_v1"", ""action"": ""unchanged""}",not_targeted_by_full_audit_v1,False,"[""full_audit_v1/historical_exclusions.json"", ""full_audit_v1/contacted_papers.json"", ""initial_graph_v1/contacted_papers.json""]",supported,[],
TG,TG:P0175:r009,P0175:r009,P0175,device_thermal_management,"{""run"": ""full_extraction_v1"", ""action"": ""unchanged""}",not_targeted_by_full_audit_v1,False,"[""full_audit_v1/historical_exclusions.json""]",supported,[],
TG,TG:P0177:r010,P0177:r010,P0177,other_adjacent_domain,"{""run"": ""full_extraction_v1"", ""action"": ""unchanged""}",not_targeted_by_full_audit_v1,False,"[""full_audit_v1/historical_exclusions.json""]",supported,[],
TG,TG:P0178:r006,P0178:r006,P0178,device_thermal_management,"{""run"": ""full_extraction_v1"", ""action"": ""unchanged""}",not_targeted_by_full_audit_v1,False,"[""full_audit_v1/contacted_papers.json"", ""initial_graph_v1/contacted_papers.json""]",supported,[],
TG,TG:P0178:r009,P0178:r009,P0178,mechanical_environmental_stability,"{""run"": ""full_extraction_v1"", ""action"": ""unchanged""}",not_targeted_by_full_audit_v1,False,"[""full_audit_v1/contacted_papers.json"", ""initial_graph_v1/contacted_papers.json""]",supported,[],
TG,TG:P0179:r012,P0179:r012,P0179,application_sensing,"{""run"": ""full_extraction_v1"", ""action"": ""unchanged""}",not_targeted_by_full_audit_v1,False,"[""full_audit_v1/contacted_papers.json"", ""initial_graph_v1/contacted_papers.json""]",supported,[],
TG,TG:P0179:r011,P0179:r011,P0179,device_thermal_management,"{""run"": ""full_extraction_v1"", ""action"": ""unchanged""}",not_targeted_by_full_audit_v1,False,"[""full_audit_v1/contacted_papers.json"", ""initial_graph_v1/contacted_papers.json""]",supported,[],
TG,TG:P0179:r004,P0179:r004,P0179,intrinsic_material_mechanism,"{""run"": ""full_extraction_v1"", ""action"": ""unchanged""}",not_targeted_by_full_audit_v1,False,"[""full_audit_v1/contacted_papers.json"", ""initial_graph_v1/contacted_papers.json""]",supported,[],
TG,TG:P0180:r003,P0180:r003,P0180,intrinsic_material_mechanism,"{""run"": ""full_extraction_v1"", ""action"": ""unchanged""}",not_targeted_by_full_audit_v1,False,"[""full_audit_v1/historical_exclusions.json"", ""initial_graph_v1/contacted_papers.json"", ""full_retrieval_rrf_v1/diagnostic_packet.json""]",supported,[],
TG,TG:P0182:r008,P0182:r008,P0182,application_sensing,"{""run"": ""full_extraction_v1"", ""action"": ""unchanged""}",not_targeted_by_full_audit_v1,False,"[""full_audit_v1/contacted_papers.json""]",supported,[],Preserves the explicitly qualified potential for a concrete device capability.
TG,TG:P0188:r006,P0188:r006,P0188,ion_mass_transport,"{""run"": ""full_extraction_v1"", ""action"": ""unchanged""}",not_targeted_by_full_audit_v1,False,"[""full_audit_v1/historical_exclusions.json"", ""full_audit_v1/contacted_papers.json""]",supported,[],
TG,TG:P0189:r010,P0189:r010,P0189,device_thermal_management,"{""run"": ""full_extraction_v1"", ""action"": ""unchanged""}",not_targeted_by_full_audit_v1,False,"[""full_audit_v1/contacted_papers.json"", ""initial_graph_v1/contacted_papers.json""]",partial,"[""modality"", ""conditions""]",The numerical study supports a model-derived performance result; model-guided design alone does not preserve that qualification.
TG,TG:P0199:r001,P0199:r001,P0199,device_thermal_management,"{""run"": ""full_extraction_v1"", ""action"": ""unchanged""}",not_targeted_by_full_audit_v1,False,"[""initial_graph_v1/contacted_papers.json""]",supported,[],
TG,TG:P0202:r001,P0202:r001,P0202,device_thermal_management,"{""run"": ""full_extraction_v1"", ""action"": ""unchanged""}",not_targeted_by_full_audit_v1,False,"[""full_audit_v1/contacted_papers.json"", ""initial_graph_v1/contacted_papers.json""]",supported,[],
TG,TG:P0202:r006,P0202:r006,P0202,mechanical_environmental_stability,"{""run"": ""full_extraction_v1"", ""action"": ""unchanged""}",not_targeted_by_full_audit_v1,False,"[""full_audit_v1/contacted_papers.json"", ""initial_graph_v1/contacted_papers.json""]",supported,[],
TG,TG:P0205:r002,P0205:r002,P0205,mechanical_environmental_stability,"{""run"": ""full_extraction_v1"", ""action"": ""unchanged""}",not_targeted_by_full_audit_v1,False,"[""full_audit_v1/historical_exclusions.json"", ""initial_graph_v1/contacted_papers.json""]",supported,[],
TG,TG:P0208:r005,P0208:r005,P0208,intrinsic_material_mechanism,"{""run"": ""full_extraction_v1"", ""action"": ""unchanged""}",not_targeted_by_full_audit_v1,True,"[""full_audit_v1/contacted_papers.json"", ""initial_graph_v1/contacted_papers.json""]",supported,[],
TG,TG:P0209:r006,P0209:r006,P0209,application_sensing,"{""run"": ""full_extraction_v1"", ""action"": ""unchanged""}",not_targeted_by_full_audit_v1,False,"[""full_audit_v1/historical_exclusions.json""]",supported,[],
TG,TG:P0212:r003,P0212:r003,P0212,intrinsic_material_mechanism,"{""run"": ""full_extraction_v1"", ""action"": ""unchanged""}",not_targeted_by_full_audit_v1,False,"[""full_audit_v1/contacted_papers.json""]",supported,[],
TG,TG:P0220:r004,P0220:r004,P0220,device_thermal_management,"{""run"": ""full_extraction_v1"", ""action"": ""unchanged""}",not_targeted_by_full_audit_v1,False,"[""full_audit_v1/historical_exclusions.json""]",supported,[],
TG,TG:P0222:r002,P0222:r002,P0222,ion_mass_transport,"{""run"": ""full_extraction_v1"", ""action"": ""unchanged""}",not_targeted_by_full_audit_v1,False,"[""full_audit_v1/historical_exclusions.json"", ""initial_graph_v1/contacted_papers.json""]",supported,[],
TG,TG:P0223:r001,P0223:r001,P0223,intrinsic_material_mechanism,"{""run"": ""full_extraction_v1"", ""action"": ""unchanged""}",not_targeted_by_full_audit_v1,False,"[""full_audit_v1/historical_exclusions.json"", ""full_audit_v1/contacted_papers.json"", ""initial_graph_v1/contacted_papers.json""]",supported,[],
TG,TG:P0232:r002,P0232:r002,P0232,measurement_method_model,"{""run"": ""full_extraction_v1"", ""action"": ""unchanged""}",not_targeted_by_full_audit_v1,False,"[""full_audit_v1/historical_exclusions.json"", ""initial_graph_v1/contacted_papers.json""]",out_of_scope,"[""scope""]","Lists a component of the transport equations, without extracting a substantive model finding."
TG,TG:P0234:r001,P0234:r001,P0234,other_adjacent_domain,"{""run"": ""full_extraction_v1"", ""action"": ""unchanged""}",not_targeted_by_full_audit_v1,False,"[""full_audit_v1/historical_exclusions.json"", ""full_audit_v1/contacted_papers.json"", ""initial_graph_v1/contacted_papers.json"", ""exploratory_match_v1/contacted_papers.json""]",supported,[],
TG,TG:P0234:r011,P0234:r011,P0234,intrinsic_material_mechanism,"{""run"": ""full_extraction_v1"", ""action"": ""unchanged""}",not_targeted_by_full_audit_v1,False,"[""full_audit_v1/historical_exclusions.json"", ""full_audit_v1/contacted_papers.json"", ""initial_graph_v1/contacted_papers.json"", ""exploratory_match_v1/contacted_papers.json""]",out_of_scope,"[""scope""]",The abstract merely introduces this production method in a list of nonconventional reactions.
TG,TG:P0244:r006,P0244:r006,P0244,thermodynamics,"{""run"": ""full_extraction_v1"", ""action"": ""unchanged""}",not_targeted_by_full_audit_v1,False,"[""full_audit_v1/contacted_papers.json"", ""initial_graph_v1/contacted_papers.json""]",out_of_scope,"[""scope""]","Reports that an influence is discussed, without stating the resulting relationship."
TG,TG:P0257:r007,P0257:r007,P0257,device_thermal_management,"{""run"": ""full_extraction_v1"", ""action"": ""unchanged""}",not_targeted_by_full_audit_v1,False,"[""full_audit_v1/historical_exclusions.json"", ""initial_graph_v1/contacted_papers.json""]",supported,[],
TG,TG:P0257:r002,P0257:r002,P0257,ion_mass_transport,"{""run"": ""full_extraction_v1"", ""action"": ""unchanged""}",not_targeted_by_full_audit_v1,False,"[""full_audit_v1/historical_exclusions.json"", ""initial_graph_v1/contacted_papers.json""]",out_of_scope,"[""scope""]","Describes the injection arrangement, without a substantive transport finding."
TG,TG:P0257:r009,P0257:r009,P0257,ion_mass_transport,"{""run"": ""full_extraction_v1"", ""action"": ""unchanged""}",not_targeted_by_full_audit_v1,False,"[""full_audit_v1/historical_exclusions.json"", ""initial_graph_v1/contacted_papers.json""]",out_of_scope,"[""scope""]",Forced convection is mentioned as a device feature within a future-potential statement; no transport relationship is reported.
TG,TG:P0261:r001,P0261:r001,P0261,measurement_method_model,"{""run"": ""full_extraction_v1"", ""action"": ""unchanged""}",not_targeted_by_full_audit_v1,False,"[""full_audit_v1/historical_exclusions.json"", ""full_audit_v1/contacted_papers.json"", ""initial_graph_v1/contacted_papers.json""]",partial,"[""scope""]","The printability finding is supported, but it describes material flow, recovery and structural properties rather than a measurement method or model."
TG,TG:P0262:r004,P0262:r004,P0262,intrinsic_material_mechanism,"{""run"": ""full_extraction_v1"", ""action"": ""unchanged""}",not_targeted_by_full_audit_v1,False,"[""full_audit_v1/contacted_papers.json""]",supported,[],
TG,TG:P0263:r009,P0263:r009,P0263,other_adjacent_domain,"{""run"": ""full_extraction_v1"", ""action"": ""unchanged""}",not_targeted_by_full_audit_v1,False,"[""full_audit_v1/historical_exclusions.json""]",supported,[],
TG,TG:P0268:r005,P0268:r005,P0268,mechanical_environmental_stability,"{""run"": ""full_extraction_v1"", ""action"": ""unchanged""}",not_targeted_by_full_audit_v1,False,"[""full_audit_v1/historical_exclusions.json""]",supported,[],
TG,TG:P0275:r015,P0275:r015,P0275,ion_mass_transport,"{""run"": ""full_extraction_v1"", ""action"": ""unchanged""}",not_targeted_by_full_audit_v1,False,"[""full_audit_v1/historical_exclusions.json"", ""full_audit_v1/contacted_papers.json"", ""initial_graph_v1/contacted_papers.json""]",supported,[],
TG,TG:P0275:r001,P0275:r001,P0275,intrinsic_material_mechanism,"{""run"": ""full_extraction_v1"", ""action"": ""unchanged""}",not_targeted_by_full_audit_v1,False,"[""full_audit_v1/historical_exclusions.json"", ""full_audit_v1/contacted_papers.json"", ""initial_graph_v1/contacted_papers.json""]",out_of_scope,"[""scope""]","Extracts only the fabrication method, without a material mechanism or property finding."
TG,TG:P0277:r006,P0277:r006,P0277,thermodynamics,"{""run"": ""full_extraction_v1"", ""action"": ""unchanged""}",not_targeted_by_full_audit_v1,False,"[""full_audit_v1/contacted_papers.json""]",supported,[],
TG,TG:P0282:r010,P0282:r010,P0282,thermodynamics,"{""run"": ""full_extraction_v1"", ""action"": ""unchanged""}",not_targeted_by_full_audit_v1,False,"[""full_audit_v1/contacted_papers.json""]",supported,[],
TG,TG:P0283:r005,P0283:r005,P0283,thermodynamics,"{""run"": ""full_extraction_v1"", ""action"": ""unchanged""}",not_targeted_by_full_audit_v1,False,"[""full_audit_v1/historical_exclusions.json""]",supported,[],
TG,TG:P0289:r005,P0289:r005,P0289,device_thermal_management,"{""run"": ""full_extraction_v1"", ""action"": ""unchanged""}",not_targeted_by_full_audit_v1,False,"[""full_audit_v1/historical_exclusions.json"", ""exploratory_match_v1/contacted_papers.json""]",partial,"[""conditions""]",The joint enhancement is specifically attributed to MWNT electrodes; the extracted relation omits that material context.
TG,TG:P0289:r006,P0289:r006,P0289,electrode_interface_kinetics,"{""run"": ""full_extraction_v1"", ""action"": ""unchanged""}",not_targeted_by_full_audit_v1,False,"[""full_audit_v1/historical_exclusions.json"", ""exploratory_match_v1/contacted_papers.json""]",supported,[],
TG,TG:P0299:r001,P0299:r001,P0299,thermodynamics,"{""run"": ""full_extraction_v1"", ""action"": ""unchanged""}",not_targeted_by_full_audit_v1,False,"[""full_audit_v1/historical_exclusions.json""]",supported,[],
TG,TG:P0300:r008,P0300:r008,P0300,device_thermal_management,"{""run"": ""full_extraction_v1"", ""action"": ""unchanged""}",not_targeted_by_full_audit_v1,False,"[""full_audit_v1/historical_exclusions.json""]",supported,[],
TG,TG:P0310:r007,P0310:r007,P0310,intrinsic_material_mechanism,"{""run"": ""full_extraction_v1"", ""action"": ""unchanged""}",not_targeted_by_full_audit_v1,False,"[""full_audit_v1/contacted_papers.json"", ""initial_graph_v1/contacted_papers.json""]",supported,[],
