concept_u_id,concept_v_id,concept_u,concept_v,u_type,v_type,ite_first_year,tg_first_year,transfer_lag_years,transfer_status,ite_first_evidence_paper,tg_first_evidence_paper,ite_evidence_papers,tg_evidence_papers
CC5968B917E,CE2D00B183C,convection and mass transport,redox-kinetics enhancement,transport_mechanism,electrode_interface,,1994.0,,TG_only,,P0129,,1.0
CB56BB4DDB0,CF2C5201A37,carbon-electrode redox interface,porous-electrode area enhancement,electrode_interface,electrode_interface,,1998.0,,TG_only,,P0328,,3.0
CEA29EF1A99,CF2C5201A37,thermal-gradient heat-transfer control,porous-electrode area enhancement,device_mechanism,electrode_interface,,2010.0,,TG_only,,P0289,,1.0
C45C8AAD12E,C845F498233,charge-transfer resistance engineering,ion-dipole interaction,electrode_interface,solvation_entropy,,2012.0,,TG_only,,P0316,,1.0
C45C8AAD12E,CBFAB31D6E6,charge-transfer resistance engineering,electrostatic interaction,electrode_interface,solvation_entropy,,2012.0,,TG_only,,P0316,,1.0
C845F498233,CE4B0E242E7,ion-dipole interaction,interfacial charge transfer,solvation_entropy,electrode_interface,,2012.0,,TG_only,,P0316,,1.0
CBFAB31D6E6,CE4B0E242E7,electrostatic interaction,interfacial charge transfer,solvation_entropy,electrode_interface,,2012.0,,TG_only,,P0316,,1.0
C23B9BED21A,CC5968B917E,ionic conduction,convection and mass transport,transport_mechanism,transport_mechanism,,2014.0,,TG_only,,P0303,,1.0
C182567E63B,C46747A02A1,ion concentration-gradient formation,ion-pairing and complexation,transport_mechanism,solvation_entropy,,2016.0,,TG_only,,P0283,,1.0
C182567E63B,C6B063A770B,ion concentration-gradient formation,supramolecular host-guest redox entropy,transport_mechanism,solvation_entropy,,2016.0,,TG_only,,P0283,,1.0
C182567E63B,C78D65254F9,ion concentration-gradient formation,phase transition,transport_mechanism,phase_or_species_transition,,2016.0,,TG_only,,P0283,,1.0
C182567E63B,CD486BA800F,ion concentration-gradient formation,host-guest complexation,transport_mechanism,solvation_entropy,,2016.0,,TG_only,,P0283,,1.0
C188B56F6F1,C6C09287FDB,ion-selectivity membrane transport,high-entropy redox/ion coupling,transport_mechanism,solvation_entropy,,2016.0,,TG_only,,P0216,,1.0
C6B063A770B,C78D65254F9,supramolecular host-guest redox entropy,phase transition,solvation_entropy,phase_or_species_transition,,2016.0,,TG_only,,P0283,,1.0
C78D65254F9,CD486BA800F,phase transition,host-guest complexation,phase_or_species_transition,solvation_entropy,,2016.0,,TG_only,,P0283,,1.0
C6B063A770B,CA8C62A4868,supramolecular host-guest redox entropy,redox reaction entropy,solvation_entropy,solvation_entropy,,2018.0,,TG_only,,P0315,,2.0
CA8C62A4868,CD486BA800F,redox reaction entropy,host-guest complexation,solvation_entropy,solvation_entropy,,2018.0,,TG_only,,P0315,,2.0
C46747A02A1,C720E904BA7,ion-pairing and complexation,hydration-shell regulation,solvation_entropy,solvation_entropy,,2020.0,,TG_only,,P0285,,1.0
C188B56F6F1,CA8C62A4868,ion-selectivity membrane transport,redox reaction entropy,transport_mechanism,solvation_entropy,,2021.0,,TG_only,,P0223,,1.0
C188B56F6F1,CF2C5201A37,ion-selectivity membrane transport,porous-electrode area enhancement,transport_mechanism,electrode_interface,,2021.0,,TG_only,,P0205,,1.0
C10C4FF4B6C,C9B6878E079,hydrogen bonding,photothermal-thermoelectric coupling,solvation_entropy,device_mechanism,,2022.0,,TG_only,,P0057,,1.0
C10D3798CF7,C3C17DDE1C9,selective solvation,Gutmann-donor ionic-cluster thermodiffusion,solvation_entropy,transport_mechanism,,2022.0,,TG_only,,P0063,,1.0
C3C17DDE1C9,C41BE9B5F0E,Gutmann-donor ionic-cluster thermodiffusion,solvation-shell remodeling,transport_mechanism,solvation_entropy,,2022.0,,TG_only,,P0063,,1.0
C4AF8816DD4,C78D65254F9,ion-induced crystallization,phase transition,phase_or_species_transition,phase_or_species_transition,,2022.0,,TG_only,,P0039,,3.0
C4AF8816DD4,CC028ABF9C6,ion-induced crystallization,anti-freezing organohydrogel design,phase_or_species_transition,gel_microstructure,,2022.0,,TG_only,,P0039,,1.0
C4AF8816DD4,CEA29EF1A99,ion-induced crystallization,thermal-gradient heat-transfer control,phase_or_species_transition,device_mechanism,,2022.0,,TG_only,,P0039,,1.0
C872881EC3C,CB56BB4DDB0,gel-confined redox transport,carbon-electrode redox interface,gel_microstructure,electrode_interface,,2022.0,,TG_only,,P0219,,2.0
C9B6878E079,CB25BC3FC14,photothermal-thermoelectric coupling,double/interpenetrating network,device_mechanism,gel_microstructure,,2022.0,,TG_only,,P0057,,1.0
C9B6878E079,CE6FC512ED2,photothermal-thermoelectric coupling,dynamic crosslinked gel network,device_mechanism,gel_microstructure,,2022.0,,TG_only,,P0057,,1.0
C10C4FF4B6C,CEA29EF1A99,hydrogen bonding,thermal-gradient heat-transfer control,solvation_entropy,device_mechanism,,2023.0,,TG_only,,P0059,,1.0
C10D3798CF7,C6B063A770B,selective solvation,supramolecular host-guest redox entropy,solvation_entropy,solvation_entropy,,2023.0,,TG_only,,P0195,,1.0
C10D3798CF7,CD486BA800F,selective solvation,host-guest complexation,solvation_entropy,solvation_entropy,,2023.0,,TG_only,,P0195,,1.0
C41BE9B5F0E,C45C8AAD12E,solvation-shell remodeling,charge-transfer resistance engineering,solvation_entropy,electrode_interface,,2023.0,,TG_only,,P0277,,1.0
C41BE9B5F0E,CE2D00B183C,solvation-shell remodeling,redox-kinetics enhancement,solvation_entropy,electrode_interface,,2023.0,,TG_only,,P0277,,1.0
C41BE9B5F0E,CE4B0E242E7,solvation-shell remodeling,interfacial charge transfer,solvation_entropy,electrode_interface,,2023.0,,TG_only,,P0277,,1.0
C45C8AAD12E,C5E47CC0A62,charge-transfer resistance engineering,Hofmeister/chaotropic effect,electrode_interface,gel_microstructure,,2023.0,,TG_only,,P0277,,1.0
C45C8AAD12E,C8863595B3A,charge-transfer resistance engineering,temperature-dependent electrode potential,electrode_interface,device_mechanism,,2023.0,,TG_only,,P0089,,1.0
C5E47CC0A62,CE2D00B183C,Hofmeister/chaotropic effect,redox-kinetics enhancement,gel_microstructure,electrode_interface,,2023.0,,TG_only,,P0277,,1.0
C5E47CC0A62,CE4B0E242E7,Hofmeister/chaotropic effect,interfacial charge transfer,gel_microstructure,electrode_interface,,2023.0,,TG_only,,P0277,,1.0
C6B063A770B,C6C09287FDB,supramolecular host-guest redox entropy,high-entropy redox/ion coupling,solvation_entropy,solvation_entropy,,2023.0,,TG_only,,P0195,,1.0
C6C09287FDB,CD486BA800F,high-entropy redox/ion coupling,host-guest complexation,solvation_entropy,solvation_entropy,,2023.0,,TG_only,,P0195,,1.0
C7932B1CE8C,CE2D00B183C,chaotropic polymer-water disruption,redox-kinetics enhancement,gel_microstructure,electrode_interface,,2023.0,,TG_only,,P0277,,1.0
C7932B1CE8C,CEA29EF1A99,chaotropic polymer-water disruption,thermal-gradient heat-transfer control,gel_microstructure,device_mechanism,,2023.0,,TG_only,,P0059,,1.0
C8863595B3A,CE2D00B183C,temperature-dependent electrode potential,redox-kinetics enhancement,device_mechanism,electrode_interface,,2023.0,,TG_only,,P0089,,1.0
C8AD5B453CC,CB56BB4DDB0,ion diffusion,carbon-electrode redox interface,transport_mechanism,electrode_interface,,2023.0,,TG_only,,P0300,,1.0
C08389FD6C6,C10D3798CF7,moisture-gradient ion transport,selective solvation,transport_mechanism,solvation_entropy,,2024.0,,TG_only,,P0166,,1.0
C08389FD6C6,C5CA44ABCFC,moisture-gradient ion transport,redox-solvation hybrid entropy,transport_mechanism,solvation_entropy,,2024.0,,TG_only,,P0166,,1.0
C08389FD6C6,CB25BC3FC14,moisture-gradient ion transport,double/interpenetrating network,transport_mechanism,gel_microstructure,,2024.0,,TG_only,,P0167,,1.0
C08389FD6C6,CC022D91D01,moisture-gradient ion transport,solvation entropy,transport_mechanism,solvation_entropy,,2024.0,,TG_only,,P0166,,1.0
C10C4FF4B6C,C5CA44ABCFC,hydrogen bonding,redox-solvation hybrid entropy,solvation_entropy,solvation_entropy,,2024.0,,TG_only,,P0166,,1.0
C188B56F6F1,C9B6878E079,ion-selectivity membrane transport,photothermal-thermoelectric coupling,transport_mechanism,device_mechanism,,2024.0,,TG_only,,P0202,,1.0
C23B9BED21A,C720E904BA7,ionic conduction,hydration-shell regulation,transport_mechanism,solvation_entropy,,2024.0,,TG_only,,P0004,,1.0
C46747A02A1,C9B6878E079,ion-pairing and complexation,photothermal-thermoelectric coupling,solvation_entropy,device_mechanism,,2024.0,,TG_only,,P0191,,1.0
C46747A02A1,CEA29EF1A99,ion-pairing and complexation,thermal-gradient heat-transfer control,solvation_entropy,device_mechanism,,2024.0,,TG_only,,P0191,,1.0
C4AF8816DD4,C539540C36B,ion-induced crystallization,nanochannel-confined ion transport,phase_or_species_transition,transport_mechanism,,2024.0,,TG_only,,P0027,,1.0
C4AF8816DD4,C872881EC3C,ion-induced crystallization,gel-confined redox transport,phase_or_species_transition,gel_microstructure,,2024.0,,TG_only,,P0027,,2.0
C555F4672C1,C78D65254F9,configurational-entropy modulation,phase transition,phase_or_species_transition,phase_or_species_transition,,2024.0,,TG_only,,P0044,,1.0
C5CA44ABCFC,C872881EC3C,redox-solvation hybrid entropy,gel-confined redox transport,solvation_entropy,gel_microstructure,,2024.0,,TG_only,,P0166,,1.0
C5CA44ABCFC,CC028ABF9C6,redox-solvation hybrid entropy,anti-freezing organohydrogel design,solvation_entropy,gel_microstructure,,2024.0,,TG_only,,P0166,,1.0
C5E63317596,C872881EC3C,hierarchical porous electrode interface,gel-confined redox transport,electrode_interface,gel_microstructure,,2024.0,,TG_only,,P0199,,1.0
C5E63317596,CABD4C9C815,hierarchical porous electrode interface,salting-out confined ion gel,electrode_interface,gel_microstructure,,2024.0,,TG_only,,P0199,,1.0
C5E63317596,CF652A991A2,hierarchical porous electrode interface,salting-out,electrode_interface,phase_or_species_transition,,2024.0,,TG_only,,P0199,,1.0
C720E904BA7,CC028ABF9C6,hydration-shell regulation,anti-freezing organohydrogel design,solvation_entropy,gel_microstructure,,2024.0,,TG_only,,P0004,,1.0
C78D65254F9,C8AD5B453CC,phase transition,ion diffusion,phase_or_species_transition,transport_mechanism,,2024.0,,TG_only,,P0053,,1.0
C78D65254F9,C9B6878E079,phase transition,photothermal-thermoelectric coupling,phase_or_species_transition,device_mechanism,,2024.0,,TG_only,,P0050,,1.0
C78D65254F9,CABD4C9C815,phase transition,salting-out confined ion gel,phase_or_species_transition,gel_microstructure,,2024.0,,TG_only,,P0006,,1.0
C78D65254F9,CF652A991A2,phase transition,salting-out,phase_or_species_transition,phase_or_species_transition,,2024.0,,TG_only,,P0006,,1.0
C872881EC3C,CABD4C9C815,gel-confined redox transport,salting-out confined ion gel,gel_microstructure,gel_microstructure,,2024.0,,TG_only,,P0045,,2.0
C872881EC3C,CEA29EF1A99,gel-confined redox transport,thermal-gradient heat-transfer control,gel_microstructure,device_mechanism,,2024.0,,TG_only,,P0191,,2.0
C872881EC3C,CF652A991A2,gel-confined redox transport,salting-out,gel_microstructure,phase_or_species_transition,,2024.0,,TG_only,,P0045,,2.0
C8AD5B453CC,CB314592CFB,ion diffusion,precipitation and species redistribution,transport_mechanism,phase_or_species_transition,,2024.0,,TG_only,,P0053,,1.0
C967653EA5F,CABD4C9C815,thermosensitive crystallization,salting-out confined ion gel,phase_or_species_transition,gel_microstructure,,2024.0,,TG_only,,P0006,,1.0
C967653EA5F,CF652A991A2,thermosensitive crystallization,salting-out,phase_or_species_transition,phase_or_species_transition,,2024.0,,TG_only,,P0006,,1.0
C9B6878E079,CC028ABF9C6,photothermal-thermoelectric coupling,anti-freezing organohydrogel design,device_mechanism,gel_microstructure,,2024.0,,TG_only,,P0051,,1.0
C9B6878E079,CEA29EF1A99,photothermal-thermoelectric coupling,thermal-gradient heat-transfer control,device_mechanism,device_mechanism,,2024.0,,TG_only,,P0191,,1.0
CA8C62A4868,CC028ABF9C6,redox reaction entropy,anti-freezing organohydrogel design,solvation_entropy,gel_microstructure,,2024.0,,TG_only,,P0166,,2.0
CB314592CFB,CC5968B917E,precipitation and species redistribution,convection and mass transport,phase_or_species_transition,transport_mechanism,,2024.0,,TG_only,,P0270,,1.0
C0AD9C93101,CA8C62A4868,crown-ether cation complexation,redox reaction entropy,solvation_entropy,solvation_entropy,,2025.0,,TG_only,,P0030,,1.0
C0AD9C93101,CF4A6A0344F,crown-ether cation complexation,ion migration,solvation_entropy,transport_mechanism,,2025.0,,TG_only,,P0030,,1.0
C10D3798CF7,CC5968B917E,selective solvation,convection and mass transport,solvation_entropy,transport_mechanism,,2025.0,,TG_only,,P0257,,1.0
C23B9BED21A,C90F2267A45,ionic conduction,zwitterionic hydrogel ion regulation,transport_mechanism,gel_microstructure,,2025.0,,TG_only,,P0271,,1.0
C4AF8816DD4,C967653EA5F,ion-induced crystallization,thermosensitive crystallization,phase_or_species_transition,phase_or_species_transition,,2025.0,,TG_only,,P0031,,1.0
C6C09287FDB,CC5968B917E,high-entropy redox/ion coupling,convection and mass transport,solvation_entropy,transport_mechanism,,2025.0,,TG_only,,P0257,,1.0
C872881EC3C,CF2C5201A37,gel-confined redox transport,porous-electrode area enhancement,gel_microstructure,electrode_interface,,2025.0,,TG_only,,P0046,,1.0
C8AD5B453CC,CF2C5201A37,ion diffusion,porous-electrode area enhancement,transport_mechanism,electrode_interface,,2025.0,,TG_only,,P0046,,1.0
CC022D91D01,CC5968B917E,solvation entropy,convection and mass transport,solvation_entropy,transport_mechanism,,2025.0,,TG_only,,P0257,,1.0
CE2D00B183C,CF2C5201A37,redox-kinetics enhancement,porous-electrode area enhancement,electrode_interface,electrode_interface,,2025.0,,TG_only,,P0135,,2.0
C17A556FB4A,C45C8AAD12E,double-network hydrogel mechanics,charge-transfer resistance engineering,gel_microstructure,electrode_interface,,2026.0,,TG_only,,P0083,,1.0
C17A556FB4A,C46747A02A1,double-network hydrogel mechanics,ion-pairing and complexation,gel_microstructure,solvation_entropy,,2026.0,,TG_only,,P0083,,1.0
C17A556FB4A,CB56BB4DDB0,double-network hydrogel mechanics,carbon-electrode redox interface,gel_microstructure,electrode_interface,,2026.0,,TG_only,,P0083,,1.0
C17A556FB4A,CE2D00B183C,double-network hydrogel mechanics,redox-kinetics enhancement,gel_microstructure,electrode_interface,,2026.0,,TG_only,,P0083,,1.0
C17A556FB4A,CE4B0E242E7,double-network hydrogel mechanics,interfacial charge transfer,gel_microstructure,electrode_interface,,2026.0,,TG_only,,P0083,,1.0
C45C8AAD12E,C872881EC3C,charge-transfer resistance engineering,gel-confined redox transport,electrode_interface,gel_microstructure,,2026.0,,TG_only,,P0073,,2.0
C45C8AAD12E,C967653EA5F,charge-transfer resistance engineering,thermosensitive crystallization,electrode_interface,phase_or_species_transition,,2026.0,,TG_only,,P0255,,1.0
C45C8AAD12E,CB25BC3FC14,charge-transfer resistance engineering,double/interpenetrating network,electrode_interface,gel_microstructure,,2026.0,,TG_only,,P0083,,1.0
C45C8AAD12E,CB56BB4DDB0,charge-transfer resistance engineering,carbon-electrode redox interface,electrode_interface,electrode_interface,,2026.0,,TG_only,,P0083,,3.0
C45C8AAD12E,CE6FC512ED2,charge-transfer resistance engineering,dynamic crosslinked gel network,electrode_interface,gel_microstructure,,2026.0,,TG_only,,P0083,,1.0
C45C8AAD12E,CF4A6A0344F,charge-transfer resistance engineering,ion migration,electrode_interface,transport_mechanism,,2026.0,,TG_only,,P0165,,1.0
C46747A02A1,CB56BB4DDB0,ion-pairing and complexation,carbon-electrode redox interface,solvation_entropy,electrode_interface,,2026.0,,TG_only,,P0083,,1.0
C46747A02A1,CE2D00B183C,ion-pairing and complexation,redox-kinetics enhancement,solvation_entropy,electrode_interface,,2026.0,,TG_only,,P0083,,1.0
C46A965349B,CE6FC512ED2,anion transport,dynamic crosslinked gel network,transport_mechanism,gel_microstructure,,2026.0,,TG_only,,P0084,,1.0
C720E904BA7,CA8C62A4868,hydration-shell regulation,redox reaction entropy,solvation_entropy,solvation_entropy,,2026.0,,TG_only,,P0085,,1.0
C78D65254F9,CE2D00B183C,phase transition,redox-kinetics enhancement,phase_or_species_transition,electrode_interface,,2026.0,,TG_only,,P0255,,1.0
C78D65254F9,CF2C5201A37,phase transition,porous-electrode area enhancement,phase_or_species_transition,electrode_interface,,2026.0,,TG_only,,P0255,,1.0
C872881EC3C,CE2D00B183C,gel-confined redox transport,redox-kinetics enhancement,gel_microstructure,electrode_interface,,2026.0,,TG_only,,P0073,,2.0
C967653EA5F,CB56BB4DDB0,thermosensitive crystallization,carbon-electrode redox interface,phase_or_species_transition,electrode_interface,,2026.0,,TG_only,,P0255,,1.0
C967653EA5F,CE2D00B183C,thermosensitive crystallization,redox-kinetics enhancement,phase_or_species_transition,electrode_interface,,2026.0,,TG_only,,P0255,,1.0
C967653EA5F,CF2C5201A37,thermosensitive crystallization,porous-electrode area enhancement,phase_or_species_transition,electrode_interface,,2026.0,,TG_only,,P0255,,1.0
CB25BC3FC14,CB56BB4DDB0,double/interpenetrating network,carbon-electrode redox interface,gel_microstructure,electrode_interface,,2026.0,,TG_only,,P0083,,1.0
CB25BC3FC14,CE2D00B183C,double/interpenetrating network,redox-kinetics enhancement,gel_microstructure,electrode_interface,,2026.0,,TG_only,,P0083,,1.0
CB25BC3FC14,CE4B0E242E7,double/interpenetrating network,interfacial charge transfer,gel_microstructure,electrode_interface,,2026.0,,TG_only,,P0083,,1.0
CB56BB4DDB0,CE2D00B183C,carbon-electrode redox interface,redox-kinetics enhancement,electrode_interface,electrode_interface,,2026.0,,TG_only,,P0083,,3.0
CB56BB4DDB0,CE4B0E242E7,carbon-electrode redox interface,interfacial charge transfer,electrode_interface,electrode_interface,,2026.0,,TG_only,,P0083,,1.0
CB56BB4DDB0,CE6FC512ED2,carbon-electrode redox interface,dynamic crosslinked gel network,electrode_interface,gel_microstructure,,2026.0,,TG_only,,P0083,,1.0
CB56BB4DDB0,CF4A6A0344F,carbon-electrode redox interface,ion migration,electrode_interface,transport_mechanism,,2026.0,,TG_only,,P0165,,1.0
CE2D00B183C,CE6FC512ED2,redox-kinetics enhancement,dynamic crosslinked gel network,electrode_interface,gel_microstructure,,2026.0,,TG_only,,P0083,,1.0
CE2D00B183C,CF4A6A0344F,redox-kinetics enhancement,ion migration,electrode_interface,transport_mechanism,,2026.0,,TG_only,,P0165,,1.0
C45C8AAD12E,CE4B0E242E7,charge-transfer resistance engineering,interfacial charge transfer,electrode_interface,electrode_interface,1994.0,1991.0,-3.0,TG_then_iTE,P0997,P0133,29.0,11.0
C45C8AAD12E,CE2D00B183C,charge-transfer resistance engineering,redox-kinetics enhancement,electrode_interface,electrode_interface,2017.0,1994.0,-23.0,TG_then_iTE,P0113,P0129,3.0,10.0
C45C8AAD12E,CC5968B917E,charge-transfer resistance engineering,convection and mass transport,electrode_interface,transport_mechanism,2026.0,1994.0,-32.0,TG_then_iTE,P0253,P0129,1.0,2.0
C3002C089A5,C6C09287FDB,ionic thermodiffusion (Soret effect),high-entropy redox/ion coupling,transport_mechanism,solvation_entropy,2022.0,1995.0,-27.0,TG_then_iTE,P0616,P0232,3.0,2.0
C10D3798CF7,CA8C62A4868,selective solvation,redox reaction entropy,solvation_entropy,solvation_entropy,2024.0,2000.0,-24.0,TG_then_iTE,P0275,P0235,2.0,9.0
C10D3798CF7,C3002C089A5,selective solvation,ionic thermodiffusion (Soret effect),solvation_entropy,transport_mechanism,2019.0,2006.0,-13.0,TG_then_iTE,P1584,P0244,2.0,1.0
C08389FD6C6,C3002C089A5,moisture-gradient ion transport,ionic thermodiffusion (Soret effect),transport_mechanism,transport_mechanism,2020.0,2006.0,-14.0,TG_then_iTE,P0615,P0239,13.0,4.0
C845F498233,CBFAB31D6E6,ion-dipole interaction,electrostatic interaction,solvation_entropy,solvation_entropy,2022.0,2012.0,-10.0,TG_then_iTE,P1045,P0316,6.0,2.0
CC5968B917E,CEA29EF1A99,convection and mass transport,thermal-gradient heat-transfer control,transport_mechanism,device_mechanism,2021.0,2014.0,-7.0,TG_then_iTE,P0101,P0303,2.0,6.0
C23B9BED21A,CEA29EF1A99,ionic conduction,thermal-gradient heat-transfer control,transport_mechanism,device_mechanism,2022.0,2014.0,-8.0,TG_then_iTE,P0698,P0303,1.0,1.0
C46747A02A1,C78D65254F9,ion-pairing and complexation,phase transition,solvation_entropy,phase_or_species_transition,2021.0,2016.0,-5.0,TG_then_iTE,P1810,P0283,2.0,3.0
C46747A02A1,C6B063A770B,ion-pairing and complexation,supramolecular host-guest redox entropy,solvation_entropy,solvation_entropy,2025.0,2016.0,-9.0,TG_then_iTE,P0337,P0283,2.0,1.0
C46747A02A1,CD486BA800F,ion-pairing and complexation,host-guest complexation,solvation_entropy,solvation_entropy,2025.0,2016.0,-9.0,TG_then_iTE,P0337,P0283,2.0,1.0
C6B063A770B,CD486BA800F,supramolecular host-guest redox entropy,host-guest complexation,solvation_entropy,solvation_entropy,2025.0,2016.0,-9.0,TG_then_iTE,P0337,P0283,3.0,3.0
C10D3798CF7,C41BE9B5F0E,selective solvation,solvation-shell remodeling,solvation_entropy,solvation_entropy,2026.0,2017.0,-9.0,TG_then_iTE,P0078,P0192,2.0,5.0
C41BE9B5F0E,CA8C62A4868,solvation-shell remodeling,redox reaction entropy,solvation_entropy,solvation_entropy,2026.0,2017.0,-9.0,TG_then_iTE,P0078,P0192,1.0,3.0
C45C8AAD12E,CC028ABF9C6,charge-transfer resistance engineering,anti-freezing organohydrogel design,electrode_interface,gel_microstructure,2026.0,2017.0,-9.0,TG_then_iTE,P0175,P0324,1.0,2.0
CC028ABF9C6,CE4B0E242E7,anti-freezing organohydrogel design,interfacial charge transfer,gel_microstructure,electrode_interface,2026.0,2017.0,-9.0,TG_then_iTE,P0175,P0324,1.0,2.0
C78D65254F9,C872881EC3C,phase transition,gel-confined redox transport,phase_or_species_transition,gel_microstructure,2021.0,2020.0,-1.0,TG_then_iTE,P1493,P0058,8.0,6.0
C188B56F6F1,C5E63317596,ion-selectivity membrane transport,hierarchical porous electrode interface,transport_mechanism,electrode_interface,2022.0,2021.0,-1.0,TG_then_iTE,P0919,P0205,1.0,1.0
C5E63317596,CF2C5201A37,hierarchical porous electrode interface,porous-electrode area enhancement,electrode_interface,electrode_interface,2022.0,2021.0,-1.0,TG_then_iTE,P0169,P0205,1.0,3.0
C46747A02A1,CA8C62A4868,ion-pairing and complexation,redox reaction entropy,solvation_entropy,solvation_entropy,2023.0,2021.0,-2.0,TG_then_iTE,P0537,P0223,3.0,2.0
C188B56F6F1,C46747A02A1,ion-selectivity membrane transport,ion-pairing and complexation,transport_mechanism,solvation_entropy,2024.0,2021.0,-3.0,TG_then_iTE,P0137,P0223,3.0,2.0
C10C4FF4B6C,CB25BC3FC14,hydrogen bonding,double/interpenetrating network,solvation_entropy,gel_microstructure,2023.0,2022.0,-1.0,TG_then_iTE,P0379,P0057,1.0,2.0
C78D65254F9,CC028ABF9C6,phase transition,anti-freezing organohydrogel design,phase_or_species_transition,gel_microstructure,2023.0,2022.0,-1.0,TG_then_iTE,P1003,P0039,1.0,2.0
C872881EC3C,CC028ABF9C6,gel-confined redox transport,anti-freezing organohydrogel design,gel_microstructure,gel_microstructure,2023.0,2022.0,-1.0,TG_then_iTE,P1003,P0061,5.0,13.0
C10C4FF4B6C,C872881EC3C,hydrogen bonding,gel-confined redox transport,solvation_entropy,gel_microstructure,2025.0,2022.0,-3.0,TG_then_iTE,P0139,P0061,3.0,10.0
C23B9BED21A,C96681C9193,ionic conduction,ion channels,transport_mechanism,transport_mechanism,2025.0,2022.0,-3.0,TG_then_iTE,P0681,P0185,1.0,1.0
C7932B1CE8C,C872881EC3C,chaotropic polymer-water disruption,gel-confined redox transport,gel_microstructure,gel_microstructure,2025.0,2022.0,-3.0,TG_then_iTE,P0139,P0061,3.0,7.0
C78D65254F9,C967653EA5F,phase transition,thermosensitive crystallization,phase_or_species_transition,phase_or_species_transition,2026.0,2022.0,-4.0,TG_then_iTE,P1263,P0284,1.0,4.0
C78D65254F9,CEA29EF1A99,phase transition,thermal-gradient heat-transfer control,phase_or_species_transition,device_mechanism,2026.0,2022.0,-4.0,TG_then_iTE,P0433,P0039,2.0,2.0
CC028ABF9C6,CEA29EF1A99,anti-freezing organohydrogel design,thermal-gradient heat-transfer control,gel_microstructure,device_mechanism,2026.0,2022.0,-4.0,TG_then_iTE,P1476,P0039,1.0,2.0
C45C8AAD12E,C7932B1CE8C,charge-transfer resistance engineering,chaotropic polymer-water disruption,electrode_interface,gel_microstructure,2024.0,2023.0,-1.0,TG_then_iTE,P1502,P0277,1.0,1.0
C7932B1CE8C,CE4B0E242E7,chaotropic polymer-water disruption,interfacial charge transfer,gel_microstructure,electrode_interface,2024.0,2023.0,-1.0,TG_then_iTE,P1502,P0277,1.0,1.0
CE2D00B183C,CE4B0E242E7,redox-kinetics enhancement,interfacial charge transfer,electrode_interface,electrode_interface,2024.0,2023.0,-1.0,TG_then_iTE,P1186,P0277,1.0,2.0
C08389FD6C6,C872881EC3C,moisture-gradient ion transport,gel-confined redox transport,transport_mechanism,gel_microstructure,2025.0,2023.0,-2.0,TG_then_iTE,P0338,P0193,3.0,5.0
C41BE9B5F0E,C5E47CC0A62,solvation-shell remodeling,Hofmeister/chaotropic effect,solvation_entropy,gel_microstructure,2025.0,2023.0,-2.0,TG_then_iTE,P0139,P0277,1.0,2.0
C41BE9B5F0E,C7932B1CE8C,solvation-shell remodeling,chaotropic polymer-water disruption,solvation_entropy,gel_microstructure,2025.0,2023.0,-2.0,TG_then_iTE,P0139,P0277,1.0,2.0
C6C09287FDB,CA8C62A4868,high-entropy redox/ion coupling,redox reaction entropy,solvation_entropy,solvation_entropy,2025.0,2023.0,-2.0,TG_then_iTE,P0146,P0195,2.0,2.0
C10D3798CF7,C6C09287FDB,selective solvation,high-entropy redox/ion coupling,solvation_entropy,solvation_entropy,2026.0,2023.0,-3.0,TG_then_iTE,P0251,P0195,1.0,3.0
C78D65254F9,C7932B1CE8C,phase transition,chaotropic polymer-water disruption,phase_or_species_transition,gel_microstructure,2026.0,2023.0,-3.0,TG_then_iTE,P1263,P0059,1.0,1.0
C10D3798CF7,C5CA44ABCFC,selective solvation,redox-solvation hybrid entropy,solvation_entropy,solvation_entropy,2025.0,2024.0,-1.0,TG_then_iTE,P0258,P0166,1.0,3.0
C872881EC3C,C9B6878E079,gel-confined redox transport,photothermal-thermoelectric coupling,gel_microstructure,device_mechanism,2025.0,2024.0,-1.0,TG_then_iTE,P0136,P0051,2.0,4.0
CC022D91D01,CC028ABF9C6,solvation entropy,anti-freezing organohydrogel design,solvation_entropy,gel_microstructure,2025.0,2024.0,-1.0,TG_then_iTE,P0250,P0166,1.0,3.0
C10C4FF4B6C,CA8C62A4868,hydrogen bonding,redox reaction entropy,solvation_entropy,solvation_entropy,2026.0,2024.0,-2.0,TG_then_iTE,P1263,P0166,1.0,1.0
C10C4FF4B6C,CC022D91D01,hydrogen bonding,solvation entropy,solvation_entropy,solvation_entropy,2026.0,2024.0,-2.0,TG_then_iTE,P0264,P0166,1.0,2.0
C10D3798CF7,C872881EC3C,selective solvation,gel-confined redox transport,solvation_entropy,gel_microstructure,2026.0,2024.0,-2.0,TG_then_iTE,P0078,P0166,2.0,4.0
C539540C36B,C78D65254F9,nanochannel-confined ion transport,phase transition,transport_mechanism,phase_or_species_transition,2026.0,2024.0,-2.0,TG_then_iTE,P0433,P0027,1.0,1.0
C555F4672C1,CA8C62A4868,configurational-entropy modulation,redox reaction entropy,phase_or_species_transition,solvation_entropy,2026.0,2024.0,-2.0,TG_then_iTE,P0078,P0044,1.0,2.0
C872881EC3C,C8AD5B453CC,gel-confined redox transport,ion diffusion,gel_microstructure,transport_mechanism,2026.0,2024.0,-2.0,TG_then_iTE,P1404,P0053,1.0,2.0
C872881EC3C,CC022D91D01,gel-confined redox transport,solvation entropy,gel_microstructure,solvation_entropy,2026.0,2024.0,-2.0,TG_then_iTE,P0264,P0166,1.0,3.0
C41BE9B5F0E,CC022D91D01,solvation-shell remodeling,solvation entropy,solvation_entropy,solvation_entropy,2026.0,2025.0,-1.0,TG_then_iTE,P0251,P0002,1.0,2.0
C6C09287FDB,CC022D91D01,high-entropy redox/ion coupling,solvation entropy,solvation_entropy,solvation_entropy,2026.0,2025.0,-1.0,TG_then_iTE,P0251,P0257,1.0,2.0
C872881EC3C,C967653EA5F,gel-confined redox transport,thermosensitive crystallization,gel_microstructure,phase_or_species_transition,2026.0,2025.0,-1.0,TG_then_iTE,P1263,P0031,1.0,1.0
CA8C62A4868,CF4A6A0344F,redox reaction entropy,ion migration,solvation_entropy,transport_mechanism,2026.0,2025.0,-1.0,TG_then_iTE,P0078,P0030,1.0,2.0
C3002C089A5,CC5968B917E,ionic thermodiffusion (Soret effect),convection and mass transport,transport_mechanism,transport_mechanism,1999.0,,,iTE_only,P1303,,1.0,
C8AD5B453CC,CC5968B917E,ion diffusion,convection and mass transport,transport_mechanism,transport_mechanism,1999.0,,,iTE_only,P1303,,1.0,
C08389FD6C6,CDBC384EF52,moisture-gradient ion transport,polymer-water interaction,transport_mechanism,gel_microstructure,2002.0,,,iTE_only,P1240,,2.0,
CC3BA67827F,CC5968B917E,ionic-electronic coupling,convection and mass transport,transport_mechanism,transport_mechanism,2002.0,,,iTE_only,P1486,,1.0,
C45C8AAD12E,CD486BA800F,charge-transfer resistance engineering,host-guest complexation,electrode_interface,solvation_entropy,2003.0,,,iTE_only,P1285,,1.0,
CD486BA800F,CE4B0E242E7,host-guest complexation,interfacial charge transfer,solvation_entropy,electrode_interface,2003.0,,,iTE_only,P1285,,1.0,
C78D65254F9,CC3BA67827F,phase transition,ionic-electronic coupling,phase_or_species_transition,transport_mechanism,2004.0,,,iTE_only,P0709,,1.0,
C23B9BED21A,C78D65254F9,ionic conduction,phase transition,transport_mechanism,phase_or_species_transition,2005.0,,,iTE_only,P1241,,5.0,
C23B9BED21A,CF4A6A0344F,ionic conduction,ion migration,transport_mechanism,transport_mechanism,2012.0,,,iTE_only,P0776,,5.0,
C3002C089A5,CEA29EF1A99,ionic thermodiffusion (Soret effect),thermal-gradient heat-transfer control,transport_mechanism,device_mechanism,2013.0,,,iTE_only,P1750,,4.0,
C41DA9D5B12,CB56BB4DDB0,convection-resolved resistance decomposition,carbon-electrode redox interface,transport_mechanism,electrode_interface,2013.0,,,iTE_only,P1410,,1.0,
C0E0D20D156,C188B56F6F1,polarized-membrane ionic thermal potential,ion-selectivity membrane transport,transport_mechanism,transport_mechanism,2016.0,,,iTE_only,P0662,,2.0,
CBFAB31D6E6,CEA29EF1A99,electrostatic interaction,thermal-gradient heat-transfer control,solvation_entropy,device_mechanism,2016.0,,,iTE_only,P1201,,1.0,
C46747A02A1,C58F3B85353,ion-pairing and complexation,thermoresponsive micellization p/n conversion,solvation_entropy,phase_or_species_transition,2017.0,,,iTE_only,P0657,,1.0,
C188B56F6F1,C23B9BED21A,ion-selectivity membrane transport,ionic conduction,transport_mechanism,transport_mechanism,2018.0,,,iTE_only,P0834,,1.0,
C78D65254F9,CF4A6A0344F,phase transition,ion migration,phase_or_species_transition,transport_mechanism,2018.0,,,iTE_only,P1593,,3.0,
C08389FD6C6,C96681C9193,moisture-gradient ion transport,ion channels,transport_mechanism,transport_mechanism,2019.0,,,iTE_only,P0764,,2.0,
C10D3798CF7,CF203EF8121,selective solvation,Eastman entropy of transfer,solvation_entropy,solvation_entropy,2019.0,,,iTE_only,P1584,,2.0,
C78D65254F9,CBFAB31D6E6,phase transition,electrostatic interaction,phase_or_species_transition,solvation_entropy,2019.0,,,iTE_only,P1065,,1.0,
C78D65254F9,CE4B0E242E7,phase transition,interfacial charge transfer,phase_or_species_transition,electrode_interface,2019.0,,,iTE_only,P1822,,3.0,
C7932B1CE8C,CE6FC512ED2,chaotropic polymer-water disruption,dynamic crosslinked gel network,gel_microstructure,gel_microstructure,2019.0,,,iTE_only,P0644,,10.0,
C8AD5B453CC,CC028ABF9C6,ion diffusion,anti-freezing organohydrogel design,transport_mechanism,gel_microstructure,2019.0,,,iTE_only,P0650,,1.0,
C8AD5B453CC,CE6FC512ED2,ion diffusion,dynamic crosslinked gel network,transport_mechanism,gel_microstructure,2019.0,,,iTE_only,P0650,,3.0,
C96681C9193,CC3BA67827F,ion channels,ionic-electronic coupling,transport_mechanism,transport_mechanism,2019.0,,,iTE_only,P0764,,1.0,
C182567E63B,C188B56F6F1,ion concentration-gradient formation,ion-selectivity membrane transport,transport_mechanism,transport_mechanism,2020.0,,,iTE_only,P1096,,3.0,
C182567E63B,C539540C36B,ion concentration-gradient formation,nanochannel-confined ion transport,transport_mechanism,transport_mechanism,2020.0,,,iTE_only,P1096,,1.0,
C182567E63B,C8AD5B453CC,ion concentration-gradient formation,ion diffusion,transport_mechanism,transport_mechanism,2020.0,,,iTE_only,P1096,,1.0,
C182567E63B,C96681C9193,ion concentration-gradient formation,ion channels,transport_mechanism,transport_mechanism,2020.0,,,iTE_only,P1096,,1.0,
C188B56F6F1,C96681C9193,ion-selectivity membrane transport,ion channels,transport_mechanism,transport_mechanism,2020.0,,,iTE_only,P1096,,4.0,
C3002C089A5,C41DA9D5B12,ionic thermodiffusion (Soret effect),convection-resolved resistance decomposition,transport_mechanism,transport_mechanism,2020.0,,,iTE_only,P1242,,1.0,
C41BE9B5F0E,C5CA44ABCFC,solvation-shell remodeling,redox-solvation hybrid entropy,solvation_entropy,solvation_entropy,2020.0,,,iTE_only,P1549,,1.0,
C46A965349B,CC3BA67827F,anion transport,ionic-electronic coupling,transport_mechanism,transport_mechanism,2020.0,,,iTE_only,P1553,,1.0,
C555F4672C1,C6C09287FDB,configurational-entropy modulation,high-entropy redox/ion coupling,phase_or_species_transition,solvation_entropy,2020.0,,,iTE_only,P1592,,1.0,
C78D65254F9,CC5968B917E,phase transition,convection and mass transport,phase_or_species_transition,transport_mechanism,2020.0,,,iTE_only,P1775,,1.0,
C8AD5B453CC,C96681C9193,ion diffusion,ion channels,transport_mechanism,transport_mechanism,2020.0,,,iTE_only,P1096,,1.0,
CC3BA67827F,CF4A6A0344F,ionic-electronic coupling,ion migration,transport_mechanism,transport_mechanism,2020.0,,,iTE_only,P0603,,4.0,
C08389FD6C6,C539540C36B,moisture-gradient ion transport,nanochannel-confined ion transport,transport_mechanism,transport_mechanism,2021.0,,,iTE_only,P0608,,5.0,
C08389FD6C6,CF69DD93A68,moisture-gradient ion transport,selective ion transport,transport_mechanism,transport_mechanism,2021.0,,,iTE_only,P0608,,3.0,
C188B56F6F1,CC028ABF9C6,ion-selectivity membrane transport,anti-freezing organohydrogel design,transport_mechanism,gel_microstructure,2021.0,,,iTE_only,P0839,,3.0,
C539540C36B,CF69DD93A68,nanochannel-confined ion transport,selective ion transport,transport_mechanism,transport_mechanism,2021.0,,,iTE_only,P0608,,2.0,
C78D65254F9,C9516FFBFC5,phase transition,volume phase transition,phase_or_species_transition,phase_or_species_transition,2021.0,,,iTE_only,P1493,,3.0,
C872881EC3C,C9516FFBFC5,gel-confined redox transport,volume phase transition,gel_microstructure,phase_or_species_transition,2021.0,,,iTE_only,P1493,,2.0,
C8AD5B453CC,CF4A6A0344F,ion diffusion,ion migration,transport_mechanism,transport_mechanism,2021.0,,,iTE_only,P0645,,1.0,
C9516FFBFC5,CB314592CFB,volume phase transition,precipitation and species redistribution,phase_or_species_transition,phase_or_species_transition,2021.0,,,iTE_only,P1493,,1.0,
C08389FD6C6,C98C1040415,moisture-gradient ion transport,cation transport,transport_mechanism,transport_mechanism,2022.0,,,iTE_only,P0570,,4.0,
C08389FD6C6,CF4A6A0344F,moisture-gradient ion transport,ion migration,transport_mechanism,transport_mechanism,2022.0,,,iTE_only,P0570,,3.0,
C17A556FB4A,C188B56F6F1,double-network hydrogel mechanics,ion-selectivity membrane transport,gel_microstructure,transport_mechanism,2022.0,,,iTE_only,P0919,,1.0,
C17A556FB4A,C5E63317596,double-network hydrogel mechanics,hierarchical porous electrode interface,gel_microstructure,electrode_interface,2022.0,,,iTE_only,P0919,,1.0,
C17A556FB4A,CC028ABF9C6,double-network hydrogel mechanics,anti-freezing organohydrogel design,gel_microstructure,gel_microstructure,2022.0,,,iTE_only,P0919,,1.0,
C188B56F6F1,CB25BC3FC14,ion-selectivity membrane transport,double/interpenetrating network,transport_mechanism,gel_microstructure,2022.0,,,iTE_only,P0919,,3.0,
C188B56F6F1,CE6FC512ED2,ion-selectivity membrane transport,dynamic crosslinked gel network,transport_mechanism,gel_microstructure,2022.0,,,iTE_only,P0390,,3.0,
C188B56F6F1,CEA29EF1A99,ion-selectivity membrane transport,thermal-gradient heat-transfer control,transport_mechanism,device_mechanism,2022.0,,,iTE_only,P1665,,2.0,
C23B9BED21A,C8AD5B453CC,ionic conduction,ion diffusion,transport_mechanism,transport_mechanism,2022.0,,,iTE_only,P1382,,2.0,
C58F3B85353,CA8C62A4868,thermoresponsive micellization p/n conversion,redox reaction entropy,phase_or_species_transition,solvation_entropy,2022.0,,,iTE_only,P0560,,1.0,
C58F3B85353,CF203EF8121,thermoresponsive micellization p/n conversion,Eastman entropy of transfer,phase_or_species_transition,solvation_entropy,2022.0,,,iTE_only,P0560,,1.0,
C5E47CC0A62,C845F498233,Hofmeister/chaotropic effect,ion-dipole interaction,gel_microstructure,solvation_entropy,2022.0,,,iTE_only,P1045,,1.0,
C5E47CC0A62,CBFAB31D6E6,Hofmeister/chaotropic effect,electrostatic interaction,gel_microstructure,solvation_entropy,2022.0,,,iTE_only,P1045,,1.0,
C5E63317596,CB25BC3FC14,hierarchical porous electrode interface,double/interpenetrating network,electrode_interface,gel_microstructure,2022.0,,,iTE_only,P0919,,1.0,
C5E63317596,CC028ABF9C6,hierarchical porous electrode interface,anti-freezing organohydrogel design,electrode_interface,gel_microstructure,2022.0,,,iTE_only,P0919,,1.0,
C5E63317596,CE6FC512ED2,hierarchical porous electrode interface,dynamic crosslinked gel network,electrode_interface,gel_microstructure,2022.0,,,iTE_only,P0919,,1.0,
C78D65254F9,CE6FC512ED2,phase transition,dynamic crosslinked gel network,phase_or_species_transition,gel_microstructure,2022.0,,,iTE_only,P0697,,1.0,
C845F498233,CC028ABF9C6,ion-dipole interaction,anti-freezing organohydrogel design,solvation_entropy,gel_microstructure,2022.0,,,iTE_only,P1045,,2.0,
C8AD5B453CC,CF203EF8121,ion diffusion,Eastman entropy of transfer,transport_mechanism,solvation_entropy,2022.0,,,iTE_only,P0394,,2.0,
C98C1040415,CF4A6A0344F,cation transport,ion migration,transport_mechanism,transport_mechanism,2022.0,,,iTE_only,P0570,,2.0,
CBFAB31D6E6,CC028ABF9C6,electrostatic interaction,anti-freezing organohydrogel design,solvation_entropy,gel_microstructure,2022.0,,,iTE_only,P1045,,3.0,
CC028ABF9C6,CC3BA67827F,anti-freezing organohydrogel design,ionic-electronic coupling,gel_microstructure,transport_mechanism,2022.0,,,iTE_only,P1705,,2.0,
CE6FC512ED2,CF4A6A0344F,dynamic crosslinked gel network,ion migration,gel_microstructure,transport_mechanism,2022.0,,,iTE_only,P1434,,5.0,
C08389FD6C6,C23B9BED21A,moisture-gradient ion transport,ionic conduction,transport_mechanism,transport_mechanism,2023.0,,,iTE_only,P1403,,2.0,
C08389FD6C6,CBFAB31D6E6,moisture-gradient ion transport,electrostatic interaction,transport_mechanism,solvation_entropy,2023.0,,,iTE_only,P0552,,2.0,
C08389FD6C6,CF203EF8121,moisture-gradient ion transport,Eastman entropy of transfer,transport_mechanism,solvation_entropy,2023.0,,,iTE_only,P0375,,2.0,
C10C4FF4B6C,C46747A02A1,hydrogen bonding,ion-pairing and complexation,solvation_entropy,solvation_entropy,2023.0,,,iTE_only,P0379,,8.0,
C10C4FF4B6C,C845F498233,hydrogen bonding,ion-dipole interaction,solvation_entropy,solvation_entropy,2023.0,,,iTE_only,P1345,,5.0,
C10C4FF4B6C,CC3BA67827F,hydrogen bonding,ionic-electronic coupling,solvation_entropy,transport_mechanism,2023.0,,,iTE_only,P1342,,1.0,
C10C4FF4B6C,CFBB5A400A1,hydrogen bonding,cation-anion thermodiffusion asymmetry,solvation_entropy,transport_mechanism,2023.0,,,iTE_only,P0379,,4.0,
C188B56F6F1,C78D65254F9,ion-selectivity membrane transport,phase transition,transport_mechanism,phase_or_species_transition,2023.0,,,iTE_only,P1925,,1.0,
C188B56F6F1,CC3BA67827F,ion-selectivity membrane transport,ionic-electronic coupling,transport_mechanism,transport_mechanism,2023.0,,,iTE_only,P0607,,1.0,
C188B56F6F1,CF4A6A0344F,ion-selectivity membrane transport,ion migration,transport_mechanism,transport_mechanism,2023.0,,,iTE_only,P0386,,5.0,
C3002C089A5,C58F3B85353,ionic thermodiffusion (Soret effect),thermoresponsive micellization p/n conversion,transport_mechanism,phase_or_species_transition,2023.0,,,iTE_only,P0383,,1.0,
C3002C089A5,C70B6BBB358,ionic thermodiffusion (Soret effect),temperature-sensitive phase transition,transport_mechanism,phase_or_species_transition,2023.0,,,iTE_only,P0381,,1.0,
C3002C089A5,C845F498233,ionic thermodiffusion (Soret effect),ion-dipole interaction,transport_mechanism,solvation_entropy,2023.0,,,iTE_only,P0374,,4.0,
C3C17DDE1C9,C46747A02A1,Gutmann-donor ionic-cluster thermodiffusion,ion-pairing and complexation,transport_mechanism,solvation_entropy,2023.0,,,iTE_only,P0537,,1.0,
C3C17DDE1C9,C46A965349B,Gutmann-donor ionic-cluster thermodiffusion,anion transport,transport_mechanism,transport_mechanism,2023.0,,,iTE_only,P0537,,1.0,
C3C17DDE1C9,CA8C62A4868,Gutmann-donor ionic-cluster thermodiffusion,redox reaction entropy,transport_mechanism,solvation_entropy,2023.0,,,iTE_only,P0537,,1.0,
C3C17DDE1C9,CF203EF8121,Gutmann-donor ionic-cluster thermodiffusion,Eastman entropy of transfer,transport_mechanism,solvation_entropy,2023.0,,,iTE_only,P0537,,1.0,
C46747A02A1,C46A965349B,ion-pairing and complexation,anion transport,solvation_entropy,transport_mechanism,2023.0,,,iTE_only,P0537,,3.0,
C46747A02A1,C7932B1CE8C,ion-pairing and complexation,chaotropic polymer-water disruption,solvation_entropy,gel_microstructure,2023.0,,,iTE_only,P0379,,6.0,
C46747A02A1,C845F498233,ion-pairing and complexation,ion-dipole interaction,solvation_entropy,solvation_entropy,2023.0,,,iTE_only,P1345,,2.0,
C46747A02A1,CAEE03ADAC5,ion-pairing and complexation,bidirectional cationic anchoring thermodiffusion,solvation_entropy,transport_mechanism,2023.0,,,iTE_only,P0696,,2.0,
C46747A02A1,CF203EF8121,ion-pairing and complexation,Eastman entropy of transfer,solvation_entropy,solvation_entropy,2023.0,,,iTE_only,P0537,,3.0,
C46A965349B,CF203EF8121,anion transport,Eastman entropy of transfer,transport_mechanism,solvation_entropy,2023.0,,,iTE_only,P0537,,2.0,
C539540C36B,CEA29EF1A99,nanochannel-confined ion transport,thermal-gradient heat-transfer control,transport_mechanism,device_mechanism,2023.0,,,iTE_only,P0862,,2.0,
C539540C36B,CF4A6A0344F,nanochannel-confined ion transport,ion migration,transport_mechanism,transport_mechanism,2023.0,,,iTE_only,P0386,,5.0,
C58F3B85353,CFBB5A400A1,thermoresponsive micellization p/n conversion,cation-anion thermodiffusion asymmetry,phase_or_species_transition,transport_mechanism,2023.0,,,iTE_only,P0383,,1.0,
C70B6BBB358,C78D65254F9,temperature-sensitive phase transition,phase transition,phase_or_species_transition,phase_or_species_transition,2023.0,,,iTE_only,P0381,,2.0,
C70B6BBB358,C872881EC3C,temperature-sensitive phase transition,gel-confined redox transport,phase_or_species_transition,gel_microstructure,2023.0,,,iTE_only,P0381,,1.0,
C70B6BBB358,CB25BC3FC14,temperature-sensitive phase transition,double/interpenetrating network,phase_or_species_transition,gel_microstructure,2023.0,,,iTE_only,P0381,,1.0,
C78D65254F9,C845F498233,phase transition,ion-dipole interaction,phase_or_species_transition,solvation_entropy,2023.0,,,iTE_only,P0772,,1.0,
C7932B1CE8C,C845F498233,chaotropic polymer-water disruption,ion-dipole interaction,gel_microstructure,solvation_entropy,2023.0,,,iTE_only,P1345,,4.0,
C7932B1CE8C,CB25BC3FC14,chaotropic polymer-water disruption,double/interpenetrating network,gel_microstructure,gel_microstructure,2023.0,,,iTE_only,P0379,,1.0,
C7932B1CE8C,CC3BA67827F,chaotropic polymer-water disruption,ionic-electronic coupling,gel_microstructure,transport_mechanism,2023.0,,,iTE_only,P1342,,1.0,
C7932B1CE8C,CFBB5A400A1,chaotropic polymer-water disruption,cation-anion thermodiffusion asymmetry,gel_microstructure,transport_mechanism,2023.0,,,iTE_only,P0379,,3.0,
C845F498233,C8AD5B453CC,ion-dipole interaction,ion diffusion,solvation_entropy,transport_mechanism,2023.0,,,iTE_only,P0374,,2.0,
C872881EC3C,CAEE03ADAC5,gel-confined redox transport,bidirectional cationic anchoring thermodiffusion,gel_microstructure,transport_mechanism,2023.0,,,iTE_only,P0696,,2.0,
C8AD5B453CC,CBFAB31D6E6,ion diffusion,electrostatic interaction,transport_mechanism,solvation_entropy,2023.0,,,iTE_only,P0374,,2.0,
C96681C9193,CF4A6A0344F,ion channels,ion migration,transport_mechanism,transport_mechanism,2023.0,,,iTE_only,P0386,,1.0,
CB25BC3FC14,CC3BA67827F,double/interpenetrating network,ionic-electronic coupling,gel_microstructure,transport_mechanism,2023.0,,,iTE_only,P0451,,2.0,
CB25BC3FC14,CE10EBC642C,double/interpenetrating network,Manning counterion condensation,gel_microstructure,transport_mechanism,2023.0,,,iTE_only,P0555,,2.0,
CC028ABF9C6,CE10EBC642C,anti-freezing organohydrogel design,Manning counterion condensation,gel_microstructure,transport_mechanism,2023.0,,,iTE_only,P0555,,1.0,
CEA29EF1A99,CF4A6A0344F,thermal-gradient heat-transfer control,ion migration,device_mechanism,transport_mechanism,2023.0,,,iTE_only,P0862,,1.0,
C08389FD6C6,C845F498233,moisture-gradient ion transport,ion-dipole interaction,transport_mechanism,solvation_entropy,2024.0,,,iTE_only,P1855,,2.0,
C08389FD6C6,C90F2267A45,moisture-gradient ion transport,zwitterionic hydrogel ion regulation,transport_mechanism,gel_microstructure,2024.0,,,iTE_only,P1335,,1.0,
C0E0D20D156,C539540C36B,polarized-membrane ionic thermal potential,nanochannel-confined ion transport,transport_mechanism,transport_mechanism,2024.0,,,iTE_only,P0567,,1.0,
C0E0D20D156,C845F498233,polarized-membrane ionic thermal potential,ion-dipole interaction,transport_mechanism,solvation_entropy,2024.0,,,iTE_only,P0567,,1.0,
C0E0D20D156,C96681C9193,polarized-membrane ionic thermal potential,ion channels,transport_mechanism,transport_mechanism,2024.0,,,iTE_only,P0567,,1.0,
C10C4FF4B6C,C45C8AAD12E,hydrogen bonding,charge-transfer resistance engineering,solvation_entropy,electrode_interface,2024.0,,,iTE_only,P1502,,1.0,
C10C4FF4B6C,C8AD5B453CC,hydrogen bonding,ion diffusion,solvation_entropy,transport_mechanism,2024.0,,,iTE_only,P0368,,2.0,
C10C4FF4B6C,CE4B0E242E7,hydrogen bonding,interfacial charge transfer,solvation_entropy,electrode_interface,2024.0,,,iTE_only,P1502,,1.0,
C17A556FB4A,C90F2267A45,double-network hydrogel mechanics,zwitterionic hydrogel ion regulation,gel_microstructure,gel_microstructure,2024.0,,,iTE_only,P0677,,1.0,
C188B56F6F1,C845F498233,ion-selectivity membrane transport,ion-dipole interaction,transport_mechanism,solvation_entropy,2024.0,,,iTE_only,P0567,,1.0,
C3002C089A5,C98C1040415,ionic thermodiffusion (Soret effect),cation transport,transport_mechanism,transport_mechanism,2024.0,,,iTE_only,P0408,,3.0,
C3002C089A5,CF69DD93A68,ionic thermodiffusion (Soret effect),selective ion transport,transport_mechanism,transport_mechanism,2024.0,,,iTE_only,P0355,,4.0,
C45C8AAD12E,C98C1040415,charge-transfer resistance engineering,cation transport,electrode_interface,transport_mechanism,2024.0,,,iTE_only,P1533,,1.0,
C46747A02A1,C5E47CC0A62,ion-pairing and complexation,Hofmeister/chaotropic effect,solvation_entropy,gel_microstructure,2024.0,,,iTE_only,P0990,,2.0,
C46747A02A1,CF69DD93A68,ion-pairing and complexation,selective ion transport,solvation_entropy,transport_mechanism,2024.0,,,iTE_only,P0355,,1.0,
C539540C36B,C5CE88E5AD7,nanochannel-confined ion transport,thermal migration,transport_mechanism,transport_mechanism,2024.0,,,iTE_only,P0683,,1.0,
C539540C36B,C845F498233,nanochannel-confined ion transport,ion-dipole interaction,transport_mechanism,solvation_entropy,2024.0,,,iTE_only,P0567,,1.0,
C7932B1CE8C,C8AD5B453CC,chaotropic polymer-water disruption,ion diffusion,gel_microstructure,transport_mechanism,2024.0,,,iTE_only,P0368,,2.0,
C845F498233,C96681C9193,ion-dipole interaction,ion channels,solvation_entropy,transport_mechanism,2024.0,,,iTE_only,P0567,,1.0,
C872881EC3C,C98C1040415,gel-confined redox transport,cation transport,gel_microstructure,transport_mechanism,2024.0,,,iTE_only,P0408,,1.0,
C8AD5B453CC,CB25BC3FC14,ion diffusion,double/interpenetrating network,transport_mechanism,gel_microstructure,2024.0,,,iTE_only,P0744,,1.0,
C8AD5B453CC,CE2D00B183C,ion diffusion,redox-kinetics enhancement,transport_mechanism,electrode_interface,2024.0,,,iTE_only,P0376,,1.0,
C90F2267A45,CB25BC3FC14,zwitterionic hydrogel ion regulation,double/interpenetrating network,gel_microstructure,gel_microstructure,2024.0,,,iTE_only,P0677,,1.0,
C90F2267A45,CE6FC512ED2,zwitterionic hydrogel ion regulation,dynamic crosslinked gel network,gel_microstructure,gel_microstructure,2024.0,,,iTE_only,P0677,,1.0,
C98C1040415,CC028ABF9C6,cation transport,anti-freezing organohydrogel design,transport_mechanism,gel_microstructure,2024.0,,,iTE_only,P0408,,1.0,
C98C1040415,CE4B0E242E7,cation transport,interfacial charge transfer,transport_mechanism,electrode_interface,2024.0,,,iTE_only,P1533,,1.0,
C98C1040415,CE6FC512ED2,cation transport,dynamic crosslinked gel network,transport_mechanism,gel_microstructure,2024.0,,,iTE_only,P0408,,1.0,
CC3BA67827F,CE6FC512ED2,ionic-electronic coupling,dynamic crosslinked gel network,transport_mechanism,gel_microstructure,2024.0,,,iTE_only,P0510,,1.0,
CF4A6A0344F,CF69DD93A68,ion migration,selective ion transport,transport_mechanism,transport_mechanism,2024.0,,,iTE_only,P0355,,4.0,
C08389FD6C6,CEA97D4EE60,moisture-gradient ion transport,oriented ion-transport channels,transport_mechanism,gel_microstructure,2025.0,,,iTE_only,P0338,,1.0,
C0AD9C93101,C46747A02A1,crown-ether cation complexation,ion-pairing and complexation,solvation_entropy,solvation_entropy,2025.0,,,iTE_only,P0342,,1.0,
C0AD9C93101,C872881EC3C,crown-ether cation complexation,gel-confined redox transport,solvation_entropy,gel_microstructure,2025.0,,,iTE_only,P0342,,1.0,
C0AD9C93101,CAEE03ADAC5,crown-ether cation complexation,bidirectional cationic anchoring thermodiffusion,solvation_entropy,transport_mechanism,2025.0,,,iTE_only,P0342,,1.0,
C0AD9C93101,CE4B0E242E7,crown-ether cation complexation,interfacial charge transfer,solvation_entropy,electrode_interface,2025.0,,,iTE_only,P0342,,1.0,
C0AD9C93101,CE6FC512ED2,crown-ether cation complexation,dynamic crosslinked gel network,solvation_entropy,gel_microstructure,2025.0,,,iTE_only,P0342,,1.0,
C10C4FF4B6C,C188B56F6F1,hydrogen bonding,ion-selectivity membrane transport,solvation_entropy,transport_mechanism,2025.0,,,iTE_only,P0347,,2.0,
C10C4FF4B6C,C539540C36B,hydrogen bonding,nanochannel-confined ion transport,solvation_entropy,transport_mechanism,2025.0,,,iTE_only,P0347,,2.0,
C10C4FF4B6C,C96681C9193,hydrogen bonding,ion channels,solvation_entropy,transport_mechanism,2025.0,,,iTE_only,P0347,,1.0,
C10C4FF4B6C,CBFAB31D6E6,hydrogen bonding,electrostatic interaction,solvation_entropy,solvation_entropy,2025.0,,,iTE_only,P0512,,2.0,
C10D3798CF7,C46747A02A1,selective solvation,ion-pairing and complexation,solvation_entropy,solvation_entropy,2025.0,,,iTE_only,P0414,,1.0,
C182567E63B,C3002C089A5,ion concentration-gradient formation,ionic thermodiffusion (Soret effect),transport_mechanism,transport_mechanism,2025.0,,,iTE_only,P0530,,1.0,
C188B56F6F1,C5CE88E5AD7,ion-selectivity membrane transport,thermal migration,transport_mechanism,transport_mechanism,2025.0,,,iTE_only,P0525,,1.0,
C188B56F6F1,C7932B1CE8C,ion-selectivity membrane transport,chaotropic polymer-water disruption,transport_mechanism,gel_microstructure,2025.0,,,iTE_only,P0540,,1.0,
C188B56F6F1,CE10EBC642C,ion-selectivity membrane transport,Manning counterion condensation,transport_mechanism,transport_mechanism,2025.0,,,iTE_only,P0344,,1.0,
C23B9BED21A,C3002C089A5,ionic conduction,ionic thermodiffusion (Soret effect),transport_mechanism,transport_mechanism,2025.0,,,iTE_only,P0681,,1.0,
C23B9BED21A,C46A965349B,ionic conduction,anion transport,transport_mechanism,transport_mechanism,2025.0,,,iTE_only,P0681,,1.0,
C23B9BED21A,C539540C36B,ionic conduction,nanochannel-confined ion transport,transport_mechanism,transport_mechanism,2025.0,,,iTE_only,P0681,,1.0,
C3002C089A5,C46A965349B,ionic thermodiffusion (Soret effect),anion transport,transport_mechanism,transport_mechanism,2025.0,,,iTE_only,P0367,,2.0,
C3002C089A5,C5CE88E5AD7,ionic thermodiffusion (Soret effect),thermal migration,transport_mechanism,transport_mechanism,2025.0,,,iTE_only,P0401,,3.0,
C3002C089A5,C6153FCE2C1,ionic thermodiffusion (Soret effect),pi-pi stacking,transport_mechanism,gel_microstructure,2025.0,,,iTE_only,P0336,,1.0,
C3002C089A5,C9516FFBFC5,ionic thermodiffusion (Soret effect),volume phase transition,transport_mechanism,phase_or_species_transition,2025.0,,,iTE_only,P0339,,1.0,
C3002C089A5,C96681C9193,ionic thermodiffusion (Soret effect),ion channels,transport_mechanism,transport_mechanism,2025.0,,,iTE_only,P0347,,2.0,
C3002C089A5,CAEE03ADAC5,ionic thermodiffusion (Soret effect),bidirectional cationic anchoring thermodiffusion,transport_mechanism,transport_mechanism,2025.0,,,iTE_only,P0342,,1.0,
C3002C089A5,CE10EBC642C,ionic thermodiffusion (Soret effect),Manning counterion condensation,transport_mechanism,transport_mechanism,2025.0,,,iTE_only,P0344,,2.0,
C3002C089A5,CEA97D4EE60,ionic thermodiffusion (Soret effect),oriented ion-transport channels,transport_mechanism,gel_microstructure,2025.0,,,iTE_only,P0338,,1.0,
C46747A02A1,C5CE88E5AD7,ion-pairing and complexation,thermal migration,solvation_entropy,transport_mechanism,2025.0,,,iTE_only,P0525,,3.0,
C46747A02A1,C6153FCE2C1,ion-pairing and complexation,pi-pi stacking,solvation_entropy,gel_microstructure,2025.0,,,iTE_only,P0336,,1.0,
C46747A02A1,C8AD5B453CC,ion-pairing and complexation,ion diffusion,solvation_entropy,transport_mechanism,2025.0,,,iTE_only,P0493,,3.0,
C46747A02A1,CBFAB31D6E6,ion-pairing and complexation,electrostatic interaction,solvation_entropy,solvation_entropy,2025.0,,,iTE_only,P0367,,1.0,
C46A965349B,C539540C36B,anion transport,nanochannel-confined ion transport,transport_mechanism,transport_mechanism,2025.0,,,iTE_only,P0681,,1.0,
C46A965349B,C845F498233,anion transport,ion-dipole interaction,transport_mechanism,solvation_entropy,2025.0,,,iTE_only,P0367,,1.0,
C46A965349B,C96681C9193,anion transport,ion channels,transport_mechanism,transport_mechanism,2025.0,,,iTE_only,P0681,,1.0,
C46A965349B,CB25BC3FC14,anion transport,double/interpenetrating network,transport_mechanism,gel_microstructure,2025.0,,,iTE_only,P0367,,1.0,
C46A965349B,CBFAB31D6E6,anion transport,electrostatic interaction,transport_mechanism,solvation_entropy,2025.0,,,iTE_only,P0367,,1.0,
C46A965349B,CC028ABF9C6,anion transport,anti-freezing organohydrogel design,transport_mechanism,gel_microstructure,2025.0,,,iTE_only,P0681,,1.0,
C46A965349B,CFBB5A400A1,anion transport,cation-anion thermodiffusion asymmetry,transport_mechanism,transport_mechanism,2025.0,,,iTE_only,P0367,,1.0,
C539540C36B,CC028ABF9C6,nanochannel-confined ion transport,anti-freezing organohydrogel design,transport_mechanism,gel_microstructure,2025.0,,,iTE_only,P0681,,2.0,
C539540C36B,CEA97D4EE60,nanochannel-confined ion transport,oriented ion-transport channels,transport_mechanism,gel_microstructure,2025.0,,,iTE_only,P0338,,1.0,
C5CE88E5AD7,C8AD5B453CC,thermal migration,ion diffusion,transport_mechanism,transport_mechanism,2025.0,,,iTE_only,P0878,,1.0,
C5CE88E5AD7,CE10EBC642C,thermal migration,Manning counterion condensation,transport_mechanism,transport_mechanism,2025.0,,,iTE_only,P0401,,1.0,
C5E47CC0A62,C96681C9193,Hofmeister/chaotropic effect,ion channels,gel_microstructure,transport_mechanism,2025.0,,,iTE_only,P0518,,1.0,
C6153FCE2C1,CFBB5A400A1,pi-pi stacking,cation-anion thermodiffusion asymmetry,gel_microstructure,transport_mechanism,2025.0,,,iTE_only,P0336,,1.0,
C845F498233,CB25BC3FC14,ion-dipole interaction,double/interpenetrating network,solvation_entropy,gel_microstructure,2025.0,,,iTE_only,P0367,,1.0,
C845F498233,CE6FC512ED2,ion-dipole interaction,dynamic crosslinked gel network,solvation_entropy,gel_microstructure,2025.0,,,iTE_only,P0341,,2.0,
C845F498233,CFBB5A400A1,ion-dipole interaction,cation-anion thermodiffusion asymmetry,solvation_entropy,transport_mechanism,2025.0,,,iTE_only,P0367,,1.0,
C872881EC3C,CEA97D4EE60,gel-confined redox transport,oriented ion-transport channels,gel_microstructure,gel_microstructure,2025.0,,,iTE_only,P0338,,1.0,
C9516FFBFC5,CFBB5A400A1,volume phase transition,cation-anion thermodiffusion asymmetry,phase_or_species_transition,transport_mechanism,2025.0,,,iTE_only,P0339,,1.0,
C96681C9193,CC028ABF9C6,ion channels,anti-freezing organohydrogel design,transport_mechanism,gel_microstructure,2025.0,,,iTE_only,P0681,,1.0,
C96681C9193,CFBB5A400A1,ion channels,cation-anion thermodiffusion asymmetry,transport_mechanism,transport_mechanism,2025.0,,,iTE_only,P0347,,1.0,
CAEE03ADAC5,CE4B0E242E7,bidirectional cationic anchoring thermodiffusion,interfacial charge transfer,transport_mechanism,electrode_interface,2025.0,,,iTE_only,P0342,,1.0,
CAEE03ADAC5,CE6FC512ED2,bidirectional cationic anchoring thermodiffusion,dynamic crosslinked gel network,transport_mechanism,gel_microstructure,2025.0,,,iTE_only,P0342,,1.0,
CAEE03ADAC5,CFBB5A400A1,bidirectional cationic anchoring thermodiffusion,cation-anion thermodiffusion asymmetry,transport_mechanism,transport_mechanism,2025.0,,,iTE_only,P0342,,1.0,
CB25BC3FC14,CBFAB31D6E6,double/interpenetrating network,electrostatic interaction,gel_microstructure,solvation_entropy,2025.0,,,iTE_only,P0367,,1.0,
CB25BC3FC14,CF4A6A0344F,double/interpenetrating network,ion migration,gel_microstructure,transport_mechanism,2025.0,,,iTE_only,P0344,,1.0,
CB25BC3FC14,CF69DD93A68,double/interpenetrating network,selective ion transport,gel_microstructure,transport_mechanism,2025.0,,,iTE_only,P0344,,1.0,
CB314592CFB,CF4A6A0344F,precipitation and species redistribution,ion migration,phase_or_species_transition,transport_mechanism,2025.0,,,iTE_only,P1396,,1.0,
CE10EBC642C,CF4A6A0344F,Manning counterion condensation,ion migration,transport_mechanism,transport_mechanism,2025.0,,,iTE_only,P0344,,1.0,
CE10EBC642C,CF69DD93A68,Manning counterion condensation,selective ion transport,transport_mechanism,transport_mechanism,2025.0,,,iTE_only,P0344,,1.0,
CEA97D4EE60,CF4A6A0344F,oriented ion-transport channels,ion migration,gel_microstructure,transport_mechanism,2025.0,,,iTE_only,P0338,,1.0,
CF69DD93A68,CFBB5A400A1,selective ion transport,cation-anion thermodiffusion asymmetry,transport_mechanism,transport_mechanism,2025.0,,,iTE_only,P0528,,2.0,
C08389FD6C6,C5CE88E5AD7,moisture-gradient ion transport,thermal migration,transport_mechanism,transport_mechanism,2026.0,,,iTE_only,P0590,,1.0,
C08389FD6C6,C6C09287FDB,moisture-gradient ion transport,high-entropy redox/ion coupling,transport_mechanism,solvation_entropy,2026.0,,,iTE_only,P0572,,1.0,
C08389FD6C6,CEA29EF1A99,moisture-gradient ion transport,thermal-gradient heat-transfer control,transport_mechanism,device_mechanism,2026.0,,,iTE_only,P0821,,2.0,
C10C4FF4B6C,C6B063A770B,hydrogen bonding,supramolecular host-guest redox entropy,solvation_entropy,solvation_entropy,2026.0,,,iTE_only,P0420,,2.0,
C10C4FF4B6C,C967653EA5F,hydrogen bonding,thermosensitive crystallization,solvation_entropy,phase_or_species_transition,2026.0,,,iTE_only,P1263,,1.0,
C10C4FF4B6C,CABD4C9C815,hydrogen bonding,salting-out confined ion gel,solvation_entropy,gel_microstructure,2026.0,,,iTE_only,P0423,,1.0,
C10C4FF4B6C,CB314592CFB,hydrogen bonding,precipitation and species redistribution,solvation_entropy,phase_or_species_transition,2026.0,,,iTE_only,P0423,,1.0,
C10C4FF4B6C,CD486BA800F,hydrogen bonding,host-guest complexation,solvation_entropy,solvation_entropy,2026.0,,,iTE_only,P0420,,2.0,
C10C4FF4B6C,CF4A6A0344F,hydrogen bonding,ion migration,solvation_entropy,transport_mechanism,2026.0,,,iTE_only,P0535,,1.0,
C10C4FF4B6C,CF652A991A2,hydrogen bonding,salting-out,solvation_entropy,phase_or_species_transition,2026.0,,,iTE_only,P0423,,1.0,
C10D3798CF7,CBFAB31D6E6,selective solvation,electrostatic interaction,solvation_entropy,solvation_entropy,2026.0,,,iTE_only,P0467,,1.0,
C10D3798CF7,CFBB5A400A1,selective solvation,cation-anion thermodiffusion asymmetry,solvation_entropy,transport_mechanism,2026.0,,,iTE_only,P0467,,1.0,
C17A556FB4A,C5CE88E5AD7,double-network hydrogel mechanics,thermal migration,gel_microstructure,transport_mechanism,2026.0,,,iTE_only,P0359,,1.0,
C182567E63B,CF4A6A0344F,ion concentration-gradient formation,ion migration,transport_mechanism,transport_mechanism,2026.0,,,iTE_only,P0529,,1.0,
C182567E63B,CF69DD93A68,ion concentration-gradient formation,selective ion transport,transport_mechanism,transport_mechanism,2026.0,,,iTE_only,P0529,,1.0,
C3002C089A5,CDBC384EF52,ionic thermodiffusion (Soret effect),polymer-water interaction,transport_mechanism,gel_microstructure,2026.0,,,iTE_only,P0430,,1.0,
C3C17DDE1C9,CC028ABF9C6,Gutmann-donor ionic-cluster thermodiffusion,anti-freezing organohydrogel design,transport_mechanism,gel_microstructure,2026.0,,,iTE_only,P1104,,1.0,
C3C17DDE1C9,CE6FC512ED2,Gutmann-donor ionic-cluster thermodiffusion,dynamic crosslinked gel network,transport_mechanism,gel_microstructure,2026.0,,,iTE_only,P1104,,1.0,
C3C17DDE1C9,CF4A6A0344F,Gutmann-donor ionic-cluster thermodiffusion,ion migration,transport_mechanism,transport_mechanism,2026.0,,,iTE_only,P1104,,1.0,
C46747A02A1,CABD4C9C815,ion-pairing and complexation,salting-out confined ion gel,solvation_entropy,gel_microstructure,2026.0,,,iTE_only,P1818,,1.0,
C46747A02A1,CF652A991A2,ion-pairing and complexation,salting-out,solvation_entropy,phase_or_species_transition,2026.0,,,iTE_only,P1818,,1.0,
C539540C36B,C7932B1CE8C,nanochannel-confined ion transport,chaotropic polymer-water disruption,transport_mechanism,gel_microstructure,2026.0,,,iTE_only,P0535,,1.0,
C539540C36B,CE6FC512ED2,nanochannel-confined ion transport,dynamic crosslinked gel network,transport_mechanism,gel_microstructure,2026.0,,,iTE_only,P0535,,1.0,
C5CE88E5AD7,C872881EC3C,thermal migration,gel-confined redox transport,transport_mechanism,gel_microstructure,2026.0,,,iTE_only,P0359,,1.0,
C5CE88E5AD7,CB25BC3FC14,thermal migration,double/interpenetrating network,transport_mechanism,gel_microstructure,2026.0,,,iTE_only,P0359,,1.0,
C5CE88E5AD7,CE6FC512ED2,thermal migration,dynamic crosslinked gel network,transport_mechanism,gel_microstructure,2026.0,,,iTE_only,P0359,,1.0,
C5CE88E5AD7,CFBB5A400A1,thermal migration,cation-anion thermodiffusion asymmetry,transport_mechanism,transport_mechanism,2026.0,,,iTE_only,P0590,,1.0,
C5E47CC0A62,CABD4C9C815,Hofmeister/chaotropic effect,salting-out confined ion gel,gel_microstructure,gel_microstructure,2026.0,,,iTE_only,P0423,,2.0,
C5E47CC0A62,CB314592CFB,Hofmeister/chaotropic effect,precipitation and species redistribution,gel_microstructure,phase_or_species_transition,2026.0,,,iTE_only,P0423,,1.0,
C5E47CC0A62,CF652A991A2,Hofmeister/chaotropic effect,salting-out,gel_microstructure,phase_or_species_transition,2026.0,,,iTE_only,P0423,,2.0,
C6B063A770B,C7932B1CE8C,supramolecular host-guest redox entropy,chaotropic polymer-water disruption,solvation_entropy,gel_microstructure,2026.0,,,iTE_only,P0420,,2.0,
C6B063A770B,C845F498233,supramolecular host-guest redox entropy,ion-dipole interaction,solvation_entropy,solvation_entropy,2026.0,,,iTE_only,P0422,,1.0,
C6B063A770B,CBFAB31D6E6,supramolecular host-guest redox entropy,electrostatic interaction,solvation_entropy,solvation_entropy,2026.0,,,iTE_only,P0422,,1.0,
C6B063A770B,CE6FC512ED2,supramolecular host-guest redox entropy,dynamic crosslinked gel network,solvation_entropy,gel_microstructure,2026.0,,,iTE_only,P0422,,1.0,
C6C09287FDB,CC028ABF9C6,high-entropy redox/ion coupling,anti-freezing organohydrogel design,solvation_entropy,gel_microstructure,2026.0,,,iTE_only,P0572,,1.0,
C7932B1CE8C,C967653EA5F,chaotropic polymer-water disruption,thermosensitive crystallization,gel_microstructure,phase_or_species_transition,2026.0,,,iTE_only,P1263,,1.0,
C7932B1CE8C,CABD4C9C815,chaotropic polymer-water disruption,salting-out confined ion gel,gel_microstructure,gel_microstructure,2026.0,,,iTE_only,P0423,,1.0,
C7932B1CE8C,CB314592CFB,chaotropic polymer-water disruption,precipitation and species redistribution,gel_microstructure,phase_or_species_transition,2026.0,,,iTE_only,P0423,,1.0,
C7932B1CE8C,CBFAB31D6E6,chaotropic polymer-water disruption,electrostatic interaction,gel_microstructure,solvation_entropy,2026.0,,,iTE_only,P0422,,1.0,
C7932B1CE8C,CD486BA800F,chaotropic polymer-water disruption,host-guest complexation,gel_microstructure,solvation_entropy,2026.0,,,iTE_only,P0420,,2.0,
C7932B1CE8C,CF4A6A0344F,chaotropic polymer-water disruption,ion migration,gel_microstructure,transport_mechanism,2026.0,,,iTE_only,P0535,,1.0,
C7932B1CE8C,CF652A991A2,chaotropic polymer-water disruption,salting-out,gel_microstructure,phase_or_species_transition,2026.0,,,iTE_only,P0423,,1.0,
C845F498233,CD486BA800F,ion-dipole interaction,host-guest complexation,solvation_entropy,solvation_entropy,2026.0,,,iTE_only,P0422,,1.0,
C967653EA5F,CA8C62A4868,thermosensitive crystallization,redox reaction entropy,phase_or_species_transition,solvation_entropy,2026.0,,,iTE_only,P1263,,1.0,
C98C1040415,CEA29EF1A99,cation transport,thermal-gradient heat-transfer control,transport_mechanism,device_mechanism,2026.0,,,iTE_only,P0821,,1.0,
C98C1040415,CF203EF8121,cation transport,Eastman entropy of transfer,transport_mechanism,solvation_entropy,2026.0,,,iTE_only,P0438,,1.0,
CABD4C9C815,CB314592CFB,salting-out confined ion gel,precipitation and species redistribution,gel_microstructure,phase_or_species_transition,2026.0,,,iTE_only,P0423,,1.0,
CABD4C9C815,CC028ABF9C6,salting-out confined ion gel,anti-freezing organohydrogel design,gel_microstructure,gel_microstructure,2026.0,,,iTE_only,P0423,,2.0,
CB314592CFB,CC028ABF9C6,precipitation and species redistribution,anti-freezing organohydrogel design,phase_or_species_transition,gel_microstructure,2026.0,,,iTE_only,P0423,,1.0,
CB314592CFB,CF652A991A2,precipitation and species redistribution,salting-out,phase_or_species_transition,phase_or_species_transition,2026.0,,,iTE_only,P0423,,1.0,
CBFAB31D6E6,CD486BA800F,electrostatic interaction,host-guest complexation,solvation_entropy,solvation_entropy,2026.0,,,iTE_only,P0422,,1.0,
CBFAB31D6E6,CE6FC512ED2,electrostatic interaction,dynamic crosslinked gel network,solvation_entropy,gel_microstructure,2026.0,,,iTE_only,P0422,,1.0,
CC028ABF9C6,CF4A6A0344F,anti-freezing organohydrogel design,ion migration,gel_microstructure,transport_mechanism,2026.0,,,iTE_only,P0535,,2.0,
CC028ABF9C6,CF652A991A2,anti-freezing organohydrogel design,salting-out,gel_microstructure,phase_or_species_transition,2026.0,,,iTE_only,P0423,,2.0,
CD486BA800F,CE6FC512ED2,host-guest complexation,dynamic crosslinked gel network,solvation_entropy,gel_microstructure,2026.0,,,iTE_only,P0422,,1.0,
CEA29EF1A99,CFBB5A400A1,thermal-gradient heat-transfer control,cation-anion thermodiffusion asymmetry,device_mechanism,transport_mechanism,2026.0,,,iTE_only,P0888,,1.0,
CF203EF8121,CF4A6A0344F,Eastman entropy of transfer,ion migration,solvation_entropy,transport_mechanism,2026.0,,,iTE_only,P0438,,1.0,
C3002C089A5,C8AD5B453CC,ionic thermodiffusion (Soret effect),ion diffusion,transport_mechanism,transport_mechanism,1999.0,2021.0,22.0,iTE_then_TG,P1303,P0297,14.0,3.0
C08389FD6C6,C8AD5B453CC,moisture-gradient ion transport,ion diffusion,transport_mechanism,transport_mechanism,2014.0,2021.0,7.0,iTE_then_TG,P1320,P0297,5.0,2.0
C3002C089A5,CFBB5A400A1,ionic thermodiffusion (Soret effect),cation-anion thermodiffusion asymmetry,transport_mechanism,transport_mechanism,2016.0,2021.0,5.0,iTE_then_TG,P0447,P0201,41.0,16.0
C10C4FF4B6C,C7932B1CE8C,hydrogen bonding,chaotropic polymer-water disruption,solvation_entropy,gel_microstructure,2019.0,2021.0,2.0,iTE_then_TG,P0644,P0182,32.0,10.0
C10C4FF4B6C,CC028ABF9C6,hydrogen bonding,anti-freezing organohydrogel design,solvation_entropy,gel_microstructure,2019.0,2021.0,2.0,iTE_then_TG,P0644,P0182,12.0,8.0
C7932B1CE8C,CC028ABF9C6,chaotropic polymer-water disruption,anti-freezing organohydrogel design,gel_microstructure,gel_microstructure,2019.0,2021.0,2.0,iTE_then_TG,P0644,P0182,7.0,5.0
C10C4FF4B6C,CE6FC512ED2,hydrogen bonding,dynamic crosslinked gel network,solvation_entropy,gel_microstructure,2019.0,2022.0,3.0,iTE_then_TG,P0644,P0057,11.0,1.0
C08389FD6C6,C188B56F6F1,moisture-gradient ion transport,ion-selectivity membrane transport,transport_mechanism,transport_mechanism,2017.0,2023.0,6.0,iTE_then_TG,P0444,P0177,10.0,1.0
C08389FD6C6,C78D65254F9,moisture-gradient ion transport,phase transition,transport_mechanism,phase_or_species_transition,2019.0,2023.0,4.0,iTE_then_TG,P1827,P0193,2.0,2.0
C78D65254F9,CA8C62A4868,phase transition,redox reaction entropy,phase_or_species_transition,solvation_entropy,2020.0,2023.0,3.0,iTE_then_TG,P0633,P0212,2.0,2.0
C46747A02A1,C872881EC3C,ion-pairing and complexation,gel-confined redox transport,solvation_entropy,gel_microstructure,2021.0,2023.0,2.0,iTE_then_TG,P0568,P0193,8.0,7.0
C10C4FF4B6C,C78D65254F9,hydrogen bonding,phase transition,solvation_entropy,phase_or_species_transition,2022.0,2023.0,1.0,iTE_then_TG,P0697,P0059,2.0,1.0
C3002C089A5,CE6FC512ED2,ionic thermodiffusion (Soret effect),dynamic crosslinked gel network,transport_mechanism,gel_microstructure,2022.0,2023.0,1.0,iTE_then_TG,P0609,P0180,10.0,1.0
C539540C36B,C96681C9193,nanochannel-confined ion transport,ion channels,transport_mechanism,transport_mechanism,2020.0,2024.0,4.0,iTE_then_TG,P1096,P0197,7.0,1.0
C78D65254F9,CB314592CFB,phase transition,precipitation and species redistribution,phase_or_species_transition,phase_or_species_transition,2021.0,2024.0,3.0,iTE_then_TG,P1493,P0053,1.0,1.0
C872881EC3C,CB314592CFB,gel-confined redox transport,precipitation and species redistribution,gel_microstructure,phase_or_species_transition,2021.0,2024.0,3.0,iTE_then_TG,P1493,P0053,1.0,1.0
C08389FD6C6,CC028ABF9C6,moisture-gradient ion transport,anti-freezing organohydrogel design,transport_mechanism,gel_microstructure,2022.0,2024.0,2.0,iTE_then_TG,P0559,P0166,7.0,1.0
C3002C089A5,C46747A02A1,ionic thermodiffusion (Soret effect),ion-pairing and complexation,transport_mechanism,solvation_entropy,2022.0,2024.0,2.0,iTE_then_TG,P0609,P0137,13.0,3.0
C872881EC3C,CA8C62A4868,gel-confined redox transport,redox reaction entropy,gel_microstructure,solvation_entropy,2022.0,2024.0,2.0,iTE_then_TG,P0981,P0166,5.0,6.0
C08389FD6C6,C10C4FF4B6C,moisture-gradient ion transport,hydrogen bonding,transport_mechanism,solvation_entropy,2023.0,2024.0,1.0,iTE_then_TG,P0611,P0166,8.0,2.0
C08389FD6C6,CA8C62A4868,moisture-gradient ion transport,redox reaction entropy,transport_mechanism,solvation_entropy,2023.0,2024.0,1.0,iTE_then_TG,P0537,P0166,2.0,2.0
C46747A02A1,CB25BC3FC14,ion-pairing and complexation,double/interpenetrating network,solvation_entropy,gel_microstructure,2023.0,2024.0,1.0,iTE_then_TG,P0379,P0167,2.0,2.0
C46747A02A1,CC028ABF9C6,ion-pairing and complexation,anti-freezing organohydrogel design,solvation_entropy,gel_microstructure,2023.0,2024.0,1.0,iTE_then_TG,P0931,P0040,4.0,2.0
C46747A02A1,CFBB5A400A1,ion-pairing and complexation,cation-anion thermodiffusion asymmetry,solvation_entropy,transport_mechanism,2023.0,2024.0,1.0,iTE_then_TG,P0379,P0137,6.0,1.0
C78D65254F9,CB25BC3FC14,phase transition,double/interpenetrating network,phase_or_species_transition,gel_microstructure,2023.0,2024.0,1.0,iTE_then_TG,P0381,P0167,1.0,1.0
C3002C089A5,CF4A6A0344F,ionic thermodiffusion (Soret effect),ion migration,transport_mechanism,transport_mechanism,2010.0,2025.0,15.0,iTE_then_TG,P1700,P0030,11.0,2.0
CC028ABF9C6,CE6FC512ED2,anti-freezing organohydrogel design,dynamic crosslinked gel network,gel_microstructure,gel_microstructure,2019.0,2025.0,6.0,iTE_then_TG,P0644,P0246,9.0,1.0
CF4A6A0344F,CFBB5A400A1,ion migration,cation-anion thermodiffusion asymmetry,transport_mechanism,transport_mechanism,2021.0,2025.0,4.0,iTE_then_TG,P0645,P0030,2.0,1.0
C17A556FB4A,CB25BC3FC14,double-network hydrogel mechanics,double/interpenetrating network,gel_microstructure,gel_microstructure,2022.0,2025.0,3.0,iTE_then_TG,P0919,P0188,4.0,2.0
C17A556FB4A,CE6FC512ED2,double-network hydrogel mechanics,dynamic crosslinked gel network,gel_microstructure,gel_microstructure,2022.0,2025.0,3.0,iTE_then_TG,P0919,P0188,4.0,2.0
CB25BC3FC14,CC028ABF9C6,double/interpenetrating network,anti-freezing organohydrogel design,gel_microstructure,gel_microstructure,2022.0,2025.0,3.0,iTE_then_TG,P0919,P0013,3.0,2.0
C08389FD6C6,C7932B1CE8C,moisture-gradient ion transport,chaotropic polymer-water disruption,transport_mechanism,gel_microstructure,2023.0,2025.0,2.0,iTE_then_TG,P0611,P0017,7.0,1.0
C3002C089A5,CBFAB31D6E6,ionic thermodiffusion (Soret effect),electrostatic interaction,transport_mechanism,solvation_entropy,2023.0,2025.0,2.0,iTE_then_TG,P0374,P0014,2.0,1.0
C46747A02A1,CF4A6A0344F,ion-pairing and complexation,ion migration,solvation_entropy,transport_mechanism,2024.0,2025.0,1.0,iTE_then_TG,P0355,P0142,3.0,1.0
C78D65254F9,CAA2101509C,phase transition,solid-liquid phase transition,phase_or_species_transition,phase_or_species_transition,2024.0,2025.0,1.0,iTE_then_TG,P0954,P0159,2.0,1.0
C08389FD6C6,CC3BA67827F,moisture-gradient ion transport,ionic-electronic coupling,transport_mechanism,transport_mechanism,2016.0,2026.0,10.0,iTE_then_TG,P0655,P0170,7.0,1.0
C188B56F6F1,C539540C36B,ion-selectivity membrane transport,nanochannel-confined ion transport,transport_mechanism,transport_mechanism,2018.0,2026.0,8.0,iTE_then_TG,P0640,P0174,14.0,1.0
C45C8AAD12E,C78D65254F9,charge-transfer resistance engineering,phase transition,electrode_interface,phase_or_species_transition,2019.0,2026.0,7.0,iTE_then_TG,P1822,P0255,3.0,1.0
C188B56F6F1,C8AD5B453CC,ion-selectivity membrane transport,ion diffusion,transport_mechanism,transport_mechanism,2020.0,2026.0,6.0,iTE_then_TG,P1096,P0174,4.0,1.0
C539540C36B,C8AD5B453CC,nanochannel-confined ion transport,ion diffusion,transport_mechanism,transport_mechanism,2020.0,2026.0,6.0,iTE_then_TG,P1096,P0174,3.0,1.0
C188B56F6F1,CF69DD93A68,ion-selectivity membrane transport,selective ion transport,transport_mechanism,transport_mechanism,2021.0,2026.0,5.0,iTE_then_TG,P0608,P0249,12.0,1.0
C3002C089A5,CC3BA67827F,ionic thermodiffusion (Soret effect),ionic-electronic coupling,transport_mechanism,transport_mechanism,2021.0,2026.0,5.0,iTE_then_TG,P0645,P0170,10.0,1.0
C45C8AAD12E,C46747A02A1,charge-transfer resistance engineering,ion-pairing and complexation,electrode_interface,solvation_entropy,2021.0,2026.0,5.0,iTE_then_TG,P1810,P0083,1.0,1.0
C46747A02A1,CE4B0E242E7,ion-pairing and complexation,interfacial charge transfer,solvation_entropy,electrode_interface,2021.0,2026.0,5.0,iTE_then_TG,P1810,P0083,2.0,1.0
C8AD5B453CC,CC3BA67827F,ion diffusion,ionic-electronic coupling,transport_mechanism,transport_mechanism,2021.0,2026.0,5.0,iTE_then_TG,P0645,P0170,3.0,1.0
CC3BA67827F,CFBB5A400A1,ionic-electronic coupling,cation-anion thermodiffusion asymmetry,transport_mechanism,transport_mechanism,2021.0,2026.0,5.0,iTE_then_TG,P0645,P0170,3.0,1.0
C3002C089A5,C45C8AAD12E,ionic thermodiffusion (Soret effect),charge-transfer resistance engineering,transport_mechanism,electrode_interface,2022.0,2026.0,4.0,iTE_then_TG,P1542,P0165,2.0,2.0
C3002C089A5,CE4B0E242E7,ionic thermodiffusion (Soret effect),interfacial charge transfer,transport_mechanism,electrode_interface,2022.0,2026.0,4.0,iTE_then_TG,P1542,P0175,3.0,1.0
C46747A02A1,CE6FC512ED2,ion-pairing and complexation,dynamic crosslinked gel network,solvation_entropy,gel_microstructure,2022.0,2026.0,4.0,iTE_then_TG,P0609,P0083,5.0,1.0
C08389FD6C6,C3C17DDE1C9,moisture-gradient ion transport,Gutmann-donor ionic-cluster thermodiffusion,transport_mechanism,transport_mechanism,2023.0,2026.0,3.0,iTE_then_TG,P0537,P0176,2.0,1.0
C08389FD6C6,C46A965349B,moisture-gradient ion transport,anion transport,transport_mechanism,transport_mechanism,2023.0,2026.0,3.0,iTE_then_TG,P0537,P0084,1.0,1.0
C3002C089A5,C539540C36B,ionic thermodiffusion (Soret effect),nanochannel-confined ion transport,transport_mechanism,transport_mechanism,2023.0,2026.0,3.0,iTE_then_TG,P0564,P0174,11.0,1.0
C41DA9D5B12,C45C8AAD12E,convection-resolved resistance decomposition,charge-transfer resistance engineering,transport_mechanism,electrode_interface,2023.0,2026.0,3.0,iTE_then_TG,P1190,P0253,4.0,1.0
C41DA9D5B12,CE4B0E242E7,convection-resolved resistance decomposition,interfacial charge transfer,transport_mechanism,electrode_interface,2023.0,2026.0,3.0,iTE_then_TG,P1190,P0253,4.0,1.0
C46A965349B,CA8C62A4868,anion transport,redox reaction entropy,transport_mechanism,solvation_entropy,2023.0,2026.0,3.0,iTE_then_TG,P0537,P0084,2.0,1.0
C3002C089A5,CC028ABF9C6,ionic thermodiffusion (Soret effect),anti-freezing organohydrogel design,transport_mechanism,gel_microstructure,2024.0,2026.0,2.0,iTE_then_TG,P0408,P0175,5.0,1.0
C78D65254F9,CB56BB4DDB0,phase transition,carbon-electrode redox interface,phase_or_species_transition,electrode_interface,2024.0,2026.0,2.0,iTE_then_TG,P1921,P0255,1.0,1.0
C188B56F6F1,C872881EC3C,ion-selectivity membrane transport,gel-confined redox transport,transport_mechanism,gel_microstructure,2025.0,2026.0,1.0,iTE_then_TG,P0364,P0249,3.0,1.0
C46A965349B,C872881EC3C,anion transport,gel-confined redox transport,transport_mechanism,gel_microstructure,2025.0,2026.0,1.0,iTE_then_TG,P0367,P0084,1.0,1.0
C539540C36B,CFBB5A400A1,nanochannel-confined ion transport,cation-anion thermodiffusion asymmetry,transport_mechanism,transport_mechanism,2025.0,2026.0,1.0,iTE_then_TG,P0347,P0174,3.0,1.0
C872881EC3C,CE4B0E242E7,gel-confined redox transport,interfacial charge transfer,gel_microstructure,electrode_interface,2025.0,2026.0,1.0,iTE_then_TG,P0342,P0083,1.0,1.0
CE4B0E242E7,CE6FC512ED2,interfacial charge transfer,dynamic crosslinked gel network,electrode_interface,gel_microstructure,2025.0,2026.0,1.0,iTE_then_TG,P0342,P0083,1.0,1.0
CE4B0E242E7,CFBB5A400A1,interfacial charge transfer,cation-anion thermodiffusion asymmetry,electrode_interface,transport_mechanism,2025.0,2026.0,1.0,iTE_then_TG,P0342,P0175,2.0,1.0
C3002C089A5,CA8C62A4868,ionic thermodiffusion (Soret effect),redox reaction entropy,transport_mechanism,solvation_entropy,2018.0,2018.0,0.0,same_year,P0224,P0224,3.0,5.0
C3002C089A5,CF203EF8121,ionic thermodiffusion (Soret effect),Eastman entropy of transfer,transport_mechanism,solvation_entropy,2018.0,2018.0,0.0,same_year,P0224,P0224,7.0,1.0
C5E47CC0A62,C7932B1CE8C,Hofmeister/chaotropic effect,chaotropic polymer-water disruption,gel_microstructure,gel_microstructure,2018.0,2018.0,0.0,same_year,P0090,P0090,6.0,5.0
C5E47CC0A62,CA8C62A4868,Hofmeister/chaotropic effect,redox reaction entropy,gel_microstructure,solvation_entropy,2018.0,2018.0,0.0,same_year,P0090,P0090,1.0,1.0
C7932B1CE8C,CA8C62A4868,chaotropic polymer-water disruption,redox reaction entropy,gel_microstructure,solvation_entropy,2018.0,2018.0,0.0,same_year,P0090,P0090,2.0,1.0
CA8C62A4868,CF203EF8121,redox reaction entropy,Eastman entropy of transfer,solvation_entropy,solvation_entropy,2018.0,2018.0,0.0,same_year,P0224,P0224,5.0,1.0
C08389FD6C6,CFBB5A400A1,moisture-gradient ion transport,cation-anion thermodiffusion asymmetry,transport_mechanism,transport_mechanism,2021.0,2021.0,0.0,same_year,P0297,P0297,6.0,2.0
C10C4FF4B6C,C10D3798CF7,hydrogen bonding,selective solvation,solvation_entropy,solvation_entropy,2021.0,2021.0,0.0,same_year,P0182,P0182,2.0,3.0
C10C4FF4B6C,C5E47CC0A62,hydrogen bonding,Hofmeister/chaotropic effect,solvation_entropy,gel_microstructure,2021.0,2021.0,0.0,same_year,P0182,P0182,5.0,3.0
C10D3798CF7,C5E47CC0A62,selective solvation,Hofmeister/chaotropic effect,solvation_entropy,gel_microstructure,2021.0,2021.0,0.0,same_year,P0182,P0182,1.0,1.0
C10D3798CF7,C7932B1CE8C,selective solvation,chaotropic polymer-water disruption,solvation_entropy,gel_microstructure,2021.0,2021.0,0.0,same_year,P0182,P0182,2.0,2.0
C10D3798CF7,CC028ABF9C6,selective solvation,anti-freezing organohydrogel design,solvation_entropy,gel_microstructure,2021.0,2021.0,0.0,same_year,P0182,P0182,1.0,3.0
C5E47CC0A62,CC028ABF9C6,Hofmeister/chaotropic effect,anti-freezing organohydrogel design,gel_microstructure,gel_microstructure,2021.0,2021.0,0.0,same_year,P0182,P0182,6.0,2.0
C8AD5B453CC,CFBB5A400A1,ion diffusion,cation-anion thermodiffusion asymmetry,transport_mechanism,transport_mechanism,2021.0,2021.0,0.0,same_year,P0297,P0297,6.0,3.0
CA8C62A4868,CFBB5A400A1,redox reaction entropy,cation-anion thermodiffusion asymmetry,solvation_entropy,transport_mechanism,2021.0,2021.0,0.0,same_year,P0201,P0201,2.0,3.0
C10C4FF4B6C,C3002C089A5,hydrogen bonding,ionic thermodiffusion (Soret effect),solvation_entropy,transport_mechanism,2022.0,2022.0,0.0,same_year,P0578,P0310,7.0,1.0
C3002C089A5,C7932B1CE8C,ionic thermodiffusion (Soret effect),chaotropic polymer-water disruption,transport_mechanism,gel_microstructure,2022.0,2022.0,0.0,same_year,P0578,P0310,6.0,1.0
C3002C089A5,CB56BB4DDB0,ionic thermodiffusion (Soret effect),carbon-electrode redox interface,transport_mechanism,electrode_interface,2022.0,2022.0,0.0,same_year,P0220,P0220,1.0,2.0
C45C8AAD12E,C5E63317596,charge-transfer resistance engineering,hierarchical porous electrode interface,electrode_interface,electrode_interface,2022.0,2022.0,0.0,same_year,P0169,P0169,1.0,1.0
C45C8AAD12E,CF2C5201A37,charge-transfer resistance engineering,porous-electrode area enhancement,electrode_interface,electrode_interface,2022.0,2022.0,0.0,same_year,P0169,P0169,1.0,3.0
C5E63317596,CE4B0E242E7,hierarchical porous electrode interface,interfacial charge transfer,electrode_interface,electrode_interface,2022.0,2022.0,0.0,same_year,P0169,P0169,1.0,1.0
C872881EC3C,CE6FC512ED2,gel-confined redox transport,dynamic crosslinked gel network,gel_microstructure,gel_microstructure,2022.0,2022.0,0.0,same_year,P0047,P0047,9.0,8.0
CB25BC3FC14,CE6FC512ED2,double/interpenetrating network,dynamic crosslinked gel network,gel_microstructure,gel_microstructure,2022.0,2022.0,0.0,same_year,P0558,P0057,13.0,6.0
CE4B0E242E7,CF2C5201A37,interfacial charge transfer,porous-electrode area enhancement,electrode_interface,electrode_interface,2022.0,2022.0,0.0,same_year,P0169,P0169,1.0,1.0
C08389FD6C6,C46747A02A1,moisture-gradient ion transport,ion-pairing and complexation,transport_mechanism,solvation_entropy,2023.0,2023.0,0.0,same_year,P0537,P0193,3.0,2.0
C3002C089A5,C78D65254F9,ionic thermodiffusion (Soret effect),phase transition,transport_mechanism,phase_or_species_transition,2023.0,2023.0,0.0,same_year,P0381,P0212,3.0,2.0
C3002C089A5,C872881EC3C,ionic thermodiffusion (Soret effect),gel-confined redox transport,transport_mechanism,gel_microstructure,2023.0,2023.0,0.0,same_year,P0180,P0043,13.0,5.0
C3002C089A5,CB25BC3FC14,ionic thermodiffusion (Soret effect),double/interpenetrating network,transport_mechanism,gel_microstructure,2023.0,2023.0,0.0,same_year,P0180,P0043,7.0,2.0
C872881EC3C,CB25BC3FC14,gel-confined redox transport,double/interpenetrating network,gel_microstructure,gel_microstructure,2023.0,2023.0,0.0,same_year,P0180,P0043,7.0,6.0
C872881EC3C,CFBB5A400A1,gel-confined redox transport,cation-anion thermodiffusion asymmetry,gel_microstructure,transport_mechanism,2023.0,2023.0,0.0,same_year,P0180,P0043,5.0,3.0
CB25BC3FC14,CFBB5A400A1,double/interpenetrating network,cation-anion thermodiffusion asymmetry,gel_microstructure,transport_mechanism,2023.0,2023.0,0.0,same_year,P0180,P0043,4.0,2.0
CE6FC512ED2,CFBB5A400A1,dynamic crosslinked gel network,cation-anion thermodiffusion asymmetry,gel_microstructure,transport_mechanism,2023.0,2023.0,0.0,same_year,P0180,P0180,5.0,1.0
C10D3798CF7,CC022D91D01,selective solvation,solvation entropy,solvation_entropy,solvation_entropy,2024.0,2024.0,0.0,same_year,P0275,P0166,4.0,9.0
C188B56F6F1,C3002C089A5,ion-selectivity membrane transport,ionic thermodiffusion (Soret effect),transport_mechanism,transport_mechanism,2024.0,2024.0,0.0,same_year,P0137,P0137,10.0,2.0
C188B56F6F1,CFBB5A400A1,ion-selectivity membrane transport,cation-anion thermodiffusion asymmetry,transport_mechanism,transport_mechanism,2024.0,2024.0,0.0,same_year,P0137,P0137,5.0,2.0
C23B9BED21A,CC028ABF9C6,ionic conduction,anti-freezing organohydrogel design,transport_mechanism,gel_microstructure,2024.0,2024.0,0.0,same_year,P1780,P0004,3.0,1.0
C46747A02A1,C539540C36B,ion-pairing and complexation,nanochannel-confined ion transport,solvation_entropy,transport_mechanism,2024.0,2024.0,0.0,same_year,P0197,P0197,2.0,1.0
C46747A02A1,C96681C9193,ion-pairing and complexation,ion channels,solvation_entropy,transport_mechanism,2024.0,2024.0,0.0,same_year,P0197,P0197,1.0,1.0
C539540C36B,C872881EC3C,nanochannel-confined ion transport,gel-confined redox transport,transport_mechanism,gel_microstructure,2024.0,2024.0,0.0,same_year,P0197,P0027,3.0,2.0
C5CA44ABCFC,CA8C62A4868,redox-solvation hybrid entropy,redox reaction entropy,solvation_entropy,solvation_entropy,2024.0,2024.0,0.0,same_year,P0162,P0162,1.0,2.0
C5CA44ABCFC,CC022D91D01,redox-solvation hybrid entropy,solvation entropy,solvation_entropy,solvation_entropy,2024.0,2024.0,0.0,same_year,P0162,P0162,2.0,4.0
C872881EC3C,C96681C9193,gel-confined redox transport,ion channels,gel_microstructure,transport_mechanism,2024.0,2024.0,0.0,same_year,P0197,P0197,1.0,1.0
CA8C62A4868,CC022D91D01,redox reaction entropy,solvation entropy,solvation_entropy,solvation_entropy,2024.0,2024.0,0.0,same_year,P0162,P0162,2.0,5.0
CABD4C9C815,CF652A991A2,salting-out confined ion gel,salting-out,gel_microstructure,phase_or_species_transition,2024.0,2024.0,0.0,same_year,P0019,P0006,3.0,4.0
C08389FD6C6,CE6FC512ED2,moisture-gradient ion transport,dynamic crosslinked gel network,transport_mechanism,gel_microstructure,2025.0,2025.0,0.0,same_year,P0341,P0252,3.0,3.0
C0AD9C93101,C3002C089A5,crown-ether cation complexation,ionic thermodiffusion (Soret effect),solvation_entropy,transport_mechanism,2025.0,2025.0,0.0,same_year,P0342,P0030,1.0,1.0
C0AD9C93101,CFBB5A400A1,crown-ether cation complexation,cation-anion thermodiffusion asymmetry,solvation_entropy,transport_mechanism,2025.0,2025.0,0.0,same_year,P0342,P0030,1.0,1.0
C10C4FF4B6C,C41BE9B5F0E,hydrogen bonding,solvation-shell remodeling,solvation_entropy,solvation_entropy,2025.0,2025.0,0.0,same_year,P0139,P0139,1.0,1.0
C17A556FB4A,C872881EC3C,double-network hydrogel mechanics,gel-confined redox transport,gel_microstructure,gel_microstructure,2025.0,2025.0,0.0,same_year,P0188,P0188,2.0,2.0
C17A556FB4A,CA8C62A4868,double-network hydrogel mechanics,redox reaction entropy,gel_microstructure,solvation_entropy,2025.0,2025.0,0.0,same_year,P0188,P0188,1.0,1.0
C3002C089A5,CE2D00B183C,ionic thermodiffusion (Soret effect),redox-kinetics enhancement,transport_mechanism,electrode_interface,2025.0,2025.0,0.0,same_year,P0146,P0146,1.0,2.0
C41BE9B5F0E,C872881EC3C,solvation-shell remodeling,gel-confined redox transport,solvation_entropy,gel_microstructure,2025.0,2025.0,0.0,same_year,P0139,P0139,2.0,2.0
C46747A02A1,CC022D91D01,ion-pairing and complexation,solvation entropy,solvation_entropy,solvation_entropy,2025.0,2025.0,0.0,same_year,P0250,P0250,1.0,1.0
C555F4672C1,C720E904BA7,configurational-entropy modulation,hydration-shell regulation,phase_or_species_transition,solvation_entropy,2025.0,2025.0,0.0,same_year,P0020,P0020,1.0,1.0
C5E47CC0A62,C872881EC3C,Hofmeister/chaotropic effect,gel-confined redox transport,gel_microstructure,gel_microstructure,2025.0,2025.0,0.0,same_year,P0139,P0033,1.0,3.0
C6C09287FDB,CE2D00B183C,high-entropy redox/ion coupling,redox-kinetics enhancement,solvation_entropy,electrode_interface,2025.0,2025.0,0.0,same_year,P0146,P0146,2.0,1.0
C6C09287FDB,CFBB5A400A1,high-entropy redox/ion coupling,cation-anion thermodiffusion asymmetry,solvation_entropy,transport_mechanism,2025.0,2025.0,0.0,same_year,P0146,P0146,1.0,1.0
C78D65254F9,CFBB5A400A1,phase transition,cation-anion thermodiffusion asymmetry,phase_or_species_transition,transport_mechanism,2025.0,2025.0,0.0,same_year,P0339,P0273,1.0,1.0
C845F498233,C872881EC3C,ion-dipole interaction,gel-confined redox transport,solvation_entropy,gel_microstructure,2025.0,2025.0,0.0,same_year,P0367,P0011,2.0,1.0
C872881EC3C,CBFAB31D6E6,gel-confined redox transport,electrostatic interaction,gel_microstructure,solvation_entropy,2025.0,2025.0,0.0,same_year,P0367,P0011,1.0,1.0
C872881EC3C,CF4A6A0344F,gel-confined redox transport,ion migration,gel_microstructure,transport_mechanism,2025.0,2025.0,0.0,same_year,P0142,P0142,4.0,2.0
CA8C62A4868,CB25BC3FC14,redox reaction entropy,double/interpenetrating network,solvation_entropy,gel_microstructure,2025.0,2025.0,0.0,same_year,P0188,P0188,1.0,1.0
CA8C62A4868,CE2D00B183C,redox reaction entropy,redox-kinetics enhancement,solvation_entropy,electrode_interface,2025.0,2025.0,0.0,same_year,P0146,P0146,2.0,1.0
CA8C62A4868,CE6FC512ED2,redox reaction entropy,dynamic crosslinked gel network,solvation_entropy,gel_microstructure,2025.0,2025.0,0.0,same_year,P0188,P0188,1.0,2.0
CBFAB31D6E6,CFBB5A400A1,electrostatic interaction,cation-anion thermodiffusion asymmetry,solvation_entropy,transport_mechanism,2025.0,2025.0,0.0,same_year,P0367,P0014,2.0,1.0
CE2D00B183C,CFBB5A400A1,redox-kinetics enhancement,cation-anion thermodiffusion asymmetry,electrode_interface,transport_mechanism,2025.0,2025.0,0.0,same_year,P0146,P0146,1.0,1.0
C10D3798CF7,C555F4672C1,selective solvation,configurational-entropy modulation,solvation_entropy,phase_or_species_transition,2026.0,2026.0,0.0,same_year,P0078,P0078,1.0,1.0
C10D3798CF7,CF4A6A0344F,selective solvation,ion migration,solvation_entropy,transport_mechanism,2026.0,2026.0,0.0,same_year,P0078,P0078,1.0,1.0
C41BE9B5F0E,C555F4672C1,solvation-shell remodeling,configurational-entropy modulation,solvation_entropy,phase_or_species_transition,2026.0,2026.0,0.0,same_year,P0078,P0078,1.0,1.0
C41BE9B5F0E,C6C09287FDB,solvation-shell remodeling,high-entropy redox/ion coupling,solvation_entropy,solvation_entropy,2026.0,2026.0,0.0,same_year,P0251,P0251,1.0,1.0
C41BE9B5F0E,CF4A6A0344F,solvation-shell remodeling,ion migration,solvation_entropy,transport_mechanism,2026.0,2026.0,0.0,same_year,P0078,P0078,1.0,1.0
C41DA9D5B12,CC5968B917E,convection-resolved resistance decomposition,convection and mass transport,transport_mechanism,transport_mechanism,2026.0,2026.0,0.0,same_year,P0253,P0253,1.0,1.0
C45C8AAD12E,CFBB5A400A1,charge-transfer resistance engineering,cation-anion thermodiffusion asymmetry,electrode_interface,transport_mechanism,2026.0,2026.0,0.0,same_year,P0175,P0175,1.0,1.0
C555F4672C1,C872881EC3C,configurational-entropy modulation,gel-confined redox transport,phase_or_species_transition,gel_microstructure,2026.0,2026.0,0.0,same_year,P0078,P0078,1.0,1.0
C555F4672C1,CF4A6A0344F,configurational-entropy modulation,ion migration,phase_or_species_transition,transport_mechanism,2026.0,2026.0,0.0,same_year,P0078,P0078,1.0,1.0
C7932B1CE8C,CC022D91D01,chaotropic polymer-water disruption,solvation entropy,gel_microstructure,solvation_entropy,2026.0,2026.0,0.0,same_year,P0264,P0264,1.0,1.0
C872881EC3C,CF69DD93A68,gel-confined redox transport,selective ion transport,gel_microstructure,transport_mechanism,2026.0,2026.0,0.0,same_year,P0249,P0249,2.0,1.0
CC028ABF9C6,CFBB5A400A1,anti-freezing organohydrogel design,cation-anion thermodiffusion asymmetry,gel_microstructure,transport_mechanism,2026.0,2026.0,0.0,same_year,P0175,P0175,1.0,1.0
CC5968B917E,CE4B0E242E7,convection and mass transport,interfacial charge transfer,transport_mechanism,electrode_interface,2026.0,2026.0,0.0,same_year,P0253,P0253,1.0,1.0
